timestamp,traffic
2024-01-01 00:00:00,41.98685998810017
2024-01-01 00:05:00,39.4469461713705
2024-01-01 00:10:00,42.59075752845801
2024-01-01 00:15:00,46.09212280168734
2024-01-01 00:20:00,39.063389877161896
2024-01-01 00:25:00,39.06345554825852
2024-01-01 00:30:00,46.316854638084806
2024-01-01 00:35:00,43.06974229266688
2024-01-01 00:40:00,38.12210583231544
2024-01-01 00:45:00,42.1702435503991
2024-01-01 00:50:00,38.146332604805394
2024-01-01 00:55:00,38.13708436177421
2024-01-01 01:00:00,40.96799263978591
2024-01-01 01:05:00,32.34702257489057
2024-01-01 01:10:00,33.10047222346964
2024-01-01 01:15:00,37.75099343655788
2024-01-01 01:20:00,35.94881907218407
2024-01-01 01:25:00,41.25713288390286
2024-01-01 01:30:00,36.36804725143692
2024-01-01 01:35:00,34.3509287481806
2024-01-01 01:40:00,45.86273862920798
2024-01-01 01:45:00,39.09703835157563
2024-01-01 01:50:00,40.270256372273465
2024-01-01 01:55:00,34.30115080866794
2024-01-01 02:00:00,37.82617139602186
2024-01-01 02:05:00,40.44739265296206
2024-01-01 02:10:00,35.39972798443338
2024-01-01 02:15:00,41.50649436750528
2024-01-01 02:20:00,37.60114753444738
2024-01-01 02:25:00,38.83692729494949
2024-01-01 02:30:00,37.59687584520501
2024-01-01 02:35:00,47.41281503215835
2024-01-01 02:40:00,39.94971339517086
2024-01-01 02:45:00,35.772858578298994
2024-01-01 02:50:00,43.29388194253535
2024-01-01 02:55:00,35.12032769423851
2024-01-01 03:00:00,40.89336800410585
2024-01-01 03:05:00,32.21923312856773
2024-01-01 03:10:00,34.74516942849311
2024-01-01 03:15:00,40.84535856756332
2024-01-01 03:20:00,43.01177994406847
2024-01-01 03:25:00,40.74338674884671
2024-01-01 03:30:00,39.595320494533865
2024-01-01 03:35:00,38.85349884172968
2024-01-01 03:40:00,34.14382566261712
2024-01-01 03:45:00,37.178536790508
2024-01-01 03:50:00,38.21535854024768
2024-01-01 03:55:00,44.28640252896249
2024-01-01 04:00:00,41.92394232493587
2024-01-01 04:05:00,33.49730854521109
2024-01-01 04:10:00,41.84580504424121
2024-01-01 04:15:00,39.00914004499676
2024-01-01 04:20:00,37.84178116543819
2024-01-01 04:25:00,42.9961743220255
2024-01-01 04:30:00,44.67346725664584
2024-01-01 04:35:00,44.27458964312682
2024-01-01 04:40:00,37.19259907377148
2024-01-01 04:45:00,39.31261966325717
2024-01-01 04:50:00,41.87452289227628
2024-01-01 04:55:00,44.451649675151465
2024-01-01 05:00:00,41.24527978547478
2024-01-01 05:05:00,42.419340830200674
2024-01-01 05:10:00,38.73663684083183
2024-01-01 05:15:00,38.37715024053325
2024-01-01 05:20:00,46.41208002643273
2024-01-01 05:25:00,48.58693685113924
2024-01-01 05:30:00,42.873936250534605
2024-01-01 05:35:00,47.17610832842404
2024-01-01 05:40:00,44.60852083704648
2024-01-01 05:45:00,40.58149771843544
2024-01-01 05:50:00,44.60755915888959
2024-01-01 05:55:00,49.31412300271982
2024-01-01 06:00:00,50.89307907870528
2024-01-01 06:05:00,57.29495785840111
2024-01-01 06:10:00,40.55740281878611
2024-01-01 06:15:00,54.323993252645984
2024-01-01 06:20:00,51.38457150809777
2024-01-01 06:25:00,49.84035383328162
2024-01-01 06:30:00,51.40342634128709
2024-01-01 06:35:00,43.08610757674152
2024-01-01 06:40:00,50.15769568379504
2024-01-01 06:45:00,52.46483352119208
2024-01-01 06:50:00,56.94795941411115
2024-01-01 06:55:00,48.9633023620505
2024-01-01 07:00:00,60.13004908091659
2024-01-01 07:05:00,61.3569953181512
2024-01-01 07:10:00,67.02563196329764
2024-01-01 07:15:00,64.67902793112808
2024-01-01 07:20:00,61.24498267742119
2024-01-01 07:25:00,65.41709322494278
2024-01-01 07:30:00,63.7523336898815
2024-01-01 07:35:00,67.2386034546209
2024-01-01 07:40:00,60.55581111697994
2024-01-01 07:45:00,62.05337490609827
2024-01-01 07:50:00,61.79559087996071
2024-01-01 07:55:00,57.50996369996087
2024-01-01 08:00:00,71.18448114838901
2024-01-01 08:05:00,71.04422112885025
2024-01-01 08:10:00,70.02045386670055
2024-01-01 08:15:00,69.06165150663011
2024-01-01 08:20:00,64.33851707192905
2024-01-01 08:25:00,68.31741874906926
2024-01-01 08:30:00,68.62914197402363
2024-01-01 08:35:00,66.79089096324422
2024-01-01 08:40:00,69.35485719346667
2024-01-01 08:45:00,71.61620346738886
2024-01-01 08:50:00,77.54474364497283
2024-01-01 08:55:00,70.69831129145805
2024-01-01 09:00:00,64.39422786841257
2024-01-01 09:05:00,63.06624264245684
2024-01-01 09:10:00,55.688941444325344
2024-01-01 09:15:00,63.257970803724646
2024-01-01 09:20:00,63.60494714528562
2024-01-01 09:25:00,73.21699475546265
2024-01-01 09:30:00,62.59458244639702
2024-01-01 09:35:00,64.57021567485596
2024-01-01 09:40:00,63.22517922670054
2024-01-01 09:45:00,58.68931415504338
2024-01-01 09:50:00,67.93531756358159
2024-01-01 09:55:00,66.3717584362686
2024-01-01 10:00:00,54.20063065125026
2024-01-01 10:05:00,47.39895304389911
2024-01-01 10:10:00,56.64768010682246
2024-01-01 10:15:00,45.42909861190895
2024-01-01 10:20:00,53.38393123827915
2024-01-01 10:25:00,59.79832536631798
2024-01-01 10:30:00,47.07435756255531
2024-01-01 10:35:00,48.77131194466698
2024-01-01 10:40:00,51.43510832342864
2024-01-01 10:45:00,49.02260024661327
2024-01-01 10:50:00,44.83384913881354
2024-01-01 10:55:00,51.31075476230218
2024-01-01 11:00:00,38.91584712705368
2024-01-01 11:05:00,45.05943170449883
2024-01-01 11:10:00,39.48736504502289
2024-01-01 11:15:00,49.36479960202826
2024-01-01 11:20:00,40.03204881261316
2024-01-01 11:25:00,41.8768159171354
2024-01-01 11:30:00,46.41913085143678
2024-01-01 11:35:00,38.24160471622229
2024-01-01 11:40:00,44.07490172037462
2024-01-01 11:45:00,48.39363299908781
2024-01-01 11:50:00,36.7351290437132
2024-01-01 11:55:00,43.90359741608732
2024-01-01 12:00:00,41.63726169706141
2024-01-01 12:05:00,43.72502200717696
2024-01-01 12:10:00,35.64992767655539
2024-01-01 12:15:00,35.315904067730614
2024-01-01 12:20:00,42.68549678253531
2024-01-01 12:25:00,41.78566921300047
2024-01-01 12:30:00,41.59970192145123
2024-01-01 12:35:00,41.98352335805562
2024-01-01 12:40:00,37.87763163375376
2024-01-01 12:45:00,41.52674530871173
2024-01-01 12:50:00,41.77002041326244
2024-01-01 12:55:00,37.74032484796225
2024-01-01 13:00:00,47.97890264088421
2024-01-01 13:05:00,42.41113627995233
2024-01-01 13:10:00,35.75059060749459
2024-01-01 13:15:00,43.1420190308405
2024-01-01 13:20:00,36.617077915395896
2024-01-01 13:25:00,43.66414301127499
2024-01-01 13:30:00,45.1501869123348
2024-01-01 13:35:00,37.23307532289834
2024-01-01 13:40:00,44.36930911328247
2024-01-01 13:45:00,42.166928304051176
2024-01-01 13:50:00,43.80404523628314
2024-01-01 13:55:00,48.10297652692097
2024-01-01 14:00:00,41.65713044415773
2024-01-01 14:05:00,39.62373825073925
2024-01-01 14:10:00,39.08062518966712
2024-01-01 14:15:00,39.375441768307454
2024-01-01 14:20:00,42.3302760705128
2024-01-01 14:25:00,44.00329080743578
2024-01-01 14:30:00,43.745446105489286
2024-01-01 14:35:00,45.9474159043133
2024-01-01 14:40:00,42.69069047568084
2024-01-01 14:45:00,48.45281921679848
2024-01-01 14:50:00,41.580055575217386
2024-01-01 14:55:00,53.51935957452768
2024-01-01 15:00:00,51.69979897386785
2024-01-01 15:05:00,45.76849935714269
2024-01-01 15:10:00,44.91355959056337
2024-01-01 15:15:00,51.127019243780566
2024-01-01 15:20:00,48.303278441504425
2024-01-01 15:25:00,52.053131559176194
2024-01-01 15:30:00,51.090080081102
2024-01-01 15:35:00,48.90581393218034
2024-01-01 15:40:00,45.80995471053421
2024-01-01 15:45:00,43.13774068406437
2024-01-01 15:50:00,47.41106977453974
2024-01-01 15:55:00,52.62272476010172
2024-01-01 16:00:00,60.32639792936119
2024-01-01 16:05:00,54.48706783799241
2024-01-01 16:10:00,60.1627466562451
2024-01-01 16:15:00,61.01129247175572
2024-01-01 16:20:00,55.93459320803584
2024-01-01 16:25:00,60.08492337662248
2024-01-01 16:30:00,59.70285782662437
2024-01-01 16:35:00,54.89814176151788
2024-01-01 16:40:00,60.9011723942335
2024-01-01 16:45:00,61.7131610583133
2024-01-01 16:50:00,63.80222792554147
2024-01-01 16:55:00,63.68523116097998
2024-01-01 17:00:00,59.48932257632847
2024-01-01 17:05:00,61.24869988849635
2024-01-01 17:10:00,67.06014111699147
2024-01-01 17:15:00,67.05514385180567
2024-01-01 17:20:00,67.06019079338103
2024-01-01 17:25:00,80.41092601077573
2024-01-01 17:30:00,67.28356209092951
2024-01-01 17:35:00,69.54226260887923
2024-01-01 17:40:00,68.81600710212965
2024-01-01 17:45:00,67.60556505338003
2024-01-01 17:50:00,63.73892306959545
2024-01-01 17:55:00,68.0358769301299
2024-01-01 18:00:00,56.37871871905148
2024-01-01 18:05:00,58.52274515024173
2024-01-01 18:10:00,57.52856538588535
2024-01-01 18:15:00,59.797516134747056
2024-01-01 18:20:00,68.7286538438958
2024-01-01 18:25:00,52.00095880683477
2024-01-01 18:30:00,62.21506033869982
2024-01-01 18:35:00,53.01915609244316
2024-01-01 18:40:00,57.58229211404404
2024-01-01 18:45:00,63.82582196507124
2024-01-01 18:50:00,59.72713965358362
2024-01-01 18:55:00,55.159040465484544
2024-01-01 19:00:00,46.33577119224837
2024-01-01 19:05:00,51.91537702502695
2024-01-01 19:10:00,46.2755195024197
2024-01-01 19:15:00,50.06282038761615
2024-01-01 19:20:00,49.3792733889035
2024-01-01 19:25:00,46.59058463886498
2024-01-01 19:30:00,57.77276238658955
2024-01-01 19:35:00,51.73266211856029
2024-01-01 19:40:00,41.09641568265782
2024-01-01 19:45:00,49.94280328836596
2024-01-01 19:50:00,46.54984017021469
2024-01-01 19:55:00,52.60671936847314
2024-01-01 20:00:00,39.46489766031581
2024-01-01 20:05:00,42.17603484817902
2024-01-01 20:10:00,44.65492972996845
2024-01-01 20:15:00,46.09800139072711
2024-01-01 20:20:00,37.83379498582352
2024-01-01 20:25:00,41.296975670682826
2024-01-01 20:30:00,40.73519936940279
2024-01-01 20:35:00,40.02166368375177
2024-01-01 20:40:00,49.69679757517101
2024-01-01 20:45:00,44.25490745789044
2024-01-01 20:50:00,37.59144479670644
2024-01-01 20:55:00,46.30642840226572
2024-01-01 21:00:00,48.94651576026888
2024-01-01 21:05:00,44.58775201442294
2024-01-01 21:10:00,34.3804111084023
2024-01-01 21:15:00,38.52095468075335
2024-01-01 21:20:00,45.52553556896484
2024-01-01 21:25:00,37.62721310974323
2024-01-01 21:30:00,42.23316868480327
2024-01-01 21:35:00,43.556427185935696
2024-01-01 21:40:00,36.750169085906016
2024-01-01 21:45:00,40.21978954797115
2024-01-01 21:50:00,27.492821611942063
2024-01-01 21:55:00,36.36034040688119
2024-01-01 22:00:00,39.037988747833055
2024-01-01 22:05:00,35.0571286255463
2024-01-01 22:10:00,46.57790656913223
2024-01-01 22:15:00,34.32769584156316
2024-01-01 22:20:00,38.28808340661776
2024-01-01 22:25:00,40.57122366255006
2024-01-01 22:30:00,45.81335450967016
2024-01-01 22:35:00,34.30481274868794
2024-01-01 22:40:00,44.70091636202553
2024-01-01 22:45:00,40.08919359748404
2024-01-01 22:50:00,36.12222674921389
2024-01-01 22:55:00,41.89667525045878
2024-01-01 23:00:00,40.79932402739605
2024-01-01 23:05:00,37.60221773646699
2024-01-01 23:10:00,40.28229358506225
2024-01-01 23:15:00,38.46183085765513
2024-01-01 23:20:00,40.45715462610716
2024-01-01 23:25:00,42.65160794318636
2024-01-01 23:30:00,46.34715250968358
2024-01-01 23:35:00,35.05182324979477
2024-01-01 23:40:00,48.53521874372724
2024-01-01 23:45:00,32.19473404701216
2024-01-01 23:50:00,39.39594486495984
2024-01-01 23:55:00,42.35635407104048
2024-01-02 00:00:00,41.12397084699537
2024-01-02 00:05:00,37.50920529677286
2024-01-02 00:10:00,39.16751437462614
2024-01-02 00:15:00,38.02799963741991
2024-01-02 00:20:00,37.64254434827839
2024-01-02 00:25:00,43.39841176413934
2024-01-02 00:30:00,41.42806531991543
2024-01-02 00:35:00,37.22836499501263
2024-01-02 00:40:00,43.598402877788246
2024-01-02 00:45:00,41.22920145956168
2024-01-02 00:50:00,43.25145185141108
2024-01-02 00:55:00,42.51851874374969
2024-01-02 01:00:00,36.68416350983348
2024-01-02 01:05:00,37.75941939273389
2024-01-02 01:10:00,42.98931797401482
2024-01-02 01:15:00,42.44162461525563
2024-01-02 01:20:00,39.91653717766518
2024-01-02 01:25:00,40.46945308675689
2024-01-02 01:30:00,45.11080313667546
2024-01-02 01:35:00,37.63385799817845
2024-01-02 01:40:00,42.18853307820192
2024-01-02 01:45:00,39.19137294378619
2024-01-02 01:50:00,39.12941874061288
2024-01-02 01:55:00,44.39525096147052
2024-01-02 02:00:00,43.30536769007472
2024-01-02 02:05:00,43.25774083812515
2024-01-02 02:10:00,45.22561752273991
2024-01-02 02:15:00,40.08771766065363
2024-01-02 02:20:00,42.73151417930245
2024-01-02 02:25:00,38.76263526774877
2024-01-02 02:30:00,41.300367704076365
2024-01-02 02:35:00,39.48313007665186
2024-01-02 02:40:00,40.39168615409347
2024-01-02 02:45:00,42.38433039587025
2024-01-02 02:50:00,36.73081956118871
2024-01-02 02:55:00,48.37325139686444
2024-01-02 03:00:00,36.033844098088025
2024-01-02 03:05:00,35.2011591729359
2024-01-02 03:10:00,44.6903571180871
2024-01-02 03:15:00,43.22456439993857
2024-01-02 03:20:00,42.55439289229545
2024-01-02 03:25:00,42.57129566114395
2024-01-02 03:30:00,40.00892653269917
2024-01-02 03:35:00,36.46889613814351
2024-01-02 03:40:00,40.36113185686173
2024-01-02 03:45:00,37.349266778038384
2024-01-02 03:50:00,43.95839255775783
2024-01-02 03:55:00,39.46968409807828
2024-01-02 04:00:00,37.24748037949198
2024-01-02 04:05:00,39.26392580005005
2024-01-02 04:10:00,42.20119498376452
2024-01-02 04:15:00,38.29457095544613
2024-01-02 04:20:00,37.26058758439631
2024-01-02 04:25:00,41.52421801262968
2024-01-02 04:30:00,41.52933545109692
2024-01-02 04:35:00,38.52169646517751
2024-01-02 04:40:00,38.665315944188734
2024-01-02 04:45:00,41.477668916092576
2024-01-02 04:50:00,34.75713180067273
2024-01-02 04:55:00,34.919614069155806
2024-01-02 05:00:00,40.288199851846194
2024-01-02 05:05:00,42.30818813000855
2024-01-02 05:10:00,44.40560699924796
2024-01-02 05:15:00,49.06340160465415
2024-01-02 05:20:00,46.59261522966402
2024-01-02 05:25:00,42.52222261700224
2024-01-02 05:30:00,43.08591190524518
2024-01-02 05:35:00,39.15185927830471
2024-01-02 05:40:00,43.08792419288638
2024-01-02 05:45:00,42.00734218117539
2024-01-02 05:50:00,44.452850978208296
2024-01-02 05:55:00,39.85305296264665
2024-01-02 06:00:00,53.11376929210978
2024-01-02 06:05:00,57.1673388871554
2024-01-02 06:10:00,50.60134264131766
2024-01-02 06:15:00,52.64323012354085
2024-01-02 06:20:00,53.79695920198954
2024-01-02 06:25:00,49.43150134760175
2024-01-02 06:30:00,51.93275316238675
2024-01-02 06:35:00,51.08675283827227
2024-01-02 06:40:00,51.42708762934041
2024-01-02 06:45:00,47.94434409972322
2024-01-02 06:50:00,51.13442393218086
2024-01-02 06:55:00,53.02837640012689
2024-01-02 07:00:00,69.16859792366951
2024-01-02 07:05:00,67.20110679683017
2024-01-02 07:10:00,71.97675332253557
2024-01-02 07:15:00,60.294633240937145
2024-01-02 07:20:00,66.85330603937206
2024-01-02 07:25:00,64.09739151544275
2024-01-02 07:30:00,72.12323522536003
2024-01-02 07:35:00,60.13083035106874
2024-01-02 07:40:00,60.00513612376624
2024-01-02 07:45:00,60.96645291071326
2024-01-02 07:50:00,54.86844059525012
2024-01-02 07:55:00,61.2610034057663
2024-01-02 08:00:00,66.96346939391591
2024-01-02 08:05:00,70.60157518603553
2024-01-02 08:10:00,71.36702394323933
2024-01-02 08:15:00,77.50468339699424
2024-01-02 08:20:00,73.8016953928749
2024-01-02 08:25:00,67.69238541748109
2024-01-02 08:30:00,66.40634135473726
2024-01-02 08:35:00,71.96767672615672
2024-01-02 08:40:00,64.71906721204813
2024-01-02 08:45:00,77.32583510354812
2024-01-02 08:50:00,74.71776052301585
2024-01-02 08:55:00,68.12329743171188
2024-01-02 09:00:00,56.511488189158
2024-01-02 09:05:00,68.77951580218317
2024-01-02 09:10:00,62.90586692451104
2024-01-02 09:15:00,68.31529155341536
2024-01-02 09:20:00,56.98631567034404
2024-01-02 09:25:00,60.96652621370642
2024-01-02 09:30:00,63.38500110439425
2024-01-02 09:35:00,63.55194868058048
2024-01-02 09:40:00,61.56376441960454
2024-01-02 09:45:00,65.8554260349115
2024-01-02 09:50:00,59.09354458799113
2024-01-02 09:55:00,62.794508365436336
2024-01-02 10:00:00,51.51768538992567
2024-01-02 10:05:00,53.09425819931307
2024-01-02 10:10:00,53.88296237543363
2024-01-02 10:15:00,46.5379344957266
2024-01-02 10:20:00,44.90004618013558
2024-01-02 10:25:00,56.14721015067211
2024-01-02 10:30:00,52.36575891099643
2024-01-02 10:35:00,48.042556716851855
2024-01-02 10:40:00,57.24111076516816
2024-01-02 10:45:00,51.499201400249504
2024-01-02 10:50:00,55.75369159933338
2024-01-02 10:55:00,51.30657678871851
2024-01-02 11:00:00,51.40805368148605
2024-01-02 11:05:00,50.18642535173092
2024-01-02 11:10:00,42.16920538804181
2024-01-02 11:15:00,47.05134578577552
2024-01-02 11:20:00,45.746565780298695
2024-01-02 11:25:00,48.639588212087496
2024-01-02 11:30:00,39.305368139637686
2024-01-02 11:35:00,45.90926782195186
2024-01-02 11:40:00,47.39875992935646
2024-01-02 11:45:00,36.13010403626565
2024-01-02 11:50:00,38.432027931295
2024-01-02 11:55:00,35.0081332709177
2024-01-02 12:00:00,39.52010318228949
2024-01-02 12:05:00,43.46789954325157
2024-01-02 12:10:00,46.60715872845184
2024-01-02 12:15:00,40.89410964174682
2024-01-02 12:20:00,47.112192702352885
2024-01-02 12:25:00,35.077324687208154
2024-01-02 12:30:00,33.7842007626471
2024-01-02 12:35:00,40.37553972448124
2024-01-02 12:40:00,42.13399231582495
2024-01-02 12:45:00,40.46695152769135
2024-01-02 12:50:00,32.327962119908214
2024-01-02 12:55:00,40.241250362016565
2024-01-02 13:00:00,35.29792659428577
2024-01-02 13:05:00,43.19449479162533
2024-01-02 13:10:00,41.98219758069257
2024-01-02 13:15:00,36.75628545099576
2024-01-02 13:20:00,38.460336926958405
2024-01-02 13:25:00,36.278950508749375
2024-01-02 13:30:00,40.26508820721249
2024-01-02 13:35:00,44.33637387831013
2024-01-02 13:40:00,36.57290041096301
2024-01-02 13:45:00,42.53199065837656
2024-01-02 13:50:00,38.39477412281542
2024-01-02 13:55:00,37.34431326725581
2024-01-02 14:00:00,42.210561468350974
2024-01-02 14:05:00,38.49771361849172
2024-01-02 14:10:00,40.42408568678048
2024-01-02 14:15:00,37.84717133781381
2024-01-02 14:20:00,50.49758343983476
2024-01-02 14:25:00,42.779737116056126
2024-01-02 14:30:00,39.83978087619887
2024-01-02 14:35:00,43.4946025511061
2024-01-02 14:40:00,42.18937070940589
2024-01-02 14:45:00,41.75480451003632
2024-01-02 14:50:00,45.09534970834291
2024-01-02 14:55:00,45.66871374835843
2024-01-02 15:00:00,47.07512499236572
2024-01-02 15:05:00,46.89385662022911
2024-01-02 15:10:00,48.09692279420125
2024-01-02 15:15:00,39.98944492386549
2024-01-02 15:20:00,43.13636533401362
2024-01-02 15:25:00,54.66462665258592
2024-01-02 15:30:00,55.77700043681296
2024-01-02 15:35:00,48.20098542458231
2024-01-02 15:40:00,51.50335743503089
2024-01-02 15:45:00,50.44213020098197
2024-01-02 15:50:00,61.51265281662877
2024-01-02 15:55:00,53.675429228546136
2024-01-02 16:00:00,58.9583525869173
2024-01-02 16:05:00,55.64786119043866
2024-01-02 16:10:00,53.04423767181008
2024-01-02 16:15:00,60.28387749630926
2024-01-02 16:20:00,56.44461997170316
2024-01-02 16:25:00,53.78100811444967
2024-01-02 16:30:00,56.88373141587026
2024-01-02 16:35:00,55.143830938382784
2024-01-02 16:40:00,66.21858949313062
2024-01-02 16:45:00,62.99658198063817
2024-01-02 16:50:00,59.43813238757389
2024-01-02 16:55:00,65.38979950840047
2024-01-02 17:00:00,65.3094732787473
2024-01-02 17:05:00,61.55486324284378
2024-01-02 17:10:00,71.09249635723546
2024-01-02 17:15:00,67.15564022289547
2024-01-02 17:20:00,60.85101543085101
2024-01-02 17:25:00,64.2386453358224
2024-01-02 17:30:00,61.49752703461781
2024-01-02 17:35:00,59.46880112429949
2024-01-02 17:40:00,68.7047102382834
2024-01-02 17:45:00,72.63766661003736
2024-01-02 17:50:00,59.40572975288027
2024-01-02 17:55:00,67.25187699491912
2024-01-02 18:00:00,56.86744930071446
2024-01-02 18:05:00,57.521518042142986
2024-01-02 18:10:00,57.10044388024629
2024-01-02 18:15:00,56.0140564984825
2024-01-02 18:20:00,59.66410608898108
2024-01-02 18:25:00,56.14621911155761
2024-01-02 18:30:00,60.55184688032112
2024-01-02 18:35:00,59.26906713940522
2024-01-02 18:40:00,58.51422738973613
2024-01-02 18:45:00,55.839764929035375
2024-01-02 18:50:00,57.16293425492844
2024-01-02 18:55:00,62.49158448050479
2024-01-02 19:00:00,51.20065477978577
2024-01-02 19:05:00,45.28676505009404
2024-01-02 19:10:00,49.59431525100515
2024-01-02 19:15:00,52.2025345227754
2024-01-02 19:20:00,42.51936490480276
2024-01-02 19:25:00,51.37042679880799
2024-01-02 19:30:00,46.54649099350486
2024-01-02 19:35:00,51.47938070366089
2024-01-02 19:40:00,46.14394940311818
2024-01-02 19:45:00,41.97745762663017
2024-01-02 19:50:00,42.6868162777556
2024-01-02 19:55:00,49.38932581593377
2024-01-02 20:00:00,43.67387062093255
2024-01-02 20:05:00,39.01771411362898
2024-01-02 20:10:00,45.18935044915612
2024-01-02 20:15:00,35.98890036497078
2024-01-02 20:20:00,42.37066141945735
2024-01-02 20:25:00,37.7909158149968
2024-01-02 20:30:00,40.02763618283798
2024-01-02 20:35:00,42.82457529931227
2024-01-02 20:40:00,39.19332715291081
2024-01-02 20:45:00,41.09675843712732
2024-01-02 20:50:00,46.660151850904384
2024-01-02 20:55:00,40.327413135954025
2024-01-02 21:00:00,43.80065942047892
2024-01-02 21:05:00,35.93906355358788
2024-01-02 21:10:00,42.57710768387948
2024-01-02 21:15:00,46.22416545484995
2024-01-02 21:20:00,30.571312971709197
2024-01-02 21:25:00,37.27030995033645
2024-01-02 21:30:00,42.76617948094051
2024-01-02 21:35:00,39.64570942804638
2024-01-02 21:40:00,41.94247446570358
2024-01-02 21:45:00,38.041950225355066
2024-01-02 21:50:00,40.80425012210995
2024-01-02 21:55:00,39.83518203065003
2024-01-02 22:00:00,44.71938960004492
2024-01-02 22:05:00,41.06594472661055
2024-01-02 22:10:00,41.3986720017065
2024-01-02 22:15:00,38.40075348891583
2024-01-02 22:20:00,38.09783645711572
2024-01-02 22:25:00,38.31802860212721
2024-01-02 22:30:00,41.62606992291888
2024-01-02 22:35:00,38.36432343012464
2024-01-02 22:40:00,41.207360780991344
2024-01-02 22:45:00,48.34986454798745
2024-01-02 22:50:00,43.53276016713246
2024-01-02 22:55:00,38.744167224734326
2024-01-02 23:00:00,44.80794093375795
2024-01-02 23:05:00,38.37078375301597
2024-01-02 23:10:00,31.850587104390755
2024-01-02 23:15:00,35.97074000143255
2024-01-02 23:20:00,32.51991756099875
2024-01-02 23:25:00,38.59703130893693
2024-01-02 23:30:00,40.076758761860376
2024-01-02 23:35:00,46.7088344942033
2024-01-02 23:40:00,41.31079474015882
2024-01-02 23:45:00,39.12668312986671
2024-01-02 23:50:00,43.32070756983613
2024-01-02 23:55:00,31.15854400907063
2024-01-03 00:00:00,40.9424616084895
2024-01-03 00:05:00,43.08346415160311
2024-01-03 00:10:00,34.08565839293588
2024-01-03 00:15:00,44.57501954888296
2024-01-03 00:20:00,41.3539890060329
2024-01-03 00:25:00,38.338851720452034
2024-01-03 00:30:00,42.53113084048038
2024-01-03 00:35:00,49.08277480727283
2024-01-03 00:40:00,40.72746839628922
2024-01-03 00:45:00,40.99288572125658
2024-01-03 00:50:00,38.162559777894266
2024-01-03 00:55:00,36.60062589819607
2024-01-03 01:00:00,43.32148681969875
2024-01-03 01:05:00,36.5758082498863
2024-01-03 01:10:00,40.28640850239934
2024-01-03 01:15:00,38.0895137664613
2024-01-03 01:20:00,41.91606285650733
2024-01-03 01:25:00,41.33479197466956
2024-01-03 01:30:00,44.15030333055336
2024-01-03 01:35:00,37.96007795810278
2024-01-03 01:40:00,38.92064381234828
2024-01-03 01:45:00,36.08508869039254
2024-01-03 01:50:00,38.22297051321732
2024-01-03 01:55:00,41.50934552570118
2024-01-03 02:00:00,43.031656760704
2024-01-03 02:05:00,36.3150409974121
2024-01-03 02:10:00,43.48212597454524
2024-01-03 02:15:00,45.4262537293424
2024-01-03 02:20:00,41.6574419070174
2024-01-03 02:25:00,47.51088554435486
2024-01-03 02:30:00,36.9085454977083
2024-01-03 02:35:00,35.02508348087693
2024-01-03 02:40:00,32.88882129850548
2024-01-03 02:45:00,45.98787954007933
2024-01-03 02:50:00,42.62116491953883
2024-01-03 02:55:00,39.78136361048077
2024-01-03 03:00:00,41.177788129366114
2024-01-03 03:05:00,35.55595743489332
2024-01-03 03:10:00,49.840921542554135
2024-01-03 03:15:00,40.57479835198774
2024-01-03 03:20:00,40.4954928025064
2024-01-03 03:25:00,42.9609801196816
2024-01-03 03:30:00,41.98195055103368
2024-01-03 03:35:00,40.95344972120336
2024-01-03 03:40:00,36.896015802305584
2024-01-03 03:45:00,41.94378705263081
2024-01-03 03:50:00,47.58601160998696
2024-01-03 03:55:00,45.43959380870674
2024-01-03 04:00:00,46.92221567321962
2024-01-03 04:05:00,38.50460646093729
2024-01-03 04:10:00,36.5910498856277
2024-01-03 04:15:00,40.04632148626344
2024-01-03 04:20:00,40.7723688158168
2024-01-03 04:25:00,44.92623524054582
2024-01-03 04:30:00,33.77961064780275
2024-01-03 04:35:00,46.66767044450448
2024-01-03 04:40:00,39.91743757234608
2024-01-03 04:45:00,38.84194488687235
2024-01-03 04:50:00,36.50105166562136
2024-01-03 04:55:00,33.93004247919895
2024-01-03 05:00:00,46.4546590727036
2024-01-03 05:05:00,43.45524860560956
2024-01-03 05:10:00,38.002133137891725
2024-01-03 05:15:00,37.981661648601474
2024-01-03 05:20:00,41.81883793969543
2024-01-03 05:25:00,49.83806283801352
2024-01-03 05:30:00,42.12361133140152
2024-01-03 05:35:00,37.14940492438352
2024-01-03 05:40:00,42.17900448051216
2024-01-03 05:45:00,42.07108245786526
2024-01-03 05:50:00,32.374430165089656
2024-01-03 05:55:00,42.94479727078469
2024-01-03 06:00:00,50.112645114310375
2024-01-03 06:05:00,53.82120869439876
2024-01-03 06:10:00,58.43220761492647
2024-01-03 06:15:00,55.54264335333612
2024-01-03 06:20:00,49.96082847292577
2024-01-03 06:25:00,46.61027960017841
2024-01-03 06:30:00,61.329822448144526
2024-01-03 06:35:00,51.27325697120304
2024-01-03 06:40:00,51.09210040279687
2024-01-03 06:45:00,50.93988288670508
2024-01-03 06:50:00,51.82872227821651
2024-01-03 06:55:00,50.45894158744932
2024-01-03 07:00:00,61.0693754649684
2024-01-03 07:05:00,61.176587727527775
2024-01-03 07:10:00,63.23301041162535
2024-01-03 07:15:00,61.190324407954286
2024-01-03 07:20:00,60.51264036178069
2024-01-03 07:25:00,63.78974440325693
2024-01-03 07:30:00,62.344114622805925
2024-01-03 07:35:00,69.3799954468201
2024-01-03 07:40:00,52.76014425891729
2024-01-03 07:45:00,67.7300509001792
2024-01-03 07:50:00,68.34836426247986
2024-01-03 07:55:00,55.07046256285675
2024-01-03 08:00:00,68.6292496638093
2024-01-03 08:05:00,68.51423657614754
2024-01-03 08:10:00,64.36995326125941
2024-01-03 08:15:00,66.8887332897672
2024-01-03 08:20:00,65.55769665826739
2024-01-03 08:25:00,77.00908181382519
2024-01-03 08:30:00,73.74271361272055
2024-01-03 08:35:00,75.08622042010734
2024-01-03 08:40:00,72.88668829630365
2024-01-03 08:45:00,65.48379295526178
2024-01-03 08:50:00,67.90191897501161
2024-01-03 08:55:00,71.95749828504238
2024-01-03 09:00:00,58.47551506995373
2024-01-03 09:05:00,66.21602002621107
2024-01-03 09:10:00,62.402724712888975
2024-01-03 09:15:00,61.864743075323126
2024-01-03 09:20:00,66.20786617833548
2024-01-03 09:25:00,65.14107955146567
2024-01-03 09:30:00,61.92016164224519
2024-01-03 09:35:00,68.00134551897851
2024-01-03 09:40:00,59.03977299512192
2024-01-03 09:45:00,65.82776873329857
2024-01-03 09:50:00,65.73643133739505
2024-01-03 09:55:00,62.12584054826555
2024-01-03 10:00:00,52.34103495204654
2024-01-03 10:05:00,46.03204855753686
2024-01-03 10:10:00,54.73261093990568
2024-01-03 10:15:00,50.29689431730611
2024-01-03 10:20:00,48.94561078100191
2024-01-03 10:25:00,55.23253976642562
2024-01-03 10:30:00,48.21912810090704
2024-01-03 10:35:00,45.40265767762383
2024-01-03 10:40:00,44.809986168982455
2024-01-03 10:45:00,53.46054266846063
2024-01-03 10:50:00,45.91478545309294
2024-01-03 10:55:00,58.055679591015526
2024-01-03 11:00:00,34.837344350423216
2024-01-03 11:05:00,49.950887455118256
2024-01-03 11:10:00,44.009131850768576
2024-01-03 11:15:00,42.77820953447653
2024-01-03 11:20:00,40.98538563472231
2024-01-03 11:25:00,44.76160643936639
2024-01-03 11:30:00,43.01452317225871
2024-01-03 11:35:00,47.57826951002419
2024-01-03 11:40:00,43.62197257660626
2024-01-03 11:45:00,43.76626902780561
2024-01-03 11:50:00,41.71061313310268
2024-01-03 11:55:00,42.93727948707384
2024-01-03 12:00:00,41.82893759563596
2024-01-03 12:05:00,33.75705694944122
2024-01-03 12:10:00,35.20498883164487
2024-01-03 12:15:00,43.57078689615858
2024-01-03 12:20:00,41.28119227257949
2024-01-03 12:25:00,39.861797174657006
2024-01-03 12:30:00,40.671466252329296
2024-01-03 12:35:00,41.988057341514406
2024-01-03 12:40:00,38.43869179883028
2024-01-03 12:45:00,37.48451161845847
2024-01-03 12:50:00,41.38111154045845
2024-01-03 12:55:00,36.68423940960759
2024-01-03 13:00:00,42.14881561916307
2024-01-03 13:05:00,33.70547017935382
2024-01-03 13:10:00,44.63242714560776
2024-01-03 13:15:00,42.40619452595735
2024-01-03 13:20:00,41.53992353356068
2024-01-03 13:25:00,44.446568532087234
2024-01-03 13:30:00,47.17770237415549
2024-01-03 13:35:00,44.5732848563777
2024-01-03 13:40:00,33.1523076709786
2024-01-03 13:45:00,35.39749672936237
2024-01-03 13:50:00,38.016530285522464
2024-01-03 13:55:00,40.62016879714852
2024-01-03 14:00:00,44.7093189900457
2024-01-03 14:05:00,39.73570765555535
2024-01-03 14:10:00,43.38574996607752
2024-01-03 14:15:00,39.61715117875592
2024-01-03 14:20:00,40.19261169620142
2024-01-03 14:25:00,37.01203852077632
2024-01-03 14:30:00,38.94574992372559
2024-01-03 14:35:00,37.23194448570388
2024-01-03 14:40:00,38.73518989625988
2024-01-03 14:45:00,46.85325009460057
2024-01-03 14:50:00,38.84108735284144
2024-01-03 14:55:00,53.16821116751877
2024-01-03 15:00:00,51.17040118633138
2024-01-03 15:05:00,49.93647407758732
2024-01-03 15:10:00,45.76369846208297
2024-01-03 15:15:00,51.99836910044379
2024-01-03 15:20:00,46.89457827785673
2024-01-03 15:25:00,49.68516884138927
2024-01-03 15:30:00,59.43746773588301
2024-01-03 15:35:00,48.81288998390922
2024-01-03 15:40:00,53.794222887950525
2024-01-03 15:45:00,46.38442388230428
2024-01-03 15:50:00,49.057175620819976
2024-01-03 15:55:00,56.280332125349865
2024-01-03 16:00:00,56.962154721689295
2024-01-03 16:05:00,66.71981718482809
2024-01-03 16:10:00,62.301030694662266
2024-01-03 16:15:00,57.22015584926329
2024-01-03 16:20:00,61.99965390906245
2024-01-03 16:25:00,63.36024075134728
2024-01-03 16:30:00,61.95726280170915
2024-01-03 16:35:00,53.18912407327854
2024-01-03 16:40:00,56.56147424954089
2024-01-03 16:45:00,58.47994841063435
2024-01-03 16:50:00,59.17228923644018
2024-01-03 16:55:00,61.95271134304308
2024-01-03 17:00:00,65.71080405188985
2024-01-03 17:05:00,59.65862261331643
2024-01-03 17:10:00,66.52079145218069
2024-01-03 17:15:00,67.44234302929213
2024-01-03 17:20:00,67.23916183988099
2024-01-03 17:25:00,69.32312295037532
2024-01-03 17:30:00,68.33568866635245
2024-01-03 17:35:00,66.83672036507058
2024-01-03 17:40:00,64.71933720232225
2024-01-03 17:45:00,58.35615631409287
2024-01-03 17:50:00,66.71847292468718
2024-01-03 17:55:00,65.83075079680928
2024-01-03 18:00:00,60.55633492598327
2024-01-03 18:05:00,54.36302527392053
2024-01-03 18:10:00,55.14579341556872
2024-01-03 18:15:00,63.68263099053338
2024-01-03 18:20:00,59.311798961775146
2024-01-03 18:25:00,62.19602236669227
2024-01-03 18:30:00,59.58329308172361
2024-01-03 18:35:00,59.58904413518475
2024-01-03 18:40:00,63.22315480110576
2024-01-03 18:45:00,57.405840664332274
2024-01-03 18:50:00,59.8545026849657
2024-01-03 18:55:00,57.6209184223816
2024-01-03 19:00:00,47.45900111955898
2024-01-03 19:05:00,47.96029753541369
2024-01-03 19:10:00,50.0855211158231
2024-01-03 19:15:00,47.28199154263434
2024-01-03 19:20:00,54.22001053158233
2024-01-03 19:25:00,45.61855682041024
2024-01-03 19:30:00,48.44949945264281
2024-01-03 19:35:00,47.43806179619155
2024-01-03 19:40:00,54.98489756670318
2024-01-03 19:45:00,49.98320513533454
2024-01-03 19:50:00,53.32436418716279
2024-01-03 19:55:00,43.25474453714036
2024-01-03 20:00:00,43.70318167752365
2024-01-03 20:05:00,46.19350379654037
2024-01-03 20:10:00,42.96411657114832
2024-01-03 20:15:00,46.89690211430802
2024-01-03 20:20:00,40.56582681364513
2024-01-03 20:25:00,48.272370374788935
2024-01-03 20:30:00,51.83057310852362
2024-01-03 20:35:00,41.18362637228798
2024-01-03 20:40:00,40.85297052844353
2024-01-03 20:45:00,48.44851852251743
2024-01-03 20:50:00,48.953269196969465
2024-01-03 20:55:00,40.54354050543355
2024-01-03 21:00:00,38.77714370383492
2024-01-03 21:05:00,39.33075253677632
2024-01-03 21:10:00,35.080088928081246
2024-01-03 21:15:00,36.78328318628156
2024-01-03 21:20:00,36.44132790521008
2024-01-03 21:25:00,37.38670071180184
2024-01-03 21:30:00,40.319151422671226
2024-01-03 21:35:00,41.39474990236443
2024-01-03 21:40:00,46.65989294347466
2024-01-03 21:45:00,36.46447480926319
2024-01-03 21:50:00,44.39518056612469
2024-01-03 21:55:00,39.60193559531631
2024-01-03 22:00:00,39.85040651479597
2024-01-03 22:05:00,42.74753932207211
2024-01-03 22:10:00,35.5573732671565
2024-01-03 22:15:00,41.577900338141895
2024-01-03 22:20:00,40.71407018625791
2024-01-03 22:25:00,42.01806640943829
2024-01-03 22:30:00,41.20493592903696
2024-01-03 22:35:00,49.86946191304927
2024-01-03 22:40:00,37.497301416400425
2024-01-03 22:45:00,37.92427353339842
2024-01-03 22:50:00,37.55569924770664
2024-01-03 22:55:00,37.82635287676467
2024-01-03 23:00:00,37.4535367358761
2024-01-03 23:05:00,44.759151369532375
2024-01-03 23:10:00,45.68510223706159
2024-01-03 23:15:00,37.720100070104266
2024-01-03 23:20:00,36.673662952685255
2024-01-03 23:25:00,41.888747470647786
2024-01-03 23:30:00,37.79419306797829
2024-01-03 23:35:00,42.53481251612421
2024-01-03 23:40:00,40.81477732850737
2024-01-03 23:45:00,33.94010878511324
2024-01-03 23:50:00,46.193106050422415
2024-01-03 23:55:00,47.186595937484256
2024-01-04 00:00:00,37.548848614117695
2024-01-04 00:05:00,38.449197136311305
2024-01-04 00:10:00,41.14346493895486
2024-01-04 00:15:00,41.33783053600334
2024-01-04 00:20:00,42.63418046674656
2024-01-04 00:25:00,48.04082153112064
2024-01-04 00:30:00,39.292214466079045
2024-01-04 00:35:00,36.80681439790143
2024-01-04 00:40:00,34.48272646399713
2024-01-04 00:45:00,37.07628321628757
2024-01-04 00:50:00,39.86749548456005
2024-01-04 00:55:00,47.17823483012639
2024-01-04 01:00:00,37.92969835737708
2024-01-04 01:05:00,40.89529536007736
2024-01-04 01:10:00,39.93445196923076
2024-01-04 01:15:00,44.7537166473141
2024-01-04 01:20:00,50.10787325701625
2024-01-04 01:25:00,37.87666846184048
2024-01-04 01:30:00,38.04238578344888
2024-01-04 01:35:00,44.17678706179805
2024-01-04 01:40:00,42.72770951202701
2024-01-04 01:45:00,47.3869728564659
2024-01-04 01:50:00,42.335856294825625
2024-01-04 01:55:00,38.56297519037353
2024-01-04 02:00:00,42.36632161689183
2024-01-04 02:05:00,44.43851661645423
2024-01-04 02:10:00,43.285631018912056
2024-01-04 02:15:00,42.032798418551785
2024-01-04 02:20:00,44.270401052479215
2024-01-04 02:25:00,44.68088465590529
2024-01-04 02:30:00,45.5323382582727
2024-01-04 02:35:00,42.59854184448117
2024-01-04 02:40:00,39.33522997285518
2024-01-04 02:45:00,40.59055703985589
2024-01-04 02:50:00,44.829738160156026
2024-01-04 02:55:00,36.73595961017365
2024-01-04 03:00:00,41.53260685957844
2024-01-04 03:05:00,38.484558374777386
2024-01-04 03:10:00,40.1728929158261
2024-01-04 03:15:00,45.17172107451602
2024-01-04 03:20:00,40.822309896166445
2024-01-04 03:25:00,40.24365981671142
2024-01-04 03:30:00,34.61848906016715
2024-01-04 03:35:00,43.04292788819571
2024-01-04 03:40:00,42.63985034865113
2024-01-04 03:45:00,48.71093251730867
2024-01-04 03:50:00,38.82680068427483
2024-01-04 03:55:00,40.93451493474259
2024-01-04 04:00:00,41.54700390150505
2024-01-04 04:05:00,46.85928228571593
2024-01-04 04:10:00,40.16828703711422
2024-01-04 04:15:00,41.665555269743386
2024-01-04 04:20:00,42.981055205528186
2024-01-04 04:25:00,41.29590565928746
2024-01-04 04:30:00,38.76373470845992
2024-01-04 04:35:00,41.32582913825526
2024-01-04 04:40:00,44.84399616610112
2024-01-04 04:45:00,36.44340796901778
2024-01-04 04:50:00,41.08134786324953
2024-01-04 04:55:00,37.74898590690533
2024-01-04 05:00:00,47.94216325255531
2024-01-04 05:05:00,37.069229117720845
2024-01-04 05:10:00,40.92628934776959
2024-01-04 05:15:00,44.670824237114026
2024-01-04 05:20:00,49.424072853793305
2024-01-04 05:25:00,42.89897569256399
2024-01-04 05:30:00,40.94117863008314
2024-01-04 05:35:00,50.6866050146183
2024-01-04 05:40:00,37.36992113519096
2024-01-04 05:45:00,34.36675291037561
2024-01-04 05:50:00,44.92203453706927
2024-01-04 05:55:00,41.1537598394455
2024-01-04 06:00:00,46.95145196662224
2024-01-04 06:05:00,53.8698090243425
2024-01-04 06:10:00,52.01158609022988
2024-01-04 06:15:00,48.78006871219817
2024-01-04 06:20:00,45.91516564046151
2024-01-04 06:25:00,54.52621254826567
2024-01-04 06:30:00,53.63718794697973
2024-01-04 06:35:00,50.63967978002756
2024-01-04 06:40:00,58.42293121933575
2024-01-04 06:45:00,46.75604416984048
2024-01-04 06:50:00,44.93428255144613
2024-01-04 06:55:00,48.26875095562011
2024-01-04 07:00:00,63.18167942706735
2024-01-04 07:05:00,64.33738128978011
2024-01-04 07:10:00,62.39907926106402
2024-01-04 07:15:00,64.77224507854653
2024-01-04 07:20:00,58.35786579572757
2024-01-04 07:25:00,69.13908190878239
2024-01-04 07:30:00,63.035418778919066
2024-01-04 07:35:00,67.83320681884186
2024-01-04 07:40:00,64.73492487800016
2024-01-04 07:45:00,65.19103636910448
2024-01-04 07:50:00,65.64309261341816
2024-01-04 07:55:00,65.15485773255861
2024-01-04 08:00:00,72.57089107960087
2024-01-04 08:05:00,75.31661016066043
2024-01-04 08:10:00,70.78608471893658
2024-01-04 08:15:00,72.83601507048475
2024-01-04 08:20:00,69.64105726298179
2024-01-04 08:25:00,75.76046890192859
2024-01-04 08:30:00,67.29443083189362
2024-01-04 08:35:00,77.20376177177397
2024-01-04 08:40:00,69.83936823755333
2024-01-04 08:45:00,64.27689963165851
2024-01-04 08:50:00,70.51241769977386
2024-01-04 08:55:00,67.27579341023117
2024-01-04 09:00:00,66.72660050147641
2024-01-04 09:05:00,60.75353038831195
2024-01-04 09:10:00,61.5792925726624
2024-01-04 09:15:00,55.805863381739385
2024-01-04 09:20:00,61.554801028525205
2024-01-04 09:25:00,53.66850899900569
2024-01-04 09:30:00,57.028415011578616
2024-01-04 09:35:00,66.4056849300987
2024-01-04 09:40:00,66.50722694012484
2024-01-04 09:45:00,65.06585655266137
2024-01-04 09:50:00,59.49612173300466
2024-01-04 09:55:00,63.1731808809536
2024-01-04 10:00:00,51.0220927067158
2024-01-04 10:05:00,46.4030441063079
2024-01-04 10:10:00,57.05009607014667
2024-01-04 10:15:00,54.54595202538076
2024-01-04 10:20:00,50.15264616775941
2024-01-04 10:25:00,51.14404621905619
2024-01-04 10:30:00,51.87003409486828
2024-01-04 10:35:00,42.86956338938091
2024-01-04 10:40:00,50.04779333299568
2024-01-04 10:45:00,48.30856587108688
2024-01-04 10:50:00,47.030022823498406
2024-01-04 10:55:00,49.912101691534254
2024-01-04 11:00:00,50.3558080893562
2024-01-04 11:05:00,45.72843342702615
2024-01-04 11:10:00,40.88034602282691
2024-01-04 11:15:00,45.45539310738274
2024-01-04 11:20:00,48.76248372830212
2024-01-04 11:25:00,46.86359671360918
2024-01-04 11:30:00,43.4035834616388
2024-01-04 11:35:00,40.57731487113581
2024-01-04 11:40:00,45.95795523641247
2024-01-04 11:45:00,44.7390035236451
2024-01-04 11:50:00,46.74583486206903
2024-01-04 11:55:00,45.70574918868599
2024-01-04 12:00:00,44.79594138134506
2024-01-04 12:05:00,38.45678967382545
2024-01-04 12:10:00,45.86730678260503
2024-01-04 12:15:00,41.38812893883732
2024-01-04 12:20:00,48.89877401056879
2024-01-04 12:25:00,37.84097924770945
2024-01-04 12:30:00,47.54158573272872
2024-01-04 12:35:00,41.38937365391831
2024-01-04 12:40:00,37.992058505609926
2024-01-04 12:45:00,38.66218718385044
2024-01-04 12:50:00,39.31634128729044
2024-01-04 12:55:00,42.29439430567539
2024-01-04 13:00:00,42.607146548447176
2024-01-04 13:05:00,38.22100458055086
2024-01-04 13:10:00,40.41838622726125
2024-01-04 13:15:00,49.08488603075264
2024-01-04 13:20:00,47.425977276708025
2024-01-04 13:25:00,42.26109927500131
2024-01-04 13:30:00,40.66781850897798
2024-01-04 13:35:00,40.99592990317822
2024-01-04 13:40:00,42.96987648722685
2024-01-04 13:45:00,36.42463433551156
2024-01-04 13:50:00,39.4862984466118
2024-01-04 13:55:00,33.84146830079482
2024-01-04 14:00:00,44.23557539859033
2024-01-04 14:05:00,45.22746666698017
2024-01-04 14:10:00,40.70593705897171
2024-01-04 14:15:00,48.93462996132934
2024-01-04 14:20:00,37.73562025615984
2024-01-04 14:25:00,36.781183387329925
2024-01-04 14:30:00,43.536490182409096
2024-01-04 14:35:00,46.82707611861783
2024-01-04 14:40:00,49.374393674000686
2024-01-04 14:45:00,40.80314585669345
2024-01-04 14:50:00,46.95340624189439
2024-01-04 14:55:00,42.48464903016638
2024-01-04 15:00:00,48.50662038304455
2024-01-04 15:05:00,52.73176933275452
2024-01-04 15:10:00,51.80642109646151
2024-01-04 15:15:00,42.891560954870826
2024-01-04 15:20:00,55.10329098171141
2024-01-04 15:25:00,54.71749499939763
2024-01-04 15:30:00,46.694878776769706
2024-01-04 15:35:00,50.78034371655746
2024-01-04 15:40:00,51.17325032793878
2024-01-04 15:45:00,50.23982464610346
2024-01-04 15:50:00,46.99590896742615
2024-01-04 15:55:00,46.51063611105562
2024-01-04 16:00:00,59.367806668874586
2024-01-04 16:05:00,64.16093902987782
2024-01-04 16:10:00,61.6444235712181
2024-01-04 16:15:00,57.98756562449594
2024-01-04 16:20:00,62.556817795433744
2024-01-04 16:25:00,48.07585247032007
2024-01-04 16:30:00,64.06508575432878
2024-01-04 16:35:00,52.51116783772797
2024-01-04 16:40:00,58.02025918722784
2024-01-04 16:45:00,54.99134337433579
2024-01-04 16:50:00,54.291297049956746
2024-01-04 16:55:00,64.11333010235444
2024-01-04 17:00:00,63.12919524290927
2024-01-04 17:05:00,66.3860155750797
2024-01-04 17:10:00,64.8123177326401
2024-01-04 17:15:00,66.90816335704932
2024-01-04 17:20:00,65.30728761239786
2024-01-04 17:25:00,59.86803115140256
2024-01-04 17:30:00,68.9850673259454
2024-01-04 17:35:00,63.02497371551159
2024-01-04 17:40:00,58.77367245351783
2024-01-04 17:45:00,63.287539404293184
2024-01-04 17:50:00,71.00303921069408
2024-01-04 17:55:00,68.40088701661081
2024-01-04 18:00:00,58.075411039570334
2024-01-04 18:05:00,58.07298875992805
2024-01-04 18:10:00,58.18347937233224
2024-01-04 18:15:00,67.77701151144512
2024-01-04 18:20:00,60.99776138612798
2024-01-04 18:25:00,61.19018616596605
2024-01-04 18:30:00,63.59115339332914
2024-01-04 18:35:00,60.42517621330782
2024-01-04 18:40:00,58.43385099391895
2024-01-04 18:45:00,58.684620180861856
2024-01-04 18:50:00,59.18361453954551
2024-01-04 18:55:00,59.3211306311624
2024-01-04 19:00:00,52.10750420383616
2024-01-04 19:05:00,49.404769572517445
2024-01-04 19:10:00,52.127546338150566
2024-01-04 19:15:00,48.87411970885392
2024-01-04 19:20:00,49.51152679055261
2024-01-04 19:25:00,41.204183291159815
2024-01-04 19:30:00,52.86229672809817
2024-01-04 19:35:00,50.582939932880215
2024-01-04 19:40:00,53.18902646872686
2024-01-04 19:45:00,37.61196451651349
2024-01-04 19:50:00,57.55048484841116
2024-01-04 19:55:00,48.63862751666756
2024-01-04 20:00:00,47.06771188099668
2024-01-04 20:05:00,38.475356905544494
2024-01-04 20:10:00,45.0860762342969
2024-01-04 20:15:00,38.42131836135199
2024-01-04 20:20:00,40.1399047712634
2024-01-04 20:25:00,50.29110602951376
2024-01-04 20:30:00,41.87225101099323
2024-01-04 20:35:00,43.50471210676551
2024-01-04 20:40:00,46.11525153680164
2024-01-04 20:45:00,44.61770816593704
2024-01-04 20:50:00,43.23665623462093
2024-01-04 20:55:00,44.09482462391152
2024-01-04 21:00:00,50.07155331317145
2024-01-04 21:05:00,40.22741578408401
2024-01-04 21:10:00,41.26228715907822
2024-01-04 21:15:00,44.6605085562488
2024-01-04 21:20:00,44.87999470405029
2024-01-04 21:25:00,45.20601219445987
2024-01-04 21:30:00,43.01281186033509
2024-01-04 21:35:00,35.88587132129642
2024-01-04 21:40:00,46.99161710142273
2024-01-04 21:45:00,35.8725094001436
2024-01-04 21:50:00,41.668432833174485
2024-01-04 21:55:00,37.44078757214092
2024-01-04 22:00:00,39.79170796703372
2024-01-04 22:05:00,41.36331099461962
2024-01-04 22:10:00,41.33369021520679
2024-01-04 22:15:00,41.73594437034683
2024-01-04 22:20:00,46.50310642964028
2024-01-04 22:25:00,41.86239855946161
2024-01-04 22:30:00,39.0716348122431
2024-01-04 22:35:00,43.90461002655912
2024-01-04 22:40:00,44.80614330910426
2024-01-04 22:45:00,35.137830092857726
2024-01-04 22:50:00,42.43786163280512
2024-01-04 22:55:00,42.85295232264929
2024-01-04 23:00:00,38.8128312316622
2024-01-04 23:05:00,45.50591249834865
2024-01-04 23:10:00,39.40286289697206
2024-01-04 23:15:00,40.50539105898834
2024-01-04 23:20:00,39.31079794796669
2024-01-04 23:25:00,40.06540143542804
2024-01-04 23:30:00,35.61798489752136
2024-01-04 23:35:00,34.242881714724994
2024-01-04 23:40:00,46.38110549800206
2024-01-04 23:45:00,36.61523985182886
2024-01-04 23:50:00,36.03751584727694
2024-01-04 23:55:00,31.38952479068731
2024-01-05 00:00:00,37.444156385297234
2024-01-05 00:05:00,34.70764420242524
2024-01-05 00:10:00,46.56806401660072
2024-01-05 00:15:00,44.03927173342578
2024-01-05 00:20:00,37.24740199534435
2024-01-05 00:25:00,49.00974659743248
2024-01-05 00:30:00,43.92706532402162
2024-01-05 00:35:00,38.70067784202075
2024-01-05 00:40:00,30.002380516560947
2024-01-05 00:45:00,49.16377366641821
2024-01-05 00:50:00,34.441713509000856
2024-01-05 00:55:00,33.418408388227675
2024-01-05 01:00:00,44.09042528156033
2024-01-05 01:05:00,49.75915317887886
2024-01-05 01:10:00,45.53723482756384
2024-01-05 01:15:00,42.255780033731206
2024-01-05 01:20:00,42.37916092018291
2024-01-05 01:25:00,43.413805788643
2024-01-05 01:30:00,43.03585791266882
2024-01-05 01:35:00,41.12490924939927
2024-01-05 01:40:00,40.41694796932927
2024-01-05 01:45:00,39.74977104192368
2024-01-05 01:50:00,36.98428519805506
2024-01-05 01:55:00,38.87744324605467
2024-01-05 02:00:00,33.231875037341055
2024-01-05 02:05:00,39.6103437869436
2024-01-05 02:10:00,36.04933786551893
2024-01-05 02:15:00,35.58934502525951
2024-01-05 02:20:00,40.72327889873651
2024-01-05 02:25:00,45.571711439500994
2024-01-05 02:30:00,43.676968718131846
2024-01-05 02:35:00,33.72169987962989
2024-01-05 02:40:00,36.04518974784125
2024-01-05 02:45:00,43.76678704607546
2024-01-05 02:50:00,36.07375271996936
2024-01-05 02:55:00,39.105169694134496
2024-01-05 03:00:00,42.25812202018504
2024-01-05 03:05:00,36.18453580463229
2024-01-05 03:10:00,40.47941564867067
2024-01-05 03:15:00,34.72181164441401
2024-01-05 03:20:00,37.65244304828197
2024-01-05 03:25:00,41.337041360656976
2024-01-05 03:30:00,33.68593868996015
2024-01-05 03:35:00,41.81981257592842
2024-01-05 03:40:00,39.97936242838011
2024-01-05 03:45:00,42.26787344175542
2024-01-05 03:50:00,40.95357016034548
2024-01-05 03:55:00,45.514475343982205
2024-01-05 04:00:00,41.050367177253655
2024-01-05 04:05:00,38.83184700216102
2024-01-05 04:10:00,41.03865917879117
2024-01-05 04:15:00,42.72266128280758
2024-01-05 04:20:00,40.74490944796485
2024-01-05 04:25:00,40.71183593147756
2024-01-05 04:30:00,37.74150241543501
2024-01-05 04:35:00,37.89786549645824
2024-01-05 04:40:00,34.939048079463255
2024-01-05 04:45:00,47.54777613940978
2024-01-05 04:50:00,35.57401622509689
2024-01-05 04:55:00,37.7778483754784
2024-01-05 05:00:00,40.28834767457915
2024-01-05 05:05:00,46.74167424463371
2024-01-05 05:10:00,41.98217802368783
2024-01-05 05:15:00,48.15294502755088
2024-01-05 05:20:00,40.46801423988047
2024-01-05 05:25:00,44.27795338575115
2024-01-05 05:30:00,39.82058852381691
2024-01-05 05:35:00,51.74257324794949
2024-01-05 05:40:00,38.41158306073789
2024-01-05 05:45:00,44.40125957776405
2024-01-05 05:50:00,45.69708426058433
2024-01-05 05:55:00,44.817173126661935
2024-01-05 06:00:00,50.295232599634254
2024-01-05 06:05:00,50.517100436211386
2024-01-05 06:10:00,51.21162912306153
2024-01-05 06:15:00,50.448375228631136
2024-01-05 06:20:00,54.89189970232473
2024-01-05 06:25:00,59.87847524151049
2024-01-05 06:30:00,48.80641609511376
2024-01-05 06:35:00,45.55717131682878
2024-01-05 06:40:00,50.68325504174007
2024-01-05 06:45:00,61.35522058576236
2024-01-05 06:50:00,47.821684963266165
2024-01-05 06:55:00,57.59285045692136
2024-01-05 07:00:00,70.0748267487951
2024-01-05 07:05:00,61.14967052565736
2024-01-05 07:10:00,65.63995580923044
2024-01-05 07:15:00,69.8776099850035
2024-01-05 07:20:00,61.8475125285394
2024-01-05 07:25:00,62.5497020520799
2024-01-05 07:30:00,61.03729983669477
2024-01-05 07:35:00,59.30499656971788
2024-01-05 07:40:00,60.76691331222531
2024-01-05 07:45:00,58.46826242544032
2024-01-05 07:50:00,63.50035736552625
2024-01-05 07:55:00,60.28413056825478
2024-01-05 08:00:00,70.93514368729369
2024-01-05 08:05:00,63.77641745531619
2024-01-05 08:10:00,71.32352096898853
2024-01-05 08:15:00,73.3341158865664
2024-01-05 08:20:00,62.02505746984488
2024-01-05 08:25:00,71.49622631952099
2024-01-05 08:30:00,74.91067601002386
2024-01-05 08:35:00,65.16143596536588
2024-01-05 08:40:00,76.69028958748152
2024-01-05 08:45:00,71.67607607759489
2024-01-05 08:50:00,67.17995261709706
2024-01-05 08:55:00,69.77692372949987
2024-01-05 09:00:00,65.5973339556084
2024-01-05 09:05:00,63.66804787117116
2024-01-05 09:10:00,65.519050275307
2024-01-05 09:15:00,59.68133193320405
2024-01-05 09:20:00,64.04146960166582
2024-01-05 09:25:00,57.70916831790159
2024-01-05 09:30:00,62.91912206012671
2024-01-05 09:35:00,59.74839573966236
2024-01-05 09:40:00,60.42190653516245
2024-01-05 09:45:00,68.30839900636326
2024-01-05 09:50:00,67.7292667878986
2024-01-05 09:55:00,65.80057878915022
2024-01-05 10:00:00,46.66725180438775
2024-01-05 10:05:00,49.770869064298864
2024-01-05 10:10:00,55.8888936629948
2024-01-05 10:15:00,51.603370517637686
2024-01-05 10:20:00,60.31382102300485
2024-01-05 10:25:00,52.60977422065556
2024-01-05 10:30:00,51.80469932903819
2024-01-05 10:35:00,49.80003700626806
2024-01-05 10:40:00,51.5706664822072
2024-01-05 10:45:00,50.426623517555896
2024-01-05 10:50:00,53.86893756983243
2024-01-05 10:55:00,54.8633121302564
2024-01-05 11:00:00,40.02110413992631
2024-01-05 11:05:00,37.84013016772699
2024-01-05 11:10:00,35.820240489544915
2024-01-05 11:15:00,45.19702728960828
2024-01-05 11:20:00,38.75159555726261
2024-01-05 11:25:00,34.55349961014817
2024-01-05 11:30:00,44.71937640008196
2024-01-05 11:35:00,53.13706005168927
2024-01-05 11:40:00,43.14077833579853
2024-01-05 11:45:00,46.519025079764674
2024-01-05 11:50:00,43.49237941614837
2024-01-05 11:55:00,42.76950336919354
2024-01-05 12:00:00,44.2740364520188
2024-01-05 12:05:00,39.43663234331312
2024-01-05 12:10:00,41.667299776355335
2024-01-05 12:15:00,41.884521744851774
2024-01-05 12:20:00,37.92536870549553
2024-01-05 12:25:00,44.56589991821381
2024-01-05 12:30:00,39.89789149328609
2024-01-05 12:35:00,37.57474988209634
2024-01-05 12:40:00,42.74376989434933
2024-01-05 12:45:00,37.00385859290357
2024-01-05 12:50:00,40.71045514954423
2024-01-05 12:55:00,40.56125453349091
2024-01-05 13:00:00,44.85938685963149
2024-01-05 13:05:00,42.414597527825
2024-01-05 13:10:00,40.41569676132461
2024-01-05 13:15:00,43.78686979310633
2024-01-05 13:20:00,46.07663479237444
2024-01-05 13:25:00,42.74704582171263
2024-01-05 13:30:00,40.55721507567871
2024-01-05 13:35:00,35.26845966690454
2024-01-05 13:40:00,36.25534994400369
2024-01-05 13:45:00,39.29490577888651
2024-01-05 13:50:00,38.077755787668046
2024-01-05 13:55:00,39.7679193843634
2024-01-05 14:00:00,42.86528260775764
2024-01-05 14:05:00,44.75745392559613
2024-01-05 14:10:00,42.35668779593284
2024-01-05 14:15:00,44.584689483474016
2024-01-05 14:20:00,42.89658056740969
2024-01-05 14:25:00,34.73681664275372
2024-01-05 14:30:00,38.8813413328942
2024-01-05 14:35:00,42.06233268528275
2024-01-05 14:40:00,37.79990393680478
2024-01-05 14:45:00,45.038397828154025
2024-01-05 14:50:00,48.761686237544
2024-01-05 14:55:00,47.51373031495847
2024-01-05 15:00:00,48.34335809908699
2024-01-05 15:05:00,55.160034130207634
2024-01-05 15:10:00,49.79179941161628
2024-01-05 15:15:00,47.84878569833567
2024-01-05 15:20:00,46.74351892864407
2024-01-05 15:25:00,47.98725083685531
2024-01-05 15:30:00,47.64442230864291
2024-01-05 15:35:00,49.87879447230978
2024-01-05 15:40:00,49.83942550700728
2024-01-05 15:45:00,49.20931366342148
2024-01-05 15:50:00,50.944882261793225
2024-01-05 15:55:00,53.95971468195319
2024-01-05 16:00:00,63.26823949460566
2024-01-05 16:05:00,53.53043107904075
2024-01-05 16:10:00,49.25433841323255
2024-01-05 16:15:00,63.207302597797465
2024-01-05 16:20:00,54.00250815917868
2024-01-05 16:25:00,58.57096134526963
2024-01-05 16:30:00,54.78957084860293
2024-01-05 16:35:00,52.262101202520284
2024-01-05 16:40:00,61.63587386565952
2024-01-05 16:45:00,62.50664359405096
2024-01-05 16:50:00,57.163981349933486
2024-01-05 16:55:00,49.10585378426073
2024-01-05 17:00:00,62.81502225514691
2024-01-05 17:05:00,66.56721606976703
2024-01-05 17:10:00,59.08435377306032
2024-01-05 17:15:00,65.73343972727346
2024-01-05 17:20:00,64.93876065146485
2024-01-05 17:25:00,67.31716604656118
2024-01-05 17:30:00,65.47832152181344
2024-01-05 17:35:00,61.10772428463061
2024-01-05 17:40:00,69.7862860548148
2024-01-05 17:45:00,64.36588175604895
2024-01-05 17:50:00,64.89078189011711
2024-01-05 17:55:00,61.26692821186405
2024-01-05 18:00:00,57.69689057243573
2024-01-05 18:05:00,55.93080872109417
2024-01-05 18:10:00,58.77823533750808
2024-01-05 18:15:00,66.31685349777115
2024-01-05 18:20:00,53.98241500547634
2024-01-05 18:25:00,53.01577398569481
2024-01-05 18:30:00,65.35470088717621
2024-01-05 18:35:00,58.6327248685943
2024-01-05 18:40:00,56.7937286225621
2024-01-05 18:45:00,63.62963832678607
2024-01-05 18:50:00,57.04755741825432
2024-01-05 18:55:00,66.7740584313895
2024-01-05 19:00:00,51.90868951464533
2024-01-05 19:05:00,47.24534039670544
2024-01-05 19:10:00,57.82621888235026
2024-01-05 19:15:00,46.77412633727489
2024-01-05 19:20:00,52.16536751732548
2024-01-05 19:25:00,50.394156350914216
2024-01-05 19:30:00,54.40395118688344
2024-01-05 19:35:00,55.44303081619566
2024-01-05 19:40:00,49.32500262555131
2024-01-05 19:45:00,46.18331454790352
2024-01-05 19:50:00,51.03687460104472
2024-01-05 19:55:00,46.48612455027983
2024-01-05 20:00:00,50.68852960415311
2024-01-05 20:05:00,43.181121938377565
2024-01-05 20:10:00,41.17369440879818
2024-01-05 20:15:00,43.37370183750625
2024-01-05 20:20:00,37.24647545592784
2024-01-05 20:25:00,38.74852446000401
2024-01-05 20:30:00,47.43663624582432
2024-01-05 20:35:00,40.00740349816103
2024-01-05 20:40:00,38.44733668331886
2024-01-05 20:45:00,44.781591624155766
2024-01-05 20:50:00,47.377797232698605
2024-01-05 20:55:00,45.51079385670688
2024-01-05 21:00:00,44.44208171544162
2024-01-05 21:05:00,37.430710617940505
2024-01-05 21:10:00,34.77064830525097
2024-01-05 21:15:00,46.4632255800403
2024-01-05 21:20:00,39.16717161684981
2024-01-05 21:25:00,39.45455890639816
2024-01-05 21:30:00,45.770667539614585
2024-01-05 21:35:00,42.68281100982099
2024-01-05 21:40:00,42.281442060544784
2024-01-05 21:45:00,49.11790035182268
2024-01-05 21:50:00,37.883818050697776
2024-01-05 21:55:00,44.1692514845433
2024-01-05 22:00:00,40.27631385299403
2024-01-05 22:05:00,41.12263046885872
2024-01-05 22:10:00,46.16213505905582
2024-01-05 22:15:00,42.07960437856418
2024-01-05 22:20:00,42.20144566960423
2024-01-05 22:25:00,44.3382907026449
2024-01-05 22:30:00,38.58845043523415
2024-01-05 22:35:00,36.69142268404967
2024-01-05 22:40:00,35.86902457732156
2024-01-05 22:45:00,32.182834995901686
2024-01-05 22:50:00,48.27308987316698
2024-01-05 22:55:00,35.63542789051896
2024-01-05 23:00:00,39.11807075075908
2024-01-05 23:05:00,38.89583204554648
2024-01-05 23:10:00,41.232712036338576
2024-01-05 23:15:00,43.26603409525936
2024-01-05 23:20:00,43.44497919854115
2024-01-05 23:25:00,37.670775490826415
2024-01-05 23:30:00,39.334598389956525
2024-01-05 23:35:00,41.13340504705537
2024-01-05 23:40:00,39.00832074036799
2024-01-05 23:45:00,46.43246754918214
2024-01-05 23:50:00,41.96698505165517
2024-01-05 23:55:00,42.94259638930144
2024-01-06 00:00:00,24.651526931500037
2024-01-06 00:05:00,26.693897286771683
2024-01-06 00:10:00,22.72408809164521
2024-01-06 00:15:00,16.812674065007
2024-01-06 00:20:00,23.59875366384095
2024-01-06 00:25:00,19.39457428166307
2024-01-06 00:30:00,19.88553512983136
2024-01-06 00:35:00,24.34545793185076
2024-01-06 00:40:00,26.953134142564927
2024-01-06 00:45:00,22.085088163774632
2024-01-06 00:50:00,23.23533390722624
2024-01-06 00:55:00,28.808861635371336
2024-01-06 01:00:00,22.963091672391247
2024-01-06 01:05:00,32.40681141115855
2024-01-06 01:10:00,24.26211753696315
2024-01-06 01:15:00,14.9570279178137
2024-01-06 01:20:00,25.0134454388551
2024-01-06 01:25:00,23.52471249396808
2024-01-06 01:30:00,27.159089970767955
2024-01-06 01:35:00,24.692804359516806
2024-01-06 01:40:00,21.44625501850188
2024-01-06 01:45:00,17.10288600927951
2024-01-06 01:50:00,21.16398592529287
2024-01-06 01:55:00,18.597997137599773
2024-01-06 02:00:00,19.67994246254854
2024-01-06 02:05:00,24.35634987944987
2024-01-06 02:10:00,28.681654279173053
2024-01-06 02:15:00,23.580722381059356
2024-01-06 02:20:00,17.218504013626692
2024-01-06 02:25:00,23.78044693464799
2024-01-06 02:30:00,26.788562208350037
2024-01-06 02:35:00,19.5629046444899
2024-01-06 02:40:00,21.46596759507576
2024-01-06 02:45:00,22.060789040684217
2024-01-06 02:50:00,18.86244300943847
2024-01-06 02:55:00,24.595157997142863
2024-01-06 03:00:00,21.548059898816632
2024-01-06 03:05:00,23.70998226887587
2024-01-06 03:10:00,18.48188378203936
2024-01-06 03:15:00,20.28201929195412
2024-01-06 03:20:00,24.921377924558843
2024-01-06 03:25:00,20.54051988488069
2024-01-06 03:30:00,28.93970789818138
2024-01-06 03:35:00,20.43330775078935
2024-01-06 03:40:00,22.930591396255306
2024-01-06 03:45:00,25.76221582074012
2024-01-06 03:50:00,16.35838956151563
2024-01-06 03:55:00,14.988617245324654
2024-01-06 04:00:00,16.199582783383736
2024-01-06 04:05:00,27.352544455372843
2024-01-06 04:10:00,20.09477545809433
2024-01-06 04:15:00,32.53500518433712
2024-01-06 04:20:00,20.04521764703456
2024-01-06 04:25:00,23.040413254452265
2024-01-06 04:30:00,28.470647851935617
2024-01-06 04:35:00,30.326579594300608
2024-01-06 04:40:00,30.548222348209706
2024-01-06 04:45:00,27.135672964036686
2024-01-06 04:50:00,26.398458144909966
2024-01-06 04:55:00,24.672315838468847
2024-01-06 05:00:00,26.85253150993732
2024-01-06 05:05:00,21.53434433995664
2024-01-06 05:10:00,20.46629167158154
2024-01-06 05:15:00,23.725589375626964
2024-01-06 05:20:00,23.058348715171057
2024-01-06 05:25:00,21.92617500796167
2024-01-06 05:30:00,26.52463699509763
2024-01-06 05:35:00,27.56030803955281
2024-01-06 05:40:00,24.09271475043816
2024-01-06 05:45:00,29.649207529491814
2024-01-06 05:50:00,19.17233074873675
2024-01-06 05:55:00,22.964449368151897
2024-01-06 06:00:00,25.20272149691858
2024-01-06 06:05:00,20.60386431103756
2024-01-06 06:10:00,27.739288035959007
2024-01-06 06:15:00,27.583020745796667
2024-01-06 06:20:00,34.12380975229833
2024-01-06 06:25:00,30.593257517548917
2024-01-06 06:30:00,23.97326348201298
2024-01-06 06:35:00,35.48638104466656
2024-01-06 06:40:00,32.95414556143121
2024-01-06 06:45:00,30.398401593204262
2024-01-06 06:50:00,27.16407438393048
2024-01-06 06:55:00,24.232253832435884
2024-01-06 07:00:00,33.36138581658493
2024-01-06 07:05:00,39.20520739968588
2024-01-06 07:10:00,42.38855814460758
2024-01-06 07:15:00,41.023187033957896
2024-01-06 07:20:00,32.894815233724046
2024-01-06 07:25:00,30.371743187713093
2024-01-06 07:30:00,35.41375790851396
2024-01-06 07:35:00,27.776455458617733
2024-01-06 07:40:00,36.14288377760827
2024-01-06 07:45:00,34.25980257567446
2024-01-06 07:50:00,32.98606691339617
2024-01-06 07:55:00,28.47140065180196
2024-01-06 08:00:00,40.55440044835076
2024-01-06 08:05:00,36.36919666342424
2024-01-06 08:10:00,33.82033267923074
2024-01-06 08:15:00,27.01095116894529
2024-01-06 08:20:00,38.38994040186934
2024-01-06 08:25:00,45.58900640875086
2024-01-06 08:30:00,45.14503688026337
2024-01-06 08:35:00,36.6716149957268
2024-01-06 08:40:00,36.09115178062476
2024-01-06 08:45:00,40.375097046371984
2024-01-06 08:50:00,34.50645826531872
2024-01-06 08:55:00,39.70716762134976
2024-01-06 09:00:00,37.91453558157559
2024-01-06 09:05:00,39.75794736357406
2024-01-06 09:10:00,34.44959816211702
2024-01-06 09:15:00,34.03551946732897
2024-01-06 09:20:00,31.338284121010588
2024-01-06 09:25:00,31.542693051877396
2024-01-06 09:30:00,33.944298900430724
2024-01-06 09:35:00,36.31967649530154
2024-01-06 09:40:00,38.50455297296983
2024-01-06 09:45:00,31.63749866531545
2024-01-06 09:50:00,40.82096874387492
2024-01-06 09:55:00,33.76572006386656
2024-01-06 10:00:00,27.9846073972992
2024-01-06 10:05:00,25.081229858101647
2024-01-06 10:10:00,18.37311553360117
2024-01-06 10:15:00,31.606258160137138
2024-01-06 10:20:00,31.017452163062675
2024-01-06 10:25:00,26.94476634622009
2024-01-06 10:30:00,28.33803944359243
2024-01-06 10:35:00,30.13383344550934
2024-01-06 10:40:00,21.81989314714677
2024-01-06 10:45:00,25.95386586530776
2024-01-06 10:50:00,31.24713529318025
2024-01-06 10:55:00,23.052918882015945
2024-01-06 11:00:00,24.91501581874348
2024-01-06 11:05:00,18.31445687158334
2024-01-06 11:10:00,25.606504019811062
2024-01-06 11:15:00,23.598218160887026
2024-01-06 11:20:00,17.280256826454924
2024-01-06 11:25:00,28.399741507905645
2024-01-06 11:30:00,20.802417782884763
2024-01-06 11:35:00,20.499774342019435
2024-01-06 11:40:00,24.54306087900073
2024-01-06 11:45:00,28.33533348779182
2024-01-06 11:50:00,19.677496814163373
2024-01-06 11:55:00,23.98750348946885
2024-01-06 12:00:00,24.04401778735954
2024-01-06 12:05:00,25.101174215089824
2024-01-06 12:10:00,23.03451800714615
2024-01-06 12:15:00,20.86064042970396
2024-01-06 12:20:00,19.01839090344237
2024-01-06 12:25:00,22.673327318222743
2024-01-06 12:30:00,18.04019573809482
2024-01-06 12:35:00,10.64334985205882
2024-01-06 12:40:00,24.07499100266792
2024-01-06 12:45:00,25.944491150382028
2024-01-06 12:50:00,12.877022043869896
2024-01-06 12:55:00,18.289828967197497
2024-01-06 13:00:00,24.760309571988643
2024-01-06 13:05:00,30.513674406814644
2024-01-06 13:10:00,22.366867358669484
2024-01-06 13:15:00,19.371680763051312
2024-01-06 13:20:00,21.55210676354849
2024-01-06 13:25:00,27.78319820456059
2024-01-06 13:30:00,19.69983581146971
2024-01-06 13:35:00,19.08692450136684
2024-01-06 13:40:00,20.352718439239723
2024-01-06 13:45:00,18.470378094933
2024-01-06 13:50:00,22.774373791947035
2024-01-06 13:55:00,28.782406361846093
2024-01-06 14:00:00,24.743592691957183
2024-01-06 14:05:00,22.44186159098792
2024-01-06 14:10:00,22.28403052383089
2024-01-06 14:15:00,17.19851236470644
2024-01-06 14:20:00,26.983714708081703
2024-01-06 14:25:00,23.139926811441857
2024-01-06 14:30:00,22.729355945130564
2024-01-06 14:35:00,36.22370587087251
2024-01-06 14:40:00,24.64628723295581
2024-01-06 14:45:00,20.44411139911233
2024-01-06 14:50:00,21.745845214670894
2024-01-06 14:55:00,28.045058436280087
2024-01-06 15:00:00,27.511502912695367
2024-01-06 15:05:00,21.30530935727484
2024-01-06 15:10:00,30.73533700884512
2024-01-06 15:15:00,24.38584492838833
2024-01-06 15:20:00,34.55161237541449
2024-01-06 15:25:00,31.378613533402905
2024-01-06 15:30:00,25.269133687909303
2024-01-06 15:35:00,32.18248671748476
2024-01-06 15:40:00,27.32984331265392
2024-01-06 15:45:00,30.469515971033186
2024-01-06 15:50:00,28.997352539722208
2024-01-06 15:55:00,23.67299465058081
2024-01-06 16:00:00,30.134313294792356
2024-01-06 16:05:00,36.828355894386846
2024-01-06 16:10:00,31.36941129563604
2024-01-06 16:15:00,31.093918771094216
2024-01-06 16:20:00,28.88802230666479
2024-01-06 16:25:00,34.402908886436045
2024-01-06 16:30:00,40.95861230103478
2024-01-06 16:35:00,28.43838096704511
2024-01-06 16:40:00,32.80539045075324
2024-01-06 16:45:00,38.35739484572392
2024-01-06 16:50:00,32.38994705907934
2024-01-06 16:55:00,34.51799980906114
2024-01-06 17:00:00,31.500425913898745
2024-01-06 17:05:00,37.463228415316856
2024-01-06 17:10:00,35.00142296646807
2024-01-06 17:15:00,39.692920009205714
2024-01-06 17:20:00,40.49954423274527
2024-01-06 17:25:00,46.10825459456072
2024-01-06 17:30:00,38.06853271934057
2024-01-06 17:35:00,37.05318529281493
2024-01-06 17:40:00,36.52753723279561
2024-01-06 17:45:00,34.33733485524351
2024-01-06 17:50:00,37.10393540033303
2024-01-06 17:55:00,34.56839438593015
2024-01-06 18:00:00,33.38235467253943
2024-01-06 18:05:00,37.97890090989281
2024-01-06 18:10:00,28.68234050634241
2024-01-06 18:15:00,37.26802501197715
2024-01-06 18:20:00,37.97697103682043
2024-01-06 18:25:00,32.236236659496655
2024-01-06 18:30:00,24.221091171426597
2024-01-06 18:35:00,30.27722281908324
2024-01-06 18:40:00,37.89648895370541
2024-01-06 18:45:00,32.617038518265446
2024-01-06 18:50:00,28.71130183828133
2024-01-06 18:55:00,30.6894110825481
2024-01-06 19:00:00,30.42082242212675
2024-01-06 19:05:00,29.245276588914056
2024-01-06 19:10:00,26.102613919429764
2024-01-06 19:15:00,25.59104466884979
2024-01-06 19:20:00,25.49130971993325
2024-01-06 19:25:00,23.36870157811453
2024-01-06 19:30:00,33.5198450739863
2024-01-06 19:35:00,25.769060439263185
2024-01-06 19:40:00,31.926976399410528
2024-01-06 19:45:00,33.14360652379835
2024-01-06 19:50:00,31.051585908700385
2024-01-06 19:55:00,25.331861065236343
2024-01-06 20:00:00,25.06415969907208
2024-01-06 20:05:00,23.35245691216198
2024-01-06 20:10:00,19.83443189480513
2024-01-06 20:15:00,24.74667646461205
2024-01-06 20:20:00,18.733080173086435
2024-01-06 20:25:00,28.199956891571897
2024-01-06 20:30:00,21.590770148532076
2024-01-06 20:35:00,24.253877961217
2024-01-06 20:40:00,24.582390823910213
2024-01-06 20:45:00,22.413619442909333
2024-01-06 20:50:00,25.796014543626743
2024-01-06 20:55:00,21.549624711235545
2024-01-06 21:00:00,25.737029224549072
2024-01-06 21:05:00,16.867921313733103
2024-01-06 21:10:00,22.757358352905744
2024-01-06 21:15:00,30.00755603095324
2024-01-06 21:20:00,18.2505147362978
2024-01-06 21:25:00,19.54086015262069
2024-01-06 21:30:00,24.30747143335576
2024-01-06 21:35:00,22.97016716247849
2024-01-06 21:40:00,23.65436043181433
2024-01-06 21:45:00,24.20858855531075
2024-01-06 21:50:00,24.790725908967172
2024-01-06 21:55:00,26.69063940254499
2024-01-06 22:00:00,23.665818372087184
2024-01-06 22:05:00,21.06151312589896
2024-01-06 22:10:00,24.716838549184057
2024-01-06 22:15:00,29.626071483953996
2024-01-06 22:20:00,21.49600875884284
2024-01-06 22:25:00,18.128426525690568
2024-01-06 22:30:00,26.454866421521025
2024-01-06 22:35:00,21.54501908855874
2024-01-06 22:40:00,13.335865560316988
2024-01-06 22:45:00,25.41623045297482
2024-01-06 22:50:00,19.88523100055744
2024-01-06 22:55:00,21.664410615156488
2024-01-06 23:00:00,23.32961820708225
2024-01-06 23:05:00,22.763695603922464
2024-01-06 23:10:00,24.83950415336236
2024-01-06 23:15:00,20.259751402526824
2024-01-06 23:20:00,24.05412007751053
2024-01-06 23:25:00,20.963510174470528
2024-01-06 23:30:00,24.95693880835621
2024-01-06 23:35:00,24.46316682085841
2024-01-06 23:40:00,18.259942076627816
2024-01-06 23:45:00,26.345625349506328
2024-01-06 23:50:00,19.857843104350003
2024-01-06 23:55:00,25.233928077930777
2024-01-07 00:00:00,23.469151110435742
2024-01-07 00:05:00,29.352736564010875
2024-01-07 00:10:00,21.10613792734297
2024-01-07 00:15:00,20.602734672357595
2024-01-07 00:20:00,21.92232343327945
2024-01-07 00:25:00,20.78728272549328
2024-01-07 00:30:00,25.199769464598585
2024-01-07 00:35:00,15.534759423084031
2024-01-07 00:40:00,17.785272180244966
2024-01-07 00:45:00,17.728790170513612
2024-01-07 00:50:00,25.80123222472469
2024-01-07 00:55:00,28.842455347158086
2024-01-07 01:00:00,21.582282080287087
2024-01-07 01:05:00,21.32479206167693
2024-01-07 01:10:00,22.280287606889697
2024-01-07 01:15:00,26.64759216486973
2024-01-07 01:20:00,18.290666417674675
2024-01-07 01:25:00,22.953554885376118
2024-01-07 01:30:00,25.90086947356669
2024-01-07 01:35:00,24.004455634196358
2024-01-07 01:40:00,22.758405420831945
2024-01-07 01:45:00,26.004263324705537
2024-01-07 01:50:00,11.187149782440024
2024-01-07 01:55:00,24.711580232560603
2024-01-07 02:00:00,19.38573352925773
2024-01-07 02:05:00,14.6795046743416
2024-01-07 02:10:00,24.046846659867352
2024-01-07 02:15:00,27.49667044241926
2024-01-07 02:20:00,21.452242203256663
2024-01-07 02:25:00,25.813534450579183
2024-01-07 02:30:00,28.45114929372201
2024-01-07 02:35:00,27.26169407610362
2024-01-07 02:40:00,28.561894379253
2024-01-07 02:45:00,24.970546226055
2024-01-07 02:50:00,22.3037708173738
2024-01-07 02:55:00,15.594173014178756
2024-01-07 03:00:00,21.047602540727965
2024-01-07 03:05:00,18.65886611198299
2024-01-07 03:10:00,30.71562336323901
2024-01-07 03:15:00,21.32830924351841
2024-01-07 03:20:00,22.5246717203857
2024-01-07 03:25:00,24.23779399740963
2024-01-07 03:30:00,22.20626227873757
2024-01-07 03:35:00,28.81205665497077
2024-01-07 03:40:00,19.54125504630995
2024-01-07 03:45:00,22.81028231419673
2024-01-07 03:50:00,19.061970150455565
2024-01-07 03:55:00,16.751762448364936
2024-01-07 04:00:00,19.855131678042973
2024-01-07 04:05:00,22.15406085347047
2024-01-07 04:10:00,20.58499914359508
2024-01-07 04:15:00,19.53252412216869
2024-01-07 04:20:00,16.67693818697678
2024-01-07 04:25:00,21.969785751149335
2024-01-07 04:30:00,16.283326545540106
2024-01-07 04:35:00,25.342431896422525
2024-01-07 04:40:00,22.63196705340213
2024-01-07 04:45:00,16.472002043804395
2024-01-07 04:50:00,21.065371733464666
2024-01-07 04:55:00,19.293582419301785
2024-01-07 05:00:00,25.01578524694749
2024-01-07 05:05:00,29.100888989363348
2024-01-07 05:10:00,16.238397326687792
2024-01-07 05:15:00,24.19919152186044
2024-01-07 05:20:00,23.09855602300421
2024-01-07 05:25:00,26.424447511072632
2024-01-07 05:30:00,24.591873718221528
2024-01-07 05:35:00,20.731209878315493
2024-01-07 05:40:00,22.462871462604294
2024-01-07 05:45:00,20.554983778056812
2024-01-07 05:50:00,28.043115759665163
2024-01-07 05:55:00,23.824333799958534
2024-01-07 06:00:00,35.67477352234183
2024-01-07 06:05:00,27.82736752407132
2024-01-07 06:10:00,25.23638371168795
2024-01-07 06:15:00,22.01515320887849
2024-01-07 06:20:00,20.85745207430602
2024-01-07 06:25:00,21.733467007307844
2024-01-07 06:30:00,29.13851738337573
2024-01-07 06:35:00,30.104910872249537
2024-01-07 06:40:00,21.74524797120127
2024-01-07 06:45:00,31.650164035634266
2024-01-07 06:50:00,26.137766572596043
2024-01-07 06:55:00,28.657182827272
2024-01-07 07:00:00,41.29909543389084
2024-01-07 07:05:00,38.437570184331264
2024-01-07 07:10:00,33.77609032924581
2024-01-07 07:15:00,31.28544401920799
2024-01-07 07:20:00,26.24295131555192
2024-01-07 07:25:00,31.97359964389946
2024-01-07 07:30:00,34.00569196555836
2024-01-07 07:35:00,30.901494812264403
2024-01-07 07:40:00,34.32518505249992
2024-01-07 07:45:00,35.157620452704215
2024-01-07 07:50:00,33.95078899363683
2024-01-07 07:55:00,32.2502025975753
2024-01-07 08:00:00,39.1746187099388
2024-01-07 08:05:00,40.26776262034952
2024-01-07 08:10:00,34.1384037123005
2024-01-07 08:15:00,44.14372954105697
2024-01-07 08:20:00,38.10564749293484
2024-01-07 08:25:00,38.57539851385128
2024-01-07 08:30:00,41.33285771509812
2024-01-07 08:35:00,39.432864547125895
2024-01-07 08:40:00,42.31254655772487
2024-01-07 08:45:00,39.648496682879184
2024-01-07 08:50:00,36.05025052351014
2024-01-07 08:55:00,39.94601412289629
2024-01-07 09:00:00,30.275309638754184
2024-01-07 09:05:00,35.284453291142924
2024-01-07 09:10:00,34.71729450545899
2024-01-07 09:15:00,34.01774703894667
2024-01-07 09:20:00,34.33606442228111
2024-01-07 09:25:00,27.322818286046274
2024-01-07 09:30:00,32.655314837072986
2024-01-07 09:35:00,35.22159407260129
2024-01-07 09:40:00,35.48964003602644
2024-01-07 09:45:00,30.739513904333
2024-01-07 09:50:00,39.91304583149564
2024-01-07 09:55:00,31.38551507517883
2024-01-07 10:00:00,31.947905376799888
2024-01-07 10:05:00,29.77885402217968
2024-01-07 10:10:00,25.48516733531773
2024-01-07 10:15:00,35.17132014513099
2024-01-07 10:20:00,23.29552924766702
2024-01-07 10:25:00,31.746693269132948
2024-01-07 10:30:00,32.072405846864854
2024-01-07 10:35:00,25.38759573838636
2024-01-07 10:40:00,33.639937774950255
2024-01-07 10:45:00,27.06989051629713
2024-01-07 10:50:00,29.22485109181237
2024-01-07 10:55:00,29.111363929777824
2024-01-07 11:00:00,23.20354912419477
2024-01-07 11:05:00,26.984017182716087
2024-01-07 11:10:00,26.91473897228581
2024-01-07 11:15:00,16.74665619712424
2024-01-07 11:20:00,28.95814506158957
2024-01-07 11:25:00,17.09081613793426
2024-01-07 11:30:00,27.87096890744359
2024-01-07 11:35:00,28.24760463738729
2024-01-07 11:40:00,19.376918369216167
2024-01-07 11:45:00,22.09752693825862
2024-01-07 11:50:00,19.31796541613322
2024-01-07 11:55:00,22.88109996892202
2024-01-07 12:00:00,21.096614649294285
2024-01-07 12:05:00,25.447393915114606
2024-01-07 12:10:00,27.569986770515683
2024-01-07 12:15:00,27.911487029197072
2024-01-07 12:20:00,20.08007967972404
2024-01-07 12:25:00,21.491864291059137
2024-01-07 12:30:00,15.594999017153448
2024-01-07 12:35:00,19.105271520052494
2024-01-07 12:40:00,26.18815831842708
2024-01-07 12:45:00,28.791083080230173
2024-01-07 12:50:00,17.39135629851756
2024-01-07 12:55:00,19.95889474942567
2024-01-07 13:00:00,22.178069500132143
2024-01-07 13:05:00,23.40433716324628
2024-01-07 13:10:00,19.045278448281262
2024-01-07 13:15:00,23.97993670582421
2024-01-07 13:20:00,20.388335139684187
2024-01-07 13:25:00,22.22588344445473
2024-01-07 13:30:00,24.46882951998265
2024-01-07 13:35:00,22.3093816072116
2024-01-07 13:40:00,20.538148965861577
2024-01-07 13:45:00,21.84525331226453
2024-01-07 13:50:00,21.93024069114651
2024-01-07 13:55:00,20.80364840843934
2024-01-07 14:00:00,22.416091348824654
2024-01-07 14:05:00,29.845864281511933
2024-01-07 14:10:00,25.69495339125802
2024-01-07 14:15:00,22.269354327376423
2024-01-07 14:20:00,26.23909321753601
2024-01-07 14:25:00,22.115997640469025
2024-01-07 14:30:00,28.14377414983963
2024-01-07 14:35:00,24.92984436828544
2024-01-07 14:40:00,23.02206702347615
2024-01-07 14:45:00,25.242143302734178
2024-01-07 14:50:00,17.16777099121907
2024-01-07 14:55:00,18.944205723853845
2024-01-07 15:00:00,22.282721244948085
2024-01-07 15:05:00,27.630193649599136
2024-01-07 15:10:00,33.98848126848468
2024-01-07 15:15:00,35.98362185531484
2024-01-07 15:20:00,29.610625676307336
2024-01-07 15:25:00,29.061799170322136
2024-01-07 15:30:00,19.854190333933357
2024-01-07 15:35:00,24.88772607160822
2024-01-07 15:40:00,23.907286262911352
2024-01-07 15:45:00,24.575030877539845
2024-01-07 15:50:00,26.38584599620515
2024-01-07 15:55:00,25.1700589597558
2024-01-07 16:00:00,24.79131338255905
2024-01-07 16:05:00,35.700153648532336
2024-01-07 16:10:00,28.41754052110297
2024-01-07 16:15:00,33.6655000805068
2024-01-07 16:20:00,41.004843303062096
2024-01-07 16:25:00,29.030974257716508
2024-01-07 16:30:00,22.587362533076885
2024-01-07 16:35:00,31.56449573654176
2024-01-07 16:40:00,37.11235116405648
2024-01-07 16:45:00,40.541902440944575
2024-01-07 16:50:00,27.79031424625253
2024-01-07 16:55:00,34.69530951700829
2024-01-07 17:00:00,33.88875819936605
2024-01-07 17:05:00,35.32620660926972
2024-01-07 17:10:00,46.3273734145544
2024-01-07 17:15:00,29.73811871290565
2024-01-07 17:20:00,36.76495867246456
2024-01-07 17:25:00,37.62077271354799
2024-01-07 17:30:00,40.09314532624365
2024-01-07 17:35:00,36.141932640369845
2024-01-07 17:40:00,36.98220218450267
2024-01-07 17:45:00,34.1834057567991
2024-01-07 17:50:00,36.82650779146669
2024-01-07 17:55:00,34.37723092449662
2024-01-07 18:00:00,35.19479832688518
2024-01-07 18:05:00,31.23006942328644
2024-01-07 18:10:00,34.21691234306972
2024-01-07 18:15:00,32.59145951272106
2024-01-07 18:20:00,37.212711770549646
2024-01-07 18:25:00,32.50293587310703
2024-01-07 18:30:00,25.616380894633444
2024-01-07 18:35:00,37.75619677031694
2024-01-07 18:40:00,29.085581564010496
2024-01-07 18:45:00,30.09344541286569
2024-01-07 18:50:00,30.325865591287
2024-01-07 18:55:00,38.206263140144245
2024-01-07 19:00:00,18.51564546019376
2024-01-07 19:05:00,39.60933645074852
2024-01-07 19:10:00,31.28256955237275
2024-01-07 19:15:00,27.951297972625177
2024-01-07 19:20:00,26.838766313643397
2024-01-07 19:25:00,28.20055861553917
2024-01-07 19:30:00,29.142832029625893
2024-01-07 19:35:00,29.639204659908767
2024-01-07 19:40:00,29.280760180122336
2024-01-07 19:45:00,27.416665041129534
2024-01-07 19:50:00,26.26898863487924
2024-01-07 19:55:00,26.45324918149449
2024-01-07 20:00:00,22.66960621631492
2024-01-07 20:05:00,27.984319725193902
2024-01-07 20:10:00,25.82346622684909
2024-01-07 20:15:00,11.687684799068522
2024-01-07 20:20:00,26.07284244384469
2024-01-07 20:25:00,24.228184116600744
2024-01-07 20:30:00,23.37440431194205
2024-01-07 20:35:00,21.8951655253701
2024-01-07 20:40:00,27.945690217669696
2024-01-07 20:45:00,27.23934518621708
2024-01-07 20:50:00,20.357728666431207
2024-01-07 20:55:00,25.077448486223783
2024-01-07 21:00:00,18.365213096554957
2024-01-07 21:05:00,16.733367375564374
2024-01-07 21:10:00,19.744971136360235
2024-01-07 21:15:00,25.70141392425113
2024-01-07 21:20:00,26.064340216224444
2024-01-07 21:25:00,24.30418171510927
2024-01-07 21:30:00,25.152223182112085
2024-01-07 21:35:00,24.31655318317993
2024-01-07 21:40:00,19.685913653828287
2024-01-07 21:45:00,23.97953021341586
2024-01-07 21:50:00,25.453478135630824
2024-01-07 21:55:00,25.269005353974396
2024-01-07 22:00:00,26.782197230271706
2024-01-07 22:05:00,24.859759133177388
2024-01-07 22:10:00,23.432336574539463
2024-01-07 22:15:00,26.30714469763884
2024-01-07 22:20:00,21.92045870737689
2024-01-07 22:25:00,18.49904513946226
2024-01-07 22:30:00,21.37427588859808
2024-01-07 22:35:00,19.046933165147337
2024-01-07 22:40:00,19.325830644475605
2024-01-07 22:45:00,21.448469061511062
2024-01-07 22:50:00,18.856864060373287
2024-01-07 22:55:00,20.794697625816973
2024-01-07 23:00:00,14.427238216991054
2024-01-07 23:05:00,22.85487171429795
2024-01-07 23:10:00,22.006518786255093
2024-01-07 23:15:00,18.733342360533435
2024-01-07 23:20:00,24.638679558535816
2024-01-07 23:25:00,25.75197743531243
2024-01-07 23:30:00,15.5714574273303
2024-01-07 23:35:00,18.95079777054134
2024-01-07 23:40:00,18.925127485657004
2024-01-07 23:45:00,18.24208448037074
2024-01-07 23:50:00,25.31959625253319
2024-01-07 23:55:00,21.226392329714983
2024-01-08 00:00:00,38.9419440108128
2024-01-08 00:05:00,31.984553918428222
2024-01-08 00:10:00,42.54167549689215
2024-01-08 00:15:00,35.04296979664135
2024-01-08 00:20:00,40.23973389712055
2024-01-08 00:25:00,41.109511127888005
2024-01-08 00:30:00,45.44263775940984
2024-01-08 00:35:00,34.76472177957879
2024-01-08 00:40:00,27.92195475277194
2024-01-08 00:45:00,40.73540155507002
2024-01-08 00:50:00,47.20204810209866
2024-01-08 00:55:00,44.95578878781299
2024-01-08 01:00:00,40.83878121462027
2024-01-08 01:05:00,38.03359881099357
2024-01-08 01:10:00,43.228633940071006
2024-01-08 01:15:00,36.10595875470389
2024-01-08 01:20:00,41.905574630946646
2024-01-08 01:25:00,42.02202419018828
2024-01-08 01:30:00,44.24098318351729
2024-01-08 01:35:00,51.03878370916608
2024-01-08 01:40:00,41.56980742223684
2024-01-08 01:45:00,37.964289050691775
2024-01-08 01:50:00,39.89784630475379
2024-01-08 01:55:00,32.9238399339653
2024-01-08 02:00:00,37.224849769766365
2024-01-08 02:05:00,38.36657254167018
2024-01-08 02:10:00,37.90734870238423
2024-01-08 02:15:00,40.61312178225749
2024-01-08 02:20:00,36.7140225645938
2024-01-08 02:25:00,44.48782496342048
2024-01-08 02:30:00,40.00453055379538
2024-01-08 02:35:00,39.96650100956814
2024-01-08 02:40:00,38.69212342807093
2024-01-08 02:45:00,40.62446502955852
2024-01-08 02:50:00,43.304095352793134
2024-01-08 02:55:00,36.53518143127899
2024-01-08 03:00:00,37.42544766778581
2024-01-08 03:05:00,38.843009508980174
2024-01-08 03:10:00,34.674429930193966
2024-01-08 03:15:00,36.78088218520084
2024-01-08 03:20:00,38.1530301299082
2024-01-08 03:25:00,43.55547034693774
2024-01-08 03:30:00,41.108158940094526
2024-01-08 03:35:00,40.83227326955701
2024-01-08 03:40:00,43.46150547275872
2024-01-08 03:45:00,39.50842647048924
2024-01-08 03:50:00,41.61977302380239
2024-01-08 03:55:00,39.64502661235685
2024-01-08 04:00:00,41.610918564260544
2024-01-08 04:05:00,38.2184345362157
2024-01-08 04:10:00,30.794200533556317
2024-01-08 04:15:00,40.01235251791681
2024-01-08 04:20:00,46.24046171106179
2024-01-08 04:25:00,44.2543307756284
2024-01-08 04:30:00,44.41105910502671
2024-01-08 04:35:00,45.4939920538869
2024-01-08 04:40:00,40.90409953050778
2024-01-08 04:45:00,41.33873199628441
2024-01-08 04:50:00,38.078861584924624
2024-01-08 04:55:00,39.28517774255383
2024-01-08 05:00:00,45.62506133594051
2024-01-08 05:05:00,47.9775144855312
2024-01-08 05:10:00,42.60419163413194
2024-01-08 05:15:00,41.36121967745029
2024-01-08 05:20:00,43.16408857228233
2024-01-08 05:25:00,45.5668037325724
2024-01-08 05:30:00,37.386557472321776
2024-01-08 05:35:00,33.97725292430699
2024-01-08 05:40:00,40.959829338889605
2024-01-08 05:45:00,38.27912703319931
2024-01-08 05:50:00,41.1294159462667
2024-01-08 05:55:00,42.570855461586056
2024-01-08 06:00:00,49.22338959905304
2024-01-08 06:05:00,56.84625337302807
2024-01-08 06:10:00,52.34336229355437
2024-01-08 06:15:00,52.2382806735884
2024-01-08 06:20:00,53.5252118113187
2024-01-08 06:25:00,46.481050764022015
2024-01-08 06:30:00,55.192830384826166
2024-01-08 06:35:00,50.73332608900325
2024-01-08 06:40:00,53.71830570410994
2024-01-08 06:45:00,46.74895430298447
2024-01-08 06:50:00,44.82134817108083
2024-01-08 06:55:00,54.307941867245205
2024-01-08 07:00:00,64.86966159687941
2024-01-08 07:05:00,59.7558172750593
2024-01-08 07:10:00,59.885371167390566
2024-01-08 07:15:00,67.86576263014842
2024-01-08 07:20:00,58.60637592102003
2024-01-08 07:25:00,69.9347153055132
2024-01-08 07:30:00,59.76154055389787
2024-01-08 07:35:00,65.91759119492288
2024-01-08 07:40:00,62.04954958949341
2024-01-08 07:45:00,65.77677321681871
2024-01-08 07:50:00,61.18756748403258
2024-01-08 07:55:00,62.71285186820017
2024-01-08 08:00:00,70.16367674171359
2024-01-08 08:05:00,65.9912502170048
2024-01-08 08:10:00,72.9632974218112
2024-01-08 08:15:00,67.94714577424436
2024-01-08 08:20:00,69.08560037877062
2024-01-08 08:25:00,66.02260254169666
2024-01-08 08:30:00,59.75066540494946
2024-01-08 08:35:00,69.23588898973003
2024-01-08 08:40:00,79.65046172658236
2024-01-08 08:45:00,73.1384171917228
2024-01-08 08:50:00,69.92295852119312
2024-01-08 08:55:00,68.94843672329763
2024-01-08 09:00:00,63.4538898767697
2024-01-08 09:05:00,65.55250276622235
2024-01-08 09:10:00,58.64077504428613
2024-01-08 09:15:00,67.821313084197
2024-01-08 09:20:00,66.22555156728649
2024-01-08 09:25:00,66.23676920835325
2024-01-08 09:30:00,65.11792926076042
2024-01-08 09:35:00,63.44249293629747
2024-01-08 09:40:00,66.05547124938879
2024-01-08 09:45:00,65.73128284048703
2024-01-08 09:50:00,61.94786346175741
2024-01-08 09:55:00,61.06961921393391
2024-01-08 10:00:00,51.44392804412602
2024-01-08 10:05:00,57.23258346905882
2024-01-08 10:10:00,46.080074560462464
2024-01-08 10:15:00,45.16640180006831
2024-01-08 10:20:00,51.695546228024135
2024-01-08 10:25:00,51.24005367050214
2024-01-08 10:30:00,51.7298695205597
2024-01-08 10:35:00,52.01231565471207
2024-01-08 10:40:00,50.14369384453885
2024-01-08 10:45:00,56.9959566174864
2024-01-08 10:50:00,44.632886949172
2024-01-08 10:55:00,47.722514763957086
2024-01-08 11:00:00,42.75204294136192
2024-01-08 11:05:00,36.59230673734143
2024-01-08 11:10:00,42.46164436422982
2024-01-08 11:15:00,49.810942644870174
2024-01-08 11:20:00,43.24860793514195
2024-01-08 11:25:00,44.08786560483284
2024-01-08 11:30:00,38.12440292126778
2024-01-08 11:35:00,40.6996163498002
2024-01-08 11:40:00,41.66427646066236
2024-01-08 11:45:00,41.894201594933165
2024-01-08 11:50:00,48.29163716197318
2024-01-08 11:55:00,45.3958262248586
2024-01-08 12:00:00,36.15189869231959
2024-01-08 12:05:00,41.58374963379574
2024-01-08 12:10:00,42.59061751405486
2024-01-08 12:15:00,45.15832667415279
2024-01-08 12:20:00,46.91989326634121
2024-01-08 12:25:00,36.537353752756246
2024-01-08 12:30:00,37.35430047522637
2024-01-08 12:35:00,35.56741908440925
2024-01-08 12:40:00,39.6616510836398
2024-01-08 12:45:00,42.46316401785306
2024-01-08 12:50:00,44.54706858642413
2024-01-08 12:55:00,40.29392642549763
2024-01-08 13:00:00,39.23641450328581
2024-01-08 13:05:00,41.12283656530014
2024-01-08 13:10:00,37.17523298978509
2024-01-08 13:15:00,48.87395948308428
2024-01-08 13:20:00,34.085160487832944
2024-01-08 13:25:00,41.25476691188808
2024-01-08 13:30:00,48.61022947322374
2024-01-08 13:35:00,40.54300397454517
2024-01-08 13:40:00,39.755648456299205
2024-01-08 13:45:00,39.08602290506347
2024-01-08 13:50:00,39.79423786925555
2024-01-08 13:55:00,46.0071984950113
2024-01-08 14:00:00,33.79123526285118
2024-01-08 14:05:00,48.772417713354514
2024-01-08 14:10:00,36.94285429836863
2024-01-08 14:15:00,41.57207359123155
2024-01-08 14:20:00,40.92170522697456
2024-01-08 14:25:00,44.99289598725209
2024-01-08 14:30:00,36.24618550063422
2024-01-08 14:35:00,44.48737357249698
2024-01-08 14:40:00,50.73592140131662
2024-01-08 14:45:00,37.18598688979797
2024-01-08 14:50:00,43.39750757861079
2024-01-08 14:55:00,39.99075419698277
2024-01-08 15:00:00,50.90067840757997
2024-01-08 15:05:00,49.27372069247083
2024-01-08 15:10:00,46.63118194663059
2024-01-08 15:15:00,51.14861872229212
2024-01-08 15:20:00,56.4145220219548
2024-01-08 15:25:00,48.43351441589863
2024-01-08 15:30:00,52.07616135140055
2024-01-08 15:35:00,44.02403775132317
2024-01-08 15:40:00,45.371384075535794
2024-01-08 15:45:00,51.086754694329336
2024-01-08 15:50:00,55.133593696951685
2024-01-08 15:55:00,50.61958297795047
2024-01-08 16:00:00,58.21779083074775
2024-01-08 16:05:00,59.467188574533786
2024-01-08 16:10:00,54.468392016961495
2024-01-08 16:15:00,61.88808425826184
2024-01-08 16:20:00,62.999355202134005
2024-01-08 16:25:00,57.661661621508046
2024-01-08 16:30:00,57.58985436180236
2024-01-08 16:35:00,60.53353587144856
2024-01-08 16:40:00,57.723144008677984
2024-01-08 16:45:00,59.20549249433708
2024-01-08 16:50:00,67.86891010950643
2024-01-08 16:55:00,58.48192014985638
2024-01-08 17:00:00,63.566639440071945
2024-01-08 17:05:00,62.4098328256162
2024-01-08 17:10:00,67.97676793415658
2024-01-08 17:15:00,64.27510335528443
2024-01-08 17:20:00,62.40250789487113
2024-01-08 17:25:00,70.28521617724888
2024-01-08 17:30:00,70.67841206621138
2024-01-08 17:35:00,62.598305785202015
2024-01-08 17:40:00,57.53384024271437
2024-01-08 17:45:00,69.03005480750453
2024-01-08 17:50:00,62.26148074511682
2024-01-08 17:55:00,68.16250244480791
2024-01-08 18:00:00,51.58960430635442
2024-01-08 18:05:00,63.040408930399
2024-01-08 18:10:00,54.625331860078646
2024-01-08 18:15:00,62.393076053467865
2024-01-08 18:20:00,59.52711184854751
2024-01-08 18:25:00,55.65426189961519
2024-01-08 18:30:00,57.84187432549464
2024-01-08 18:35:00,62.21529340502857
2024-01-08 18:40:00,59.8935973896627
2024-01-08 18:45:00,61.8076714990917
2024-01-08 18:50:00,67.37578191526372
2024-01-08 18:55:00,53.213053130357565
2024-01-08 19:00:00,55.66583632916274
2024-01-08 19:05:00,49.6144097793811
2024-01-08 19:10:00,45.601849835995736
2024-01-08 19:15:00,43.87573152633229
2024-01-08 19:20:00,48.44050446618012
2024-01-08 19:25:00,52.88358647698608
2024-01-08 19:30:00,48.68678954777811
2024-01-08 19:35:00,55.24160575027764
2024-01-08 19:40:00,43.392283269082014
2024-01-08 19:45:00,49.14863023790403
2024-01-08 19:50:00,44.18741225163577
2024-01-08 19:55:00,50.65151355978812
2024-01-08 20:00:00,46.18253017443582
2024-01-08 20:05:00,40.9519334393224
2024-01-08 20:10:00,32.21812518753808
2024-01-08 20:15:00,43.4307732012326
2024-01-08 20:20:00,44.38193482098065
2024-01-08 20:25:00,44.252159633893406
2024-01-08 20:30:00,47.57810938133524
2024-01-08 20:35:00,38.35076589545042
2024-01-08 20:40:00,45.35584503584842
2024-01-08 20:45:00,47.40501066395852
2024-01-08 20:50:00,35.52063027802055
2024-01-08 20:55:00,43.91358791772253
2024-01-08 21:00:00,38.44117164818766
2024-01-08 21:05:00,40.13180027981177
2024-01-08 21:10:00,41.8485969063717
2024-01-08 21:15:00,38.50897671576414
2024-01-08 21:20:00,37.7550586555719
2024-01-08 21:25:00,40.59450064217045
2024-01-08 21:30:00,36.10890721676714
2024-01-08 21:35:00,36.11459045667761
2024-01-08 21:40:00,43.17538410404436
2024-01-08 21:45:00,35.86271483158373
2024-01-08 21:50:00,43.1231409758552
2024-01-08 21:55:00,42.30825614363415
2024-01-08 22:00:00,33.14503443824331
2024-01-08 22:05:00,37.33800274406308
2024-01-08 22:10:00,44.82469896559518
2024-01-08 22:15:00,36.12359922884696
2024-01-08 22:20:00,38.19064430416814
2024-01-08 22:25:00,41.89650492641328
2024-01-08 22:30:00,43.18182339053608
2024-01-08 22:35:00,39.04210580922771
2024-01-08 22:40:00,37.65822057463912
2024-01-08 22:45:00,45.73774080019973
2024-01-08 22:50:00,47.00386000859601
2024-01-08 22:55:00,43.96369355653288
2024-01-08 23:00:00,40.344357815362265
2024-01-08 23:05:00,36.77002235853846
2024-01-08 23:10:00,36.68130761887591
2024-01-08 23:15:00,42.0931416661652
2024-01-08 23:20:00,41.6766781286569
2024-01-08 23:25:00,45.60947961688789
2024-01-08 23:30:00,42.60488561524673
2024-01-08 23:35:00,33.9907640380629
2024-01-08 23:40:00,44.21087571599384
2024-01-08 23:45:00,36.01084273584452
2024-01-08 23:50:00,38.467200157292766
2024-01-08 23:55:00,41.00388607010895
2024-01-09 00:00:00,47.982673335191095
2024-01-09 00:05:00,52.439677600076685
2024-01-09 00:10:00,42.42689561259997
2024-01-09 00:15:00,39.26721690117369
2024-01-09 00:20:00,42.13802596997744
2024-01-09 00:25:00,43.550625079550585
2024-01-09 00:30:00,38.71733287382647
2024-01-09 00:35:00,47.18084879970453
2024-01-09 00:40:00,40.92028641282085
2024-01-09 00:45:00,41.990975732420814
2024-01-09 00:50:00,42.663700384273085
2024-01-09 00:55:00,41.686349818513065
2024-01-09 01:00:00,43.35590555540021
2024-01-09 01:05:00,37.53113080733407
2024-01-09 01:10:00,37.76693653773764
2024-01-09 01:15:00,35.599526621634986
2024-01-09 01:20:00,41.758148476002674
2024-01-09 01:25:00,43.11588956757022
2024-01-09 01:30:00,41.83123501812931
2024-01-09 01:35:00,46.69811328691192
2024-01-09 01:40:00,39.97775947820558
2024-01-09 01:45:00,42.67511017589182
2024-01-09 01:50:00,35.63334004896451
2024-01-09 01:55:00,38.45174474362416
2024-01-09 02:00:00,42.785853324385705
2024-01-09 02:05:00,43.400110737095176
2024-01-09 02:10:00,38.827834503465866
2024-01-09 02:15:00,39.717305286690326
2024-01-09 02:20:00,33.93220730739936
2024-01-09 02:25:00,38.57558549089616
2024-01-09 02:30:00,43.56523494820174
2024-01-09 02:35:00,42.30452235854887
2024-01-09 02:40:00,42.00636517964744
2024-01-09 02:45:00,40.202797042846434
2024-01-09 02:50:00,40.0319549286353
2024-01-09 02:55:00,37.36241773622881
2024-01-09 03:00:00,42.85322730489697
2024-01-09 03:05:00,41.74180540164439
2024-01-09 03:10:00,42.02598901605803
2024-01-09 03:15:00,37.953774253416505
2024-01-09 03:20:00,31.44454194460185
2024-01-09 03:25:00,44.44652447110161
2024-01-09 03:30:00,38.14256380005321
2024-01-09 03:35:00,36.60681056791434
2024-01-09 03:40:00,42.831829271742805
2024-01-09 03:45:00,38.48986306441031
2024-01-09 03:50:00,44.29765916027332
2024-01-09 03:55:00,42.52593742239362
2024-01-09 04:00:00,43.28374645946394
2024-01-09 04:05:00,35.08564632185989
2024-01-09 04:10:00,45.39724510820763
2024-01-09 04:15:00,41.59447129159745
2024-01-09 04:20:00,39.07236060967722
2024-01-09 04:25:00,41.12302303603104
2024-01-09 04:30:00,33.444528235068745
2024-01-09 04:35:00,42.18408041258471
2024-01-09 04:40:00,36.43198313393374
2024-01-09 04:45:00,35.13878802328789
2024-01-09 04:50:00,34.460032421790466
2024-01-09 04:55:00,45.00022266662173
2024-01-09 05:00:00,40.64492316208479
2024-01-09 05:05:00,49.29688757652194
2024-01-09 05:10:00,41.01877088464675
2024-01-09 05:15:00,36.33254490648415
2024-01-09 05:20:00,38.695878977061305
2024-01-09 05:25:00,48.105223216883694
2024-01-09 05:30:00,42.53838402510927
2024-01-09 05:35:00,40.968827550893536
2024-01-09 05:40:00,43.80204964026709
2024-01-09 05:45:00,45.16910768152612
2024-01-09 05:50:00,47.63157200046578
2024-01-09 05:55:00,48.955973656427645
2024-01-09 06:00:00,49.59730865198875
2024-01-09 06:05:00,45.732192490816935
2024-01-09 06:10:00,49.38252259065199
2024-01-09 06:15:00,52.07750526147663
2024-01-09 06:20:00,47.181347530302645
2024-01-09 06:25:00,47.20777957556491
2024-01-09 06:30:00,52.41153476134463
2024-01-09 06:35:00,50.84177382886328
2024-01-09 06:40:00,51.16757121679144
2024-01-09 06:45:00,48.00240189634481
2024-01-09 06:50:00,50.11478037832202
2024-01-09 06:55:00,47.33945065807187
2024-01-09 07:00:00,66.9248171369885
2024-01-09 07:05:00,67.50502083138436
2024-01-09 07:10:00,55.979272043536966
2024-01-09 07:15:00,59.6459800517197
2024-01-09 07:20:00,57.37790647212903
2024-01-09 07:25:00,60.76392775486176
2024-01-09 07:30:00,63.03027161332791
2024-01-09 07:35:00,57.565442613695225
2024-01-09 07:40:00,59.676584239988095
2024-01-09 07:45:00,59.34819400416336
2024-01-09 07:50:00,64.19309281008512
2024-01-09 07:55:00,63.64140084063435
2024-01-09 08:00:00,67.11304982678169
2024-01-09 08:05:00,70.7072835286883
2024-01-09 08:10:00,67.81327970178164
2024-01-09 08:15:00,68.91337959882648
2024-01-09 08:20:00,76.69380840132484
2024-01-09 08:25:00,75.3618442472921
2024-01-09 08:30:00,64.80167509242031
2024-01-09 08:35:00,73.3189297116474
2024-01-09 08:40:00,73.24558625809706
2024-01-09 08:45:00,65.40694688512022
2024-01-09 08:50:00,73.27511061515014
2024-01-09 08:55:00,76.15172771378091
2024-01-09 09:00:00,58.873847080543854
2024-01-09 09:05:00,59.69401502146446
2024-01-09 09:10:00,67.43467217289552
2024-01-09 09:15:00,64.4500075488241
2024-01-09 09:20:00,65.56993140647961
2024-01-09 09:25:00,64.7263831711235
2024-01-09 09:30:00,64.92680998923409
2024-01-09 09:35:00,58.05813779227718
2024-01-09 09:40:00,67.5532971320073
2024-01-09 09:45:00,68.0423862752326
2024-01-09 09:50:00,62.44646332924941
2024-01-09 09:55:00,63.19011850626606
2024-01-09 10:00:00,44.91207285285518
2024-01-09 10:05:00,53.09352188714941
2024-01-09 10:10:00,53.32473262993464
2024-01-09 10:15:00,50.78773879508083
2024-01-09 10:20:00,55.53391630256008
2024-01-09 10:25:00,49.70019393915831
2024-01-09 10:30:00,53.29492656665247
2024-01-09 10:35:00,46.95784550830961
2024-01-09 10:40:00,50.94229425958112
2024-01-09 10:45:00,50.339085831466726
2024-01-09 10:50:00,51.93773455124184
2024-01-09 10:55:00,49.55839514774463
2024-01-09 11:00:00,42.63917159927144
2024-01-09 11:05:00,46.469250667724125
2024-01-09 11:10:00,41.41800503300524
2024-01-09 11:15:00,36.73875357900339
2024-01-09 11:20:00,50.16339759877979
2024-01-09 11:25:00,48.69087829672005
2024-01-09 11:30:00,37.99601120153563
2024-01-09 11:35:00,45.923893202938885
2024-01-09 11:40:00,41.15316289975273
2024-01-09 11:45:00,44.21901084328234
2024-01-09 11:50:00,44.34195849801208
2024-01-09 11:55:00,42.22743078069281
2024-01-09 12:00:00,37.46266785772214
2024-01-09 12:05:00,37.83556631080268
2024-01-09 12:10:00,36.93296285814275
2024-01-09 12:15:00,37.27044168714594
2024-01-09 12:20:00,40.3290173598703
2024-01-09 12:25:00,37.73469056362471
2024-01-09 12:30:00,43.3259387829182
2024-01-09 12:35:00,46.54671514141143
2024-01-09 12:40:00,38.27751755458755
2024-01-09 12:45:00,41.55534852220923
2024-01-09 12:50:00,42.59647096127946
2024-01-09 12:55:00,42.48573960374482
2024-01-09 13:00:00,40.81962566796953
2024-01-09 13:05:00,43.48653426974407
2024-01-09 13:10:00,42.444800407027806
2024-01-09 13:15:00,35.565154906995986
2024-01-09 13:20:00,43.99242885386227
2024-01-09 13:25:00,44.06496794537215
2024-01-09 13:30:00,37.462660179590856
2024-01-09 13:35:00,40.66755593809559
2024-01-09 13:40:00,43.24912056754946
2024-01-09 13:45:00,39.67854931798773
2024-01-09 13:50:00,44.80771678736923
2024-01-09 13:55:00,49.97129457478263
2024-01-09 14:00:00,39.49473877762928
2024-01-09 14:05:00,37.11450449555411
2024-01-09 14:10:00,43.85395729058871
2024-01-09 14:15:00,45.524932928673785
2024-01-09 14:20:00,41.71521741279013
2024-01-09 14:25:00,48.451725561453344
2024-01-09 14:30:00,37.28425970927621
2024-01-09 14:35:00,45.41035740029565
2024-01-09 14:40:00,40.215239625133634
2024-01-09 14:45:00,49.5161945329984
2024-01-09 14:50:00,50.60874432084168
2024-01-09 14:55:00,39.572056557035815
2024-01-09 15:00:00,46.998901039173504
2024-01-09 15:05:00,52.63548113072703
2024-01-09 15:10:00,47.64860698364977
2024-01-09 15:15:00,49.01548471107887
2024-01-09 15:20:00,49.29868326497746
2024-01-09 15:25:00,41.5184369580172
2024-01-09 15:30:00,49.14177859843088
2024-01-09 15:35:00,46.43821848655113
2024-01-09 15:40:00,47.224638293208734
2024-01-09 15:45:00,54.97165759668308
2024-01-09 15:50:00,44.1711020056908
2024-01-09 15:55:00,52.44995032979973
2024-01-09 16:00:00,58.354171231513135
2024-01-09 16:05:00,58.35098227885703
2024-01-09 16:10:00,62.63151053704721
2024-01-09 16:15:00,60.83022813111593
2024-01-09 16:20:00,61.75247494171849
2024-01-09 16:25:00,63.34276159497181
2024-01-09 16:30:00,58.144789420107074
2024-01-09 16:35:00,57.02107601480937
2024-01-09 16:40:00,55.12942084660917
2024-01-09 16:45:00,56.16838083292455
2024-01-09 16:50:00,71.26640065407527
2024-01-09 16:55:00,64.44874127578751
2024-01-09 17:00:00,59.59570258332475
2024-01-09 17:05:00,59.71016822118256
2024-01-09 17:10:00,66.9274642950308
2024-01-09 17:15:00,67.1890592376687
2024-01-09 17:20:00,67.1955353894263
2024-01-09 17:25:00,63.98017687394204
2024-01-09 17:30:00,64.49818300814523
2024-01-09 17:35:00,66.31151814479426
2024-01-09 17:40:00,65.34357207333015
2024-01-09 17:45:00,56.122798557166696
2024-01-09 17:50:00,64.08080152585606
2024-01-09 17:55:00,61.59437431111558
2024-01-09 18:00:00,60.17086525283582
2024-01-09 18:05:00,71.41105558761541
2024-01-09 18:10:00,60.93994623909899
2024-01-09 18:15:00,58.215900832512176
2024-01-09 18:20:00,63.15722558511078
2024-01-09 18:25:00,61.40077112603862
2024-01-09 18:30:00,61.150397539009134
2024-01-09 18:35:00,61.897421950064455
2024-01-09 18:40:00,67.69619383651994
2024-01-09 18:45:00,54.9464658358981
2024-01-09 18:50:00,61.36454788444759
2024-01-09 18:55:00,55.76449505727562
2024-01-09 19:00:00,51.41903661465724
2024-01-09 19:05:00,45.52223998334387
2024-01-09 19:10:00,47.52751877486791
2024-01-09 19:15:00,48.016626372336624
2024-01-09 19:20:00,53.10025290666708
2024-01-09 19:25:00,52.8708038050579
2024-01-09 19:30:00,44.21411652350271
2024-01-09 19:35:00,49.41672247328764
2024-01-09 19:40:00,46.35866661029156
2024-01-09 19:45:00,44.16296638658691
2024-01-09 19:50:00,48.328917827590764
2024-01-09 19:55:00,47.96305487546497
2024-01-09 20:00:00,52.34184655942871
2024-01-09 20:05:00,44.3668199154894
2024-01-09 20:10:00,37.12451061102967
2024-01-09 20:15:00,40.37588459736285
2024-01-09 20:20:00,46.72051379576421
2024-01-09 20:25:00,50.98875170552632
2024-01-09 20:30:00,36.291047365094784
2024-01-09 20:35:00,35.11528307349044
2024-01-09 20:40:00,50.11884131553375
2024-01-09 20:45:00,44.19343732353023
2024-01-09 20:50:00,39.161809686541154
2024-01-09 20:55:00,44.77349695853636
2024-01-09 21:00:00,29.91490001615084
2024-01-09 21:05:00,40.471392998606994
2024-01-09 21:10:00,41.76917566359069
2024-01-09 21:15:00,44.15497153036967
2024-01-09 21:20:00,36.4023071630482
2024-01-09 21:25:00,40.80063961783178
2024-01-09 21:30:00,36.75619246798
2024-01-09 21:35:00,41.47942599491562
2024-01-09 21:40:00,36.87650568276626
2024-01-09 21:45:00,38.825487615577465
2024-01-09 21:50:00,36.47462939305744
2024-01-09 21:55:00,43.06243593951298
2024-01-09 22:00:00,43.48206582003235
2024-01-09 22:05:00,39.10977907357604
2024-01-09 22:10:00,40.2012133332458
2024-01-09 22:15:00,34.25389569487152
2024-01-09 22:20:00,38.84955476137854
2024-01-09 22:25:00,39.84744288523871
2024-01-09 22:30:00,50.5314337175256
2024-01-09 22:35:00,35.60039325030904
2024-01-09 22:40:00,45.90497030841544
2024-01-09 22:45:00,44.035696447268926
2024-01-09 22:50:00,41.17080697136624
2024-01-09 22:55:00,47.08274329018623
2024-01-09 23:00:00,41.49150713552962
2024-01-09 23:05:00,41.55972202777389
2024-01-09 23:10:00,39.79060263303199
2024-01-09 23:15:00,44.89736077477668
2024-01-09 23:20:00,44.38896218034571
2024-01-09 23:25:00,37.50037609511732
2024-01-09 23:30:00,34.7260964667071
2024-01-09 23:35:00,39.19116269551954
2024-01-09 23:40:00,36.80293098751159
2024-01-09 23:45:00,39.74898694664075
2024-01-09 23:50:00,44.95283778383872
2024-01-09 23:55:00,38.17387862475501
2024-01-10 00:00:00,39.82870985080894
2024-01-10 00:05:00,40.23209431528882
2024-01-10 00:10:00,43.39372690487638
2024-01-10 00:15:00,31.01244604011682
2024-01-10 00:20:00,37.57320219699405
2024-01-10 00:25:00,40.84513814517313
2024-01-10 00:30:00,44.80031920176268
2024-01-10 00:35:00,38.032393586030416
2024-01-10 00:40:00,32.49379255188774
2024-01-10 00:45:00,42.47884915991978
2024-01-10 00:50:00,37.45855382075272
2024-01-10 00:55:00,35.24133673969379
2024-01-10 01:00:00,37.50276199466887
2024-01-10 01:05:00,39.26204212289837
2024-01-10 01:10:00,37.581164895368914
2024-01-10 01:15:00,31.177879325125488
2024-01-10 01:20:00,43.5884083410703
2024-01-10 01:25:00,45.099643718636656
2024-01-10 01:30:00,42.60623151887979
2024-01-10 01:35:00,35.4494008718225
2024-01-10 01:40:00,39.194177417731694
2024-01-10 01:45:00,39.974058292603935
2024-01-10 01:50:00,42.395321111769405
2024-01-10 01:55:00,42.673505508394086
2024-01-10 02:00:00,37.06700709900861
2024-01-10 02:05:00,40.33168451977684
2024-01-10 02:10:00,41.83282391258357
2024-01-10 02:15:00,45.82699158270967
2024-01-10 02:20:00,42.82172845342149
2024-01-10 02:25:00,43.15992904362467
2024-01-10 02:30:00,40.33900880584004
2024-01-10 02:35:00,45.64553887493661
2024-01-10 02:40:00,41.64275347796059
2024-01-10 02:45:00,36.55935065342832
2024-01-10 02:50:00,45.61718217462336
2024-01-10 02:55:00,42.79531538427871
2024-01-10 03:00:00,38.2857375395729
2024-01-10 03:05:00,38.139941754489854
2024-01-10 03:10:00,41.24421580464988
2024-01-10 03:15:00,41.91065280515717
2024-01-10 03:20:00,40.84708268661166
2024-01-10 03:25:00,41.303148317858366
2024-01-10 03:30:00,46.85774312239235
2024-01-10 03:35:00,44.34408623302637
2024-01-10 03:40:00,40.82045598914693
2024-01-10 03:45:00,43.82315594715676
2024-01-10 03:50:00,35.92781800997667
2024-01-10 03:55:00,41.649621823874064
2024-01-10 04:00:00,47.78669456559447
2024-01-10 04:05:00,39.67728558509253
2024-01-10 04:10:00,37.15893345218569
2024-01-10 04:15:00,37.94111361228978
2024-01-10 04:20:00,36.19093701729248
2024-01-10 04:25:00,37.41042153415121
2024-01-10 04:30:00,39.06743677230191
2024-01-10 04:35:00,34.92720108994746
2024-01-10 04:40:00,40.61194250246045
2024-01-10 04:45:00,44.15857786180862
2024-01-10 04:50:00,36.918444446074346
2024-01-10 04:55:00,46.626604861229104
2024-01-10 05:00:00,45.20514509096632
2024-01-10 05:05:00,47.28429907935217
2024-01-10 05:10:00,40.53063852144739
2024-01-10 05:15:00,46.5800776451224
2024-01-10 05:20:00,38.79424113527469
2024-01-10 05:25:00,46.722966740201976
2024-01-10 05:30:00,43.84933409603006
2024-01-10 05:35:00,45.37498161679508
2024-01-10 05:40:00,38.45959831435653
2024-01-10 05:45:00,39.58169736774952
2024-01-10 05:50:00,45.55088960986948
2024-01-10 05:55:00,39.36858471995914
2024-01-10 06:00:00,52.88920840354158
2024-01-10 06:05:00,45.567832009304105
2024-01-10 06:10:00,54.42908008581176
2024-01-10 06:15:00,46.106289976071054
2024-01-10 06:20:00,53.24558298586318
2024-01-10 06:25:00,53.53890696972909
2024-01-10 06:30:00,48.24929596142679
2024-01-10 06:35:00,53.364489503484
2024-01-10 06:40:00,52.07815228847931
2024-01-10 06:45:00,48.88101581037414
2024-01-10 06:50:00,47.00216449884026
2024-01-10 06:55:00,43.18588046845477
2024-01-10 07:00:00,64.76262368168813
2024-01-10 07:05:00,57.10481240704112
2024-01-10 07:10:00,63.74540029025458
2024-01-10 07:15:00,62.31023062816035
2024-01-10 07:20:00,66.08059459424213
2024-01-10 07:25:00,62.15584149452989
2024-01-10 07:30:00,62.04623234710098
2024-01-10 07:35:00,66.29150630964253
2024-01-10 07:40:00,64.70425560882582
2024-01-10 07:45:00,64.62864732122046
2024-01-10 07:50:00,65.24109385172345
2024-01-10 07:55:00,57.22173499966093
2024-01-10 08:00:00,73.02715476007863
2024-01-10 08:05:00,72.4498752161851
2024-01-10 08:10:00,65.93326752582472
2024-01-10 08:15:00,69.02367814543389
2024-01-10 08:20:00,69.84277088962017
2024-01-10 08:25:00,69.46201290252377
2024-01-10 08:30:00,71.33543990640484
2024-01-10 08:35:00,75.72546716745543
2024-01-10 08:40:00,74.32706695082202
2024-01-10 08:45:00,64.75112326640507
2024-01-10 08:50:00,72.4882800013549
2024-01-10 08:55:00,75.31573331827234
2024-01-10 09:00:00,64.91126038827832
2024-01-10 09:05:00,67.72794800626538
2024-01-10 09:10:00,71.41310808832458
2024-01-10 09:15:00,67.45886448994943
2024-01-10 09:20:00,64.36126068808842
2024-01-10 09:25:00,67.54438020186052
2024-01-10 09:30:00,63.94357763790908
2024-01-10 09:35:00,63.45963847866133
2024-01-10 09:40:00,61.95836936266658
2024-01-10 09:45:00,69.61767974084995
2024-01-10 09:50:00,60.09031164175351
2024-01-10 09:55:00,69.49349720423398
2024-01-10 10:00:00,53.03595935803956
2024-01-10 10:05:00,45.43927816387031
2024-01-10 10:10:00,52.50710003504376
2024-01-10 10:15:00,42.636396832471576
2024-01-10 10:20:00,53.53853493040221
2024-01-10 10:25:00,54.57742879503403
2024-01-10 10:30:00,48.66707904046986
2024-01-10 10:35:00,51.5306936469004
2024-01-10 10:40:00,58.85313259807921
2024-01-10 10:45:00,49.013516046030325
2024-01-10 10:50:00,46.80087251485167
2024-01-10 10:55:00,56.96315647292847
2024-01-10 11:00:00,51.01541074408128
2024-01-10 11:05:00,43.17984466934949
2024-01-10 11:10:00,47.21091412359153
2024-01-10 11:15:00,48.530965644081625
2024-01-10 11:20:00,40.19512505180457
2024-01-10 11:25:00,41.22383864048663
2024-01-10 11:30:00,48.08856003457704
2024-01-10 11:35:00,49.90511909679214
2024-01-10 11:40:00,45.41658542265552
2024-01-10 11:45:00,39.64580456794989
2024-01-10 11:50:00,51.11330642875587
2024-01-10 11:55:00,41.04117839071024
2024-01-10 12:00:00,39.25717939538191
2024-01-10 12:05:00,41.967081858026205
2024-01-10 12:10:00,46.81437220292682
2024-01-10 12:15:00,44.01363442627662
2024-01-10 12:20:00,42.25719252151536
2024-01-10 12:25:00,42.45088464054015
2024-01-10 12:30:00,40.77178919464159
2024-01-10 12:35:00,42.83028857814175
2024-01-10 12:40:00,30.47949020929051
2024-01-10 12:45:00,39.411300683788525
2024-01-10 12:50:00,41.56301825973485
2024-01-10 12:55:00,35.99367418558969
2024-01-10 13:00:00,42.06109786755142
2024-01-10 13:05:00,39.69791971236069
2024-01-10 13:10:00,47.53770738956714
2024-01-10 13:15:00,46.8078834971646
2024-01-10 13:20:00,38.65258231983253
2024-01-10 13:25:00,39.9124537500384
2024-01-10 13:30:00,40.22001433387161
2024-01-10 13:35:00,38.70916669166669
2024-01-10 13:40:00,41.29590453241769
2024-01-10 13:45:00,37.48267632075482
2024-01-10 13:50:00,35.99334325655508
2024-01-10 13:55:00,43.00664949190625
2024-01-10 14:00:00,45.15680124505645
2024-01-10 14:05:00,39.42141986952924
2024-01-10 14:10:00,46.220104631219606
2024-01-10 14:15:00,40.112371991507885
2024-01-10 14:20:00,43.651343860321134
2024-01-10 14:25:00,45.92005895861903
2024-01-10 14:30:00,42.50423264935436
2024-01-10 14:35:00,44.45764655673375
2024-01-10 14:40:00,40.57296433261892
2024-01-10 14:45:00,41.85281657445682
2024-01-10 14:50:00,41.81524518464785
2024-01-10 14:55:00,39.65236952200825
2024-01-10 15:00:00,48.4900329303447
2024-01-10 15:05:00,43.00265638735284
2024-01-10 15:10:00,47.232514594239404
2024-01-10 15:15:00,48.057627609329145
2024-01-10 15:20:00,48.17241057282631
2024-01-10 15:25:00,48.23113979932471
2024-01-10 15:30:00,48.95007278336731
2024-01-10 15:35:00,51.11489565515208
2024-01-10 15:40:00,52.69519787933792
2024-01-10 15:45:00,46.59806867541476
2024-01-10 15:50:00,44.384326161251245
2024-01-10 15:55:00,45.028951933835415
2024-01-10 16:00:00,57.52121126806066
2024-01-10 16:05:00,58.06233768157433
2024-01-10 16:10:00,56.39003868805054
2024-01-10 16:15:00,54.28555629584079
2024-01-10 16:20:00,57.64553964294361
2024-01-10 16:25:00,60.19572943329625
2024-01-10 16:30:00,61.85014081618262
2024-01-10 16:35:00,57.24033074040708
2024-01-10 16:40:00,57.81803166426663
2024-01-10 16:45:00,55.763229717451125
2024-01-10 16:50:00,59.34426627134126
2024-01-10 16:55:00,56.07630841607711
2024-01-10 17:00:00,67.29251130112164
2024-01-10 17:05:00,57.85653408042039
2024-01-10 17:10:00,63.56148135834699
2024-01-10 17:15:00,66.2044294049238
2024-01-10 17:20:00,65.73533811344686
2024-01-10 17:25:00,75.77213470407882
2024-01-10 17:30:00,66.39920014642847
2024-01-10 17:35:00,60.98378166078879
2024-01-10 17:40:00,64.61814305980054
2024-01-10 17:45:00,57.89501471429103
2024-01-10 17:50:00,64.6776010509698
2024-01-10 17:55:00,61.6677758201538
2024-01-10 18:00:00,63.131580679442415
2024-01-10 18:05:00,57.27185847881963
2024-01-10 18:10:00,59.00295591402078
2024-01-10 18:15:00,56.92778821158416
2024-01-10 18:20:00,66.42542498461509
2024-01-10 18:25:00,58.18504851273012
2024-01-10 18:30:00,66.80024775111858
2024-01-10 18:35:00,62.72662662567483
2024-01-10 18:40:00,61.39828648654331
2024-01-10 18:45:00,60.94495216647185
2024-01-10 18:50:00,61.04520877006677
2024-01-10 18:55:00,51.75932925981933
2024-01-10 19:00:00,48.08145245268522
2024-01-10 19:05:00,52.57761791402553
2024-01-10 19:10:00,49.00139729539183
2024-01-10 19:15:00,43.57622664207395
2024-01-10 19:20:00,48.98736822697837
2024-01-10 19:25:00,56.013408094310215
2024-01-10 19:30:00,54.18455289142712
2024-01-10 19:35:00,48.94896999182412
2024-01-10 19:40:00,53.0027831375206
2024-01-10 19:45:00,47.73095794781604
2024-01-10 19:50:00,42.381499681981374
2024-01-10 19:55:00,45.49912207677003
2024-01-10 20:00:00,48.88653568807941
2024-01-10 20:05:00,41.5390082867294
2024-01-10 20:10:00,41.66144469654655
2024-01-10 20:15:00,41.4356278289471
2024-01-10 20:20:00,50.251526972338645
2024-01-10 20:25:00,49.13881627549488
2024-01-10 20:30:00,51.51010154783916
2024-01-10 20:35:00,41.99879977244641
2024-01-10 20:40:00,43.817478569035
2024-01-10 20:45:00,36.568410416363456
2024-01-10 20:50:00,48.54271831851972
2024-01-10 20:55:00,37.96386240897488
2024-01-10 21:00:00,41.32499322726887
2024-01-10 21:05:00,36.06868086168697
2024-01-10 21:10:00,38.102423665263565
2024-01-10 21:15:00,37.10884124801955
2024-01-10 21:20:00,38.02638992951508
2024-01-10 21:25:00,38.30140015962244
2024-01-10 21:30:00,38.26481579251804
2024-01-10 21:35:00,43.79122661933958
2024-01-10 21:40:00,36.03843979996827
2024-01-10 21:45:00,41.34005668027382
2024-01-10 21:50:00,45.32972758144059
2024-01-10 21:55:00,38.40510551416477
2024-01-10 22:00:00,37.17658579041529
2024-01-10 22:05:00,39.126162852684686
2024-01-10 22:10:00,44.76716218684853
2024-01-10 22:15:00,40.82469187721912
2024-01-10 22:20:00,37.923404174975296
2024-01-10 22:25:00,41.98376795815785
2024-01-10 22:30:00,35.63909275406
2024-01-10 22:35:00,42.77369939517749
2024-01-10 22:40:00,41.68269058421277
2024-01-10 22:45:00,38.81702746885016
2024-01-10 22:50:00,36.69391815961677
2024-01-10 22:55:00,36.501537664271865
2024-01-10 23:00:00,42.14235459048581
2024-01-10 23:05:00,44.91900725505842
2024-01-10 23:10:00,37.45385425698699
2024-01-10 23:15:00,41.83663205930811
2024-01-10 23:20:00,31.654977170693897
2024-01-10 23:25:00,37.66461432247337
2024-01-10 23:30:00,39.87884951361856
2024-01-10 23:35:00,36.36435157717484
2024-01-10 23:40:00,36.257059745943785
2024-01-10 23:45:00,37.331967019226624
2024-01-10 23:50:00,41.171856158407664
2024-01-10 23:55:00,39.25376917147667
2024-01-11 00:00:00,31.04707844275535
2024-01-11 00:05:00,31.517202765514973
2024-01-11 00:10:00,37.57254266462654
2024-01-11 00:15:00,41.830749720269445
2024-01-11 00:20:00,29.0099840051543
2024-01-11 00:25:00,38.00108267144872
2024-01-11 00:30:00,37.89501194998556
2024-01-11 00:35:00,45.55335448888903
2024-01-11 00:40:00,38.45991612920378
2024-01-11 00:45:00,41.53195931501895
2024-01-11 00:50:00,40.56503193640509
2024-01-11 00:55:00,31.47773745682644
2024-01-11 01:00:00,43.07297242004872
2024-01-11 01:05:00,40.86172957534692
2024-01-11 01:10:00,42.033218112220126
2024-01-11 01:15:00,55.705094379267074
2024-01-11 01:20:00,31.663691795527413
2024-01-11 01:25:00,46.8989301525662
2024-01-11 01:30:00,38.85035347592034
2024-01-11 01:35:00,41.149459171133806
2024-01-11 01:40:00,39.8180945723168
2024-01-11 01:45:00,38.30319821992959
2024-01-11 01:50:00,37.72081184056673
2024-01-11 01:55:00,41.31817849581381
2024-01-11 02:00:00,33.935007507435884
2024-01-11 02:05:00,43.00601896420966
2024-01-11 02:10:00,38.338924674581584
2024-01-11 02:15:00,35.48342493796117
2024-01-11 02:20:00,38.20365086213934
2024-01-11 02:25:00,45.03229916157289
2024-01-11 02:30:00,37.8623619460577
2024-01-11 02:35:00,41.43751676696108
2024-01-11 02:40:00,37.07987719126071
2024-01-11 02:45:00,43.03538969381707
2024-01-11 02:50:00,42.74573324928341
2024-01-11 02:55:00,47.398137627308245
2024-01-11 03:00:00,39.35565784208997
2024-01-11 03:05:00,42.732532843118456
2024-01-11 03:10:00,40.45018378224261
2024-01-11 03:15:00,45.24140075153889
2024-01-11 03:20:00,37.18258407365191
2024-01-11 03:25:00,43.03793487559595
2024-01-11 03:30:00,39.279124439620105
2024-01-11 03:35:00,39.80116091565284
2024-01-11 03:40:00,40.42492356188032
2024-01-11 03:45:00,41.06687520979354
2024-01-11 03:50:00,39.592997451599
2024-01-11 03:55:00,40.91676635676893
2024-01-11 04:00:00,46.861941396910765
2024-01-11 04:05:00,44.4912679091229
2024-01-11 04:10:00,44.02608753664961
2024-01-11 04:15:00,38.72731106256654
2024-01-11 04:20:00,36.99250585374873
2024-01-11 04:25:00,44.37067139961304
2024-01-11 04:30:00,44.0536563367812
2024-01-11 04:35:00,46.440151869665954
2024-01-11 04:40:00,38.13354666278511
2024-01-11 04:45:00,39.63127454522064
2024-01-11 04:50:00,33.99153251656029
2024-01-11 04:55:00,38.97958474241854
2024-01-11 05:00:00,47.14825877917373
2024-01-11 05:05:00,41.29599521994315
2024-01-11 05:10:00,45.72389591765924
2024-01-11 05:15:00,42.3999643128647
2024-01-11 05:20:00,44.45820484974218
2024-01-11 05:25:00,38.57121117759327
2024-01-11 05:30:00,43.50281453539154
2024-01-11 05:35:00,31.197432853253048
2024-01-11 05:40:00,42.414392104208
2024-01-11 05:45:00,36.64008376199538
2024-01-11 05:50:00,47.98595480304321
2024-01-11 05:55:00,46.27160614791399
2024-01-11 06:00:00,52.90306716300941
2024-01-11 06:05:00,57.12040814378261
2024-01-11 06:10:00,47.240717151845736
2024-01-11 06:15:00,58.02583602680732
2024-01-11 06:20:00,54.76514949218663
2024-01-11 06:25:00,50.0901620862693
2024-01-11 06:30:00,55.57886382387687
2024-01-11 06:35:00,46.61120918549855
2024-01-11 06:40:00,47.73832658903439
2024-01-11 06:45:00,48.60202434218628
2024-01-11 06:50:00,48.92047240288903
2024-01-11 06:55:00,46.81015266410408
2024-01-11 07:00:00,68.25635576087065
2024-01-11 07:05:00,62.32860589101002
2024-01-11 07:10:00,64.77404336591687
2024-01-11 07:15:00,61.08261802683462
2024-01-11 07:20:00,56.08161029029528
2024-01-11 07:25:00,64.44425292605503
2024-01-11 07:30:00,55.71500359081024
2024-01-11 07:35:00,63.08948730814747
2024-01-11 07:40:00,57.890763337158106
2024-01-11 07:45:00,71.31312748941258
2024-01-11 07:50:00,67.00947438118823
2024-01-11 07:55:00,63.78703865757527
2024-01-11 08:00:00,75.05482675074937
2024-01-11 08:05:00,66.61473613026776
2024-01-11 08:10:00,72.17391755481107
2024-01-11 08:15:00,70.79924177500556
2024-01-11 08:20:00,71.05608036546538
2024-01-11 08:25:00,75.08941404055777
2024-01-11 08:30:00,72.9299684512499
2024-01-11 08:35:00,71.1548946914308
2024-01-11 08:40:00,63.38045029521752
2024-01-11 08:45:00,66.15981485901284
2024-01-11 08:50:00,69.5091643057478
2024-01-11 08:55:00,70.3734895372373
2024-01-11 09:00:00,58.843211406825816
2024-01-11 09:05:00,73.0107330078352
2024-01-11 09:10:00,69.4296025265358
2024-01-11 09:15:00,65.77249958709145
2024-01-11 09:20:00,63.652173750656495
2024-01-11 09:25:00,62.515190425916906
2024-01-11 09:30:00,59.55635246543257
2024-01-11 09:35:00,63.673948379596965
2024-01-11 09:40:00,64.39503646609252
2024-01-11 09:45:00,58.396984003595016
2024-01-11 09:50:00,64.7007319745011
2024-01-11 09:55:00,62.742990110222514
2024-01-11 10:00:00,43.40527263156851
2024-01-11 10:05:00,47.59496281996006
2024-01-11 10:10:00,49.38208072939149
2024-01-11 10:15:00,58.58725349243883
2024-01-11 10:20:00,53.262715361213104
2024-01-11 10:25:00,45.69457658667851
2024-01-11 10:30:00,52.98064802074862
2024-01-11 10:35:00,44.84728690732461
2024-01-11 10:40:00,55.36726707862636
2024-01-11 10:45:00,49.15200425580655
2024-01-11 10:50:00,50.66195810812139
2024-01-11 10:55:00,56.339689453246834
2024-01-11 11:00:00,38.01640770762111
2024-01-11 11:05:00,37.57658924150614
2024-01-11 11:10:00,40.83066467657409
2024-01-11 11:15:00,47.31857738603537
2024-01-11 11:20:00,37.08767768005073
2024-01-11 11:25:00,31.836439589515827
2024-01-11 11:30:00,41.36042654832211
2024-01-11 11:35:00,45.372025181601785
2024-01-11 11:40:00,47.96610898091342
2024-01-11 11:45:00,41.312416533616506
2024-01-11 11:50:00,41.519355553494094
2024-01-11 11:55:00,47.780664918981095
2024-01-11 12:00:00,33.11876372128604
2024-01-11 12:05:00,39.04364741933568
2024-01-11 12:10:00,41.35942607976795
2024-01-11 12:15:00,42.394605405207855
2024-01-11 12:20:00,38.558503747304194
2024-01-11 12:25:00,40.73549456689109
2024-01-11 12:30:00,30.644421106415763
2024-01-11 12:35:00,37.96473687073232
2024-01-11 12:40:00,42.41176537028559
2024-01-11 12:45:00,36.668554383049
2024-01-11 12:50:00,40.83366740642611
2024-01-11 12:55:00,42.38522052327851
2024-01-11 13:00:00,39.14560779287413
2024-01-11 13:05:00,41.197659680291466
2024-01-11 13:10:00,36.66487433516673
2024-01-11 13:15:00,39.689359477521
2024-01-11 13:20:00,42.95666927466207
2024-01-11 13:25:00,41.143696440178914
2024-01-11 13:30:00,38.16967951804944
2024-01-11 13:35:00,41.41267021346835
2024-01-11 13:40:00,43.374243758851655
2024-01-11 13:45:00,32.31603948199527
2024-01-11 13:50:00,45.15210085612877
2024-01-11 13:55:00,39.17078564158089
2024-01-11 14:00:00,44.34064264113013
2024-01-11 14:05:00,47.42767060275012
2024-01-11 14:10:00,37.15198811924734
2024-01-11 14:15:00,39.800918898459024
2024-01-11 14:20:00,41.48448812466639
2024-01-11 14:25:00,39.5036688236715
2024-01-11 14:30:00,49.57842921151644
2024-01-11 14:35:00,39.21159453286204
2024-01-11 14:40:00,40.41649579022175
2024-01-11 14:45:00,43.45623903458112
2024-01-11 14:50:00,37.83008480386485
2024-01-11 14:55:00,41.05596006114416
2024-01-11 15:00:00,50.46694262780853
2024-01-11 15:05:00,47.86568796527778
2024-01-11 15:10:00,48.82358214720803
2024-01-11 15:15:00,47.07980113301434
2024-01-11 15:20:00,43.13924834608476
2024-01-11 15:25:00,50.48350242816478
2024-01-11 15:30:00,56.2168618693968
2024-01-11 15:35:00,49.27073610594158
2024-01-11 15:40:00,50.09818605179802
2024-01-11 15:45:00,51.968020603275264
2024-01-11 15:50:00,44.11980759662103
2024-01-11 15:55:00,56.007188215326245
2024-01-11 16:00:00,60.27933813853158
2024-01-11 16:05:00,65.9974505491968
2024-01-11 16:10:00,56.53789097074441
2024-01-11 16:15:00,66.74227064307166
2024-01-11 16:20:00,62.5706449289795
2024-01-11 16:25:00,61.68218329624981
2024-01-11 16:30:00,60.40612077025296
2024-01-11 16:35:00,58.47590848054257
2024-01-11 16:40:00,64.27214958673585
2024-01-11 16:45:00,60.03146243223255
2024-01-11 16:50:00,51.60174413849176
2024-01-11 16:55:00,55.00127710601236
2024-01-11 17:00:00,64.25661703938584
2024-01-11 17:05:00,66.23999598081906
2024-01-11 17:10:00,64.77364609255726
2024-01-11 17:15:00,69.87588320733148
2024-01-11 17:20:00,57.195592592002335
2024-01-11 17:25:00,65.57435179417747
2024-01-11 17:30:00,57.72808314660821
2024-01-11 17:35:00,68.0388492300935
2024-01-11 17:40:00,64.62216519038883
2024-01-11 17:45:00,66.67843993625331
2024-01-11 17:50:00,61.54446820579777
2024-01-11 17:55:00,70.11785977478785
2024-01-11 18:00:00,63.63691823343717
2024-01-11 18:05:00,61.80419678924932
2024-01-11 18:10:00,58.951950589748
2024-01-11 18:15:00,61.789448718382296
2024-01-11 18:20:00,56.64244930525237
2024-01-11 18:25:00,62.89224221328462
2024-01-11 18:30:00,66.06794315449746
2024-01-11 18:35:00,63.75246181711852
2024-01-11 18:40:00,56.55160969797213
2024-01-11 18:45:00,60.91568884629418
2024-01-11 18:50:00,54.29745340216718
2024-01-11 18:55:00,61.75958082190447
2024-01-11 19:00:00,50.9993996807384
2024-01-11 19:05:00,41.71772067115959
2024-01-11 19:10:00,44.54985065363879
2024-01-11 19:15:00,48.06443044231318
2024-01-11 19:20:00,47.99354704072494
2024-01-11 19:25:00,44.35907828761302
2024-01-11 19:30:00,50.75290094669698
2024-01-11 19:35:00,50.2028804650503
2024-01-11 19:40:00,48.41990950137417
2024-01-11 19:45:00,46.1738200286548
2024-01-11 19:50:00,53.3918145349545
2024-01-11 19:55:00,55.81861448164143
2024-01-11 20:00:00,40.70073467866047
2024-01-11 20:05:00,40.18631294542733
2024-01-11 20:10:00,44.599811275694606
2024-01-11 20:15:00,41.20286309505868
2024-01-11 20:20:00,42.07739181139368
2024-01-11 20:25:00,45.5935932209453
2024-01-11 20:30:00,34.99755626401745
2024-01-11 20:35:00,47.90818991345729
2024-01-11 20:40:00,42.92570271136398
2024-01-11 20:45:00,40.989008035797895
2024-01-11 20:50:00,42.27804399716082
2024-01-11 20:55:00,42.48469803412869
2024-01-11 21:00:00,33.53308575843865
2024-01-11 21:05:00,46.437643882031296
2024-01-11 21:10:00,40.623193501300825
2024-01-11 21:15:00,42.22989949400785
2024-01-11 21:20:00,44.264090054514526
2024-01-11 21:25:00,36.37324114197715
2024-01-11 21:30:00,42.35177856835927
2024-01-11 21:35:00,39.38732660862318
2024-01-11 21:40:00,43.84497407308432
2024-01-11 21:45:00,31.94898129081237
2024-01-11 21:50:00,40.06151377125328
2024-01-11 21:55:00,38.0466083490825
2024-01-11 22:00:00,41.77731315594232
2024-01-11 22:05:00,41.9284381028785
2024-01-11 22:10:00,37.21775777411759
2024-01-11 22:15:00,37.19956589670152
2024-01-11 22:20:00,39.60559987917637
2024-01-11 22:25:00,36.46169244414486
2024-01-11 22:30:00,43.4161961352142
2024-01-11 22:35:00,38.57143255161591
2024-01-11 22:40:00,28.420308476119125
2024-01-11 22:45:00,38.54897312691847
2024-01-11 22:50:00,35.8940860700298
2024-01-11 22:55:00,33.52315809156191
2024-01-11 23:00:00,35.05337869221188
2024-01-11 23:05:00,40.44071913243405
2024-01-11 23:10:00,45.31764855809509
2024-01-11 23:15:00,41.25582314056209
2024-01-11 23:20:00,37.57707169223921
2024-01-11 23:25:00,41.82670202578498
2024-01-11 23:30:00,38.16672400422621
2024-01-11 23:35:00,37.2246837684496
2024-01-11 23:40:00,35.38563457217023
2024-01-11 23:45:00,32.99577001809529
2024-01-11 23:50:00,38.44339041886439
2024-01-11 23:55:00,40.6352992047827
2024-01-12 00:00:00,39.61350869599568
2024-01-12 00:05:00,38.33613566426581
2024-01-12 00:10:00,36.21701913326812
2024-01-12 00:15:00,42.43298814279511
2024-01-12 00:20:00,34.7314756962689
2024-01-12 00:25:00,43.10411503142914
2024-01-12 00:30:00,35.99113530034834
2024-01-12 00:35:00,36.9902624266431
2024-01-12 00:40:00,34.13286261359253
2024-01-12 00:45:00,37.99439478851269
2024-01-12 00:50:00,43.90125320996715
2024-01-12 00:55:00,42.06251572983106
2024-01-12 01:00:00,43.91383200163391
2024-01-12 01:05:00,42.08871373725751
2024-01-12 01:10:00,35.58546423940029
2024-01-12 01:15:00,38.67698665621154
2024-01-12 01:20:00,36.87934703705192
2024-01-12 01:25:00,45.322443169677925
2024-01-12 01:30:00,35.21298896781652
2024-01-12 01:35:00,43.57493431107821
2024-01-12 01:40:00,43.57195903395685
2024-01-12 01:45:00,47.31862436038612
2024-01-12 01:50:00,38.361397183003774
2024-01-12 01:55:00,42.84943219184242
2024-01-12 02:00:00,49.13030964027797
2024-01-12 02:05:00,37.53313558638781
2024-01-12 02:10:00,33.86354130399316
2024-01-12 02:15:00,32.48366215849154
2024-01-12 02:20:00,42.85455040956792
2024-01-12 02:25:00,32.47110146188826
2024-01-12 02:30:00,38.5144260823709
2024-01-12 02:35:00,41.75295504227844
2024-01-12 02:40:00,40.744404441442256
2024-01-12 02:45:00,41.705481750859285
2024-01-12 02:50:00,40.892861717326014
2024-01-12 02:55:00,45.11916554737617
2024-01-12 03:00:00,36.24864810113164
2024-01-12 03:05:00,37.3499330702527
2024-01-12 03:10:00,36.967275843003534
2024-01-12 03:15:00,43.37868087153727
2024-01-12 03:20:00,43.65950797766708
2024-01-12 03:25:00,41.86281490136086
2024-01-12 03:30:00,44.79188829164654
2024-01-12 03:35:00,35.34575015458131
2024-01-12 03:40:00,46.72681007029138
2024-01-12 03:45:00,46.15086811093586
2024-01-12 03:50:00,43.00040161306982
2024-01-12 03:55:00,47.18510925917107
2024-01-12 04:00:00,33.922976335950935
2024-01-12 04:05:00,38.45167662161142
2024-01-12 04:10:00,37.608255323934216
2024-01-12 04:15:00,43.4353864616914
2024-01-12 04:20:00,36.348906208253446
2024-01-12 04:25:00,43.57944976401197
2024-01-12 04:30:00,46.03161374264888
2024-01-12 04:35:00,43.33028076699802
2024-01-12 04:40:00,41.68447326130804
2024-01-12 04:45:00,36.59797580305903
2024-01-12 04:50:00,37.16206530216057
2024-01-12 04:55:00,45.54794478784869
2024-01-12 05:00:00,46.27937275247727
2024-01-12 05:05:00,43.00589865934577
2024-01-12 05:10:00,41.49033855379238
2024-01-12 05:15:00,35.05874524441043
2024-01-12 05:20:00,38.87856706211819
2024-01-12 05:25:00,50.807653085414834
2024-01-12 05:30:00,38.04015445284608
2024-01-12 05:35:00,43.91989602174026
2024-01-12 05:40:00,47.19175262963674
2024-01-12 05:45:00,38.14228606484677
2024-01-12 05:50:00,43.90081863598027
2024-01-12 05:55:00,46.91363888689856
2024-01-12 06:00:00,51.08638052277409
2024-01-12 06:05:00,62.50999545781216
2024-01-12 06:10:00,44.36198619963231
2024-01-12 06:15:00,55.271297354680605
2024-01-12 06:20:00,50.34517628555923
2024-01-12 06:25:00,54.12406385449179
2024-01-12 06:30:00,52.80161184194207
2024-01-12 06:35:00,48.1037584467051
2024-01-12 06:40:00,51.95236880498245
2024-01-12 06:45:00,43.60477742955194
2024-01-12 06:50:00,53.44937323743066
2024-01-12 06:55:00,52.22901709910719
2024-01-12 07:00:00,65.91866416706175
2024-01-12 07:05:00,67.59649679283794
2024-01-12 07:10:00,64.83450285332819
2024-01-12 07:15:00,63.95638117168245
2024-01-12 07:20:00,59.83975014584418
2024-01-12 07:25:00,60.51514043789314
2024-01-12 07:30:00,68.11096197319867
2024-01-12 07:35:00,69.10936511531325
2024-01-12 07:40:00,62.41158174724113
2024-01-12 07:45:00,63.54803448150244
2024-01-12 07:50:00,59.74556599251428
2024-01-12 07:55:00,68.05505087355913
2024-01-12 08:00:00,72.66166733489781
2024-01-12 08:05:00,77.7648697859857
2024-01-12 08:10:00,66.48670773141174
2024-01-12 08:15:00,68.48796844405783
2024-01-12 08:20:00,70.925783730233
2024-01-12 08:25:00,72.58595819103378
2024-01-12 08:30:00,69.13732948994017
2024-01-12 08:35:00,66.5081556783159
2024-01-12 08:40:00,73.52563015582498
2024-01-12 08:45:00,72.88454149031303
2024-01-12 08:50:00,66.3349036378758
2024-01-12 08:55:00,75.42177124455269
2024-01-12 09:00:00,68.04482114230792
2024-01-12 09:05:00,63.90121229451268
2024-01-12 09:10:00,63.68241775502566
2024-01-12 09:15:00,65.58025738998514
2024-01-12 09:20:00,59.91721402449648
2024-01-12 09:25:00,63.48415222217784
2024-01-12 09:30:00,54.75449212708479
2024-01-12 09:35:00,66.86984888753325
2024-01-12 09:40:00,57.11805341575408
2024-01-12 09:45:00,69.3777056192375
2024-01-12 09:50:00,62.043545929655714
2024-01-12 09:55:00,62.5173583777968
2024-01-12 10:00:00,48.525567238740045
2024-01-12 10:05:00,49.884347367389765
2024-01-12 10:10:00,56.71062824367021
2024-01-12 10:15:00,41.08526823693775
2024-01-12 10:20:00,56.14436440743082
2024-01-12 10:25:00,52.3885967874849
2024-01-12 10:30:00,46.208416271649206
2024-01-12 10:35:00,46.73525329088112
2024-01-12 10:40:00,57.74207497191088
2024-01-12 10:45:00,47.25447534330714
2024-01-12 10:50:00,46.42310082069423
2024-01-12 10:55:00,55.585761032536986
2024-01-12 11:00:00,44.51927348710176
2024-01-12 11:05:00,39.41335967581251
2024-01-12 11:10:00,44.03156188357658
2024-01-12 11:15:00,39.062051247396994
2024-01-12 11:20:00,47.56834757564853
2024-01-12 11:25:00,47.41054584145064
2024-01-12 11:30:00,45.29308677724588
2024-01-12 11:35:00,44.61170622694617
2024-01-12 11:40:00,50.2098144814276
2024-01-12 11:45:00,43.163807291511006
2024-01-12 11:50:00,38.4375654802749
2024-01-12 11:55:00,44.96295763328733
2024-01-12 12:00:00,48.94191871821617
2024-01-12 12:05:00,36.53869254732431
2024-01-12 12:10:00,39.15187945329178
2024-01-12 12:15:00,42.26351467247353
2024-01-12 12:20:00,40.38211112404476
2024-01-12 12:25:00,36.668516198558464
2024-01-12 12:30:00,45.08516194498961
2024-01-12 12:35:00,49.87789340813676
2024-01-12 12:40:00,41.38225635616335
2024-01-12 12:45:00,36.98145736112372
2024-01-12 12:50:00,34.40188841985382
2024-01-12 12:55:00,41.62963444495245
2024-01-12 13:00:00,44.93131396957021
2024-01-12 13:05:00,42.41647558228671
2024-01-12 13:10:00,40.506189232629765
2024-01-12 13:15:00,38.15871798914796
2024-01-12 13:20:00,36.147150065432825
2024-01-12 13:25:00,43.85480990160471
2024-01-12 13:30:00,44.17089108184752
2024-01-12 13:35:00,34.332885449542246
2024-01-12 13:40:00,46.87516050902792
2024-01-12 13:45:00,42.81208947988119
2024-01-12 13:50:00,46.11418317688835
2024-01-12 13:55:00,35.14729360236472
2024-01-12 14:00:00,37.175386286507454
2024-01-12 14:05:00,42.04280566910002
2024-01-12 14:10:00,44.64982061574999
2024-01-12 14:15:00,49.82412619987706
2024-01-12 14:20:00,45.462998563429736
2024-01-12 14:25:00,41.66795780092107
2024-01-12 14:30:00,38.53320607750564
2024-01-12 14:35:00,47.55868519904581
2024-01-12 14:40:00,38.77986120516635
2024-01-12 14:45:00,49.1525571272585
2024-01-12 14:50:00,41.50114430974317
2024-01-12 14:55:00,49.00101119864061
2024-01-12 15:00:00,51.91285474304494
2024-01-12 15:05:00,48.64914762503799
2024-01-12 15:10:00,47.11954409550332
2024-01-12 15:15:00,47.83349807342351
2024-01-12 15:20:00,50.91039635230877
2024-01-12 15:25:00,49.50575556767869
2024-01-12 15:30:00,46.82188395053301
2024-01-12 15:35:00,48.5346039415373
2024-01-12 15:40:00,49.51143770168442
2024-01-12 15:45:00,40.68219320514858
2024-01-12 15:50:00,51.02980204196262
2024-01-12 15:55:00,45.2782446839406
2024-01-12 16:00:00,54.85669334001739
2024-01-12 16:05:00,52.72064556439753
2024-01-12 16:10:00,52.294452961368805
2024-01-12 16:15:00,54.04823294039121
2024-01-12 16:20:00,56.6339391223184
2024-01-12 16:25:00,67.28305950294664
2024-01-12 16:30:00,57.36650424925955
2024-01-12 16:35:00,60.181023377912496
2024-01-12 16:40:00,61.07194849886568
2024-01-12 16:45:00,59.99428369770376
2024-01-12 16:50:00,59.1602491099364
2024-01-12 16:55:00,54.688847898443385
2024-01-12 17:00:00,70.80371024127368
2024-01-12 17:05:00,72.22878662270837
2024-01-12 17:10:00,58.26936527166609
2024-01-12 17:15:00,60.90388568461132
2024-01-12 17:20:00,63.88075867864881
2024-01-12 17:25:00,61.14184886851607
2024-01-12 17:30:00,67.0238622619803
2024-01-12 17:35:00,62.086911238530384
2024-01-12 17:40:00,73.66022431938325
2024-01-12 17:45:00,69.76219442553122
2024-01-12 17:50:00,65.8502961706857
2024-01-12 17:55:00,69.10794510143576
2024-01-12 18:00:00,63.893621274631
2024-01-12 18:05:00,57.2142296249688
2024-01-12 18:10:00,56.20515059903391
2024-01-12 18:15:00,59.78259182908036
2024-01-12 18:20:00,62.91656407519354
2024-01-12 18:25:00,60.02626117181544
2024-01-12 18:30:00,53.16203364843778
2024-01-12 18:35:00,56.2587218013984
2024-01-12 18:40:00,59.17412812282426
2024-01-12 18:45:00,59.16735715989845
2024-01-12 18:50:00,67.360188284361
2024-01-12 18:55:00,53.926067807605776
2024-01-12 19:00:00,51.21934299663175
2024-01-12 19:05:00,55.15343846260141
2024-01-12 19:10:00,58.28278501097943
2024-01-12 19:15:00,47.5793963365524
2024-01-12 19:20:00,51.16270384016904
2024-01-12 19:25:00,51.47602745808283
2024-01-12 19:30:00,49.97891295550141
2024-01-12 19:35:00,48.80160522433102
2024-01-12 19:40:00,50.94088758728843
2024-01-12 19:45:00,39.06800168840951
2024-01-12 19:50:00,51.92526398953877
2024-01-12 19:55:00,49.701697643936114
2024-01-12 20:00:00,41.74508102693356
2024-01-12 20:05:00,50.822429396924846
2024-01-12 20:10:00,39.93524453888441
2024-01-12 20:15:00,41.0226766577865
2024-01-12 20:20:00,50.601193822865554
2024-01-12 20:25:00,39.30673539464719
2024-01-12 20:30:00,40.43451948230047
2024-01-12 20:35:00,42.046878920323216
2024-01-12 20:40:00,45.99791854256482
2024-01-12 20:45:00,43.46619064345988
2024-01-12 20:50:00,37.46447922543757
2024-01-12 20:55:00,40.50630636153786
2024-01-12 21:00:00,38.028473239369504
2024-01-12 21:05:00,40.149006791326165
2024-01-12 21:10:00,42.16126560673767
2024-01-12 21:15:00,42.13071399577024
2024-01-12 21:20:00,33.35384395602474
2024-01-12 21:25:00,44.71365492246178
2024-01-12 21:30:00,41.46816635620485
2024-01-12 21:35:00,45.99601916259397
2024-01-12 21:40:00,42.23468428138104
2024-01-12 21:45:00,44.8631828031614
2024-01-12 21:50:00,42.324072218018856
2024-01-12 21:55:00,45.84279399702935
2024-01-12 22:00:00,42.13726389747681
2024-01-12 22:05:00,39.65660036763408
2024-01-12 22:10:00,49.13800023519322
2024-01-12 22:15:00,43.60440984252526
2024-01-12 22:20:00,42.34323903742335
2024-01-12 22:25:00,34.94304368725235
2024-01-12 22:30:00,34.89503088355154
2024-01-12 22:35:00,41.219123281973104
2024-01-12 22:40:00,40.63034614447866
2024-01-12 22:45:00,37.59177109337243
2024-01-12 22:50:00,40.61219215185393
2024-01-12 22:55:00,46.40276906558008
2024-01-12 23:00:00,42.78469514330337
2024-01-12 23:05:00,35.439051206091214
2024-01-12 23:10:00,39.5570499365304
2024-01-12 23:15:00,36.78321932169192
2024-01-12 23:20:00,38.452285579467926
2024-01-12 23:25:00,38.3486225825836
2024-01-12 23:30:00,38.09250291468615
2024-01-12 23:35:00,34.98254375720859
2024-01-12 23:40:00,39.492466519029406
2024-01-12 23:45:00,37.76065469771293
2024-01-12 23:50:00,28.2852904850931
2024-01-12 23:55:00,48.21497334310882
2024-01-13 00:00:00,26.355080473697072
2024-01-13 00:05:00,20.4947989571304
2024-01-13 00:10:00,22.075278055792776
2024-01-13 00:15:00,17.313384467560137
2024-01-13 00:20:00,28.782893368073843
2024-01-13 00:25:00,29.58915663592283
2024-01-13 00:30:00,22.62677676981648
2024-01-13 00:35:00,26.094124433571764
2024-01-13 00:40:00,22.70114897256608
2024-01-13 00:45:00,16.65310010132666
2024-01-13 00:50:00,20.35270838097576
2024-01-13 00:55:00,22.52771372391821
2024-01-13 01:00:00,20.1818880794632
2024-01-13 01:05:00,21.12546584469683
2024-01-13 01:10:00,21.634480724400515
2024-01-13 01:15:00,21.676564962975128
2024-01-13 01:20:00,22.209112916426903
2024-01-13 01:25:00,17.75765868885057
2024-01-13 01:30:00,19.13201435792523
2024-01-13 01:35:00,16.861741891637095
2024-01-13 01:40:00,25.911341153181773
2024-01-13 01:45:00,13.577491187075674
2024-01-13 01:50:00,26.614440327704678
2024-01-13 01:55:00,27.545476543488345
2024-01-13 02:00:00,20.793313913836943
2024-01-13 02:05:00,11.589487910458235
2024-01-13 02:10:00,20.55679401389827
2024-01-13 02:15:00,21.74529961661215
2024-01-13 02:20:00,17.959643382051777
2024-01-13 02:25:00,19.941162686534454
2024-01-13 02:30:00,28.12281705722084
2024-01-13 02:35:00,24.66174491097439
2024-01-13 02:40:00,18.30377980425503
2024-01-13 02:45:00,15.6116395833857
2024-01-13 02:50:00,20.693966991328345
2024-01-13 02:55:00,21.14820914436568
2024-01-13 03:00:00,24.016649242701025
2024-01-13 03:05:00,19.89058564297712
2024-01-13 03:10:00,24.0778507946952
2024-01-13 03:15:00,29.772468653488676
2024-01-13 03:20:00,25.29385658302481
2024-01-13 03:25:00,21.839498463924667
2024-01-13 03:30:00,21.29925060903458
2024-01-13 03:35:00,20.605159956528272
2024-01-13 03:40:00,26.754416143056336
2024-01-13 03:45:00,19.522598709442548
2024-01-13 03:50:00,22.212743329247687
2024-01-13 03:55:00,22.2366441007721
2024-01-13 04:00:00,20.29507127041799
2024-01-13 04:05:00,16.812345850127713
2024-01-13 04:10:00,23.594106056134788
2024-01-13 04:15:00,22.058192154242583
2024-01-13 04:20:00,24.303169919410397
2024-01-13 04:25:00,20.167806815907447
2024-01-13 04:30:00,27.185493236916308
2024-01-13 04:35:00,18.795112916816738
2024-01-13 04:40:00,29.150369177735687
2024-01-13 04:45:00,15.31166200235107
2024-01-13 04:50:00,24.04128829989168
2024-01-13 04:55:00,24.203930771770608
2024-01-13 05:00:00,20.556858933507243
2024-01-13 05:05:00,25.43666295671482
2024-01-13 05:10:00,28.85716188431141
2024-01-13 05:15:00,14.871811847854511
2024-01-13 05:20:00,25.75006643523403
2024-01-13 05:25:00,13.76600392395046
2024-01-13 05:30:00,19.876427991177938
2024-01-13 05:35:00,30.25575266487455
2024-01-13 05:40:00,21.411959071702555
2024-01-13 05:45:00,19.04356734763488
2024-01-13 05:50:00,22.947336289332043
2024-01-13 05:55:00,32.010712557924975
2024-01-13 06:00:00,20.743281790505694
2024-01-13 06:05:00,23.864771132772425
2024-01-13 06:10:00,34.05973751204831
2024-01-13 06:15:00,35.50082015348073
2024-01-13 06:20:00,27.656285882168667
2024-01-13 06:25:00,23.113799969223237
2024-01-13 06:30:00,36.45338478656644
2024-01-13 06:35:00,34.44778034632659
2024-01-13 06:40:00,30.785798730378733
2024-01-13 06:45:00,24.820401383580123
2024-01-13 06:50:00,27.87389341597765
2024-01-13 06:55:00,27.42857045515048
2024-01-13 07:00:00,36.17361813933145
2024-01-13 07:05:00,40.65421867339448
2024-01-13 07:10:00,38.36788108541875
2024-01-13 07:15:00,30.540708612930107
2024-01-13 07:20:00,40.35619872094729
2024-01-13 07:25:00,36.102741480921765
2024-01-13 07:30:00,37.59847610430481
2024-01-13 07:35:00,40.71637635798355
2024-01-13 07:40:00,30.403891922814932
2024-01-13 07:45:00,34.70691060604329
2024-01-13 07:50:00,32.72439471543228
2024-01-13 07:55:00,28.57877521940732
2024-01-13 08:00:00,39.88683993249157
2024-01-13 08:05:00,48.54622622840958
2024-01-13 08:10:00,31.139689044048875
2024-01-13 08:15:00,38.370877577874005
2024-01-13 08:20:00,41.06217176237098
2024-01-13 08:25:00,38.99231282869661
2024-01-13 08:30:00,38.04748781200893
2024-01-13 08:35:00,33.30313456828859
2024-01-13 08:40:00,39.43114699383254
2024-01-13 08:45:00,35.47294411400818
2024-01-13 08:50:00,29.740313202157672
2024-01-13 08:55:00,43.27836890412681
2024-01-13 09:00:00,38.68375774740501
2024-01-13 09:05:00,35.05685837544115
2024-01-13 09:10:00,35.76651322085964
2024-01-13 09:15:00,39.14748651889908
2024-01-13 09:20:00,35.747573095149164
2024-01-13 09:25:00,38.46628468708209
2024-01-13 09:30:00,33.66028566454143
2024-01-13 09:35:00,40.09814942233262
2024-01-13 09:40:00,36.133357371767566
2024-01-13 09:45:00,35.62642224246033
2024-01-13 09:50:00,29.769970113188705
2024-01-13 09:55:00,35.99803788524367
2024-01-13 10:00:00,24.74225690471513
2024-01-13 10:05:00,25.516945668578963
2024-01-13 10:10:00,24.808574061428452
2024-01-13 10:15:00,23.80513684709604
2024-01-13 10:20:00,36.56916218676079
2024-01-13 10:25:00,33.395432822646555
2024-01-13 10:30:00,35.751546583269985
2024-01-13 10:35:00,23.17849649647069
2024-01-13 10:40:00,28.35509157433651
2024-01-13 10:45:00,22.89604607387656
2024-01-13 10:50:00,25.287297065904685
2024-01-13 10:55:00,24.39756864102664
2024-01-13 11:00:00,28.699120115843208
2024-01-13 11:05:00,22.15586537766992
2024-01-13 11:10:00,28.014301424853027
2024-01-13 11:15:00,26.15726764843103
2024-01-13 11:20:00,32.95533909849612
2024-01-13 11:25:00,17.823007197518066
2024-01-13 11:30:00,28.77771704922416
2024-01-13 11:35:00,28.32654757167987
2024-01-13 11:40:00,19.84726873796882
2024-01-13 11:45:00,27.7693174359696
2024-01-13 11:50:00,25.085363942181875
2024-01-13 11:55:00,22.83087905026333
2024-01-13 12:00:00,19.03300983814925
2024-01-13 12:05:00,19.452313980240504
2024-01-13 12:10:00,30.528000169180952
2024-01-13 12:15:00,22.33148306186718
2024-01-13 12:20:00,25.457271792163084
2024-01-13 12:25:00,19.16515425936704
2024-01-13 12:30:00,19.209340001150693
2024-01-13 12:35:00,26.656691023037016
2024-01-13 12:40:00,16.93044693983112
2024-01-13 12:45:00,20.66789671441616
2024-01-13 12:50:00,22.464861430326177
2024-01-13 12:55:00,22.77424219339746
2024-01-13 13:00:00,21.567319387903225
2024-01-13 13:05:00,23.866971652351545
2024-01-13 13:10:00,25.055115551239098
2024-01-13 13:15:00,25.22224270980517
2024-01-13 13:20:00,18.340477293296544
2024-01-13 13:25:00,21.147072136252664
2024-01-13 13:30:00,27.0627439754756
2024-01-13 13:35:00,25.86228127826334
2024-01-13 13:40:00,16.792254722043594
2024-01-13 13:45:00,23.68961212937666
2024-01-13 13:50:00,14.37079153046861
2024-01-13 13:55:00,22.47143213620933
2024-01-13 14:00:00,31.04234366647697
2024-01-13 14:05:00,19.65970473041712
2024-01-13 14:10:00,20.113983417526736
2024-01-13 14:15:00,26.507394725784504
2024-01-13 14:20:00,17.28006953865448
2024-01-13 14:25:00,20.92025547995291
2024-01-13 14:30:00,25.83704014982008
2024-01-13 14:35:00,20.91413220873545
2024-01-13 14:40:00,22.50739565064918
2024-01-13 14:45:00,26.428018440753203
2024-01-13 14:50:00,25.13745993363931
2024-01-13 14:55:00,24.518549184674672
2024-01-13 15:00:00,25.701932153464156
2024-01-13 15:05:00,28.538665731620128
2024-01-13 15:10:00,26.56349055014528
2024-01-13 15:15:00,28.889643710247448
2024-01-13 15:20:00,25.0706931700724
2024-01-13 15:25:00,26.328145373026143
2024-01-13 15:30:00,23.098590100336253
2024-01-13 15:35:00,26.918390830519364
2024-01-13 15:40:00,23.81441781602893
2024-01-13 15:45:00,22.602235469896332
2024-01-13 15:50:00,28.09306586196586
2024-01-13 15:55:00,27.909380373974948
2024-01-13 16:00:00,35.84000756385649
2024-01-13 16:05:00,30.984010345761806
2024-01-13 16:10:00,34.34072401140922
2024-01-13 16:15:00,34.91170291315685
2024-01-13 16:20:00,34.48760785538858
2024-01-13 16:25:00,29.405897892853638
2024-01-13 16:30:00,33.30596655314696
2024-01-13 16:35:00,34.165073808280845
2024-01-13 16:40:00,32.73722649169397
2024-01-13 16:45:00,24.362601990577865
2024-01-13 16:50:00,33.35047111995612
2024-01-13 16:55:00,41.55863678165117
2024-01-13 17:00:00,34.30984295145833
2024-01-13 17:05:00,32.83769163506498
2024-01-13 17:10:00,37.24339426533186
2024-01-13 17:15:00,36.99951286835255
2024-01-13 17:20:00,40.52094068815192
2024-01-13 17:25:00,30.71852740285071
2024-01-13 17:30:00,38.67552103678623
2024-01-13 17:35:00,38.11168827149211
2024-01-13 17:40:00,35.18141387872408
2024-01-13 17:45:00,37.10474929817302
2024-01-13 17:50:00,39.86782995287969
2024-01-13 17:55:00,39.23926154660006
2024-01-13 18:00:00,28.136433519166054
2024-01-13 18:05:00,35.98914351448291
2024-01-13 18:10:00,32.4497563473309
2024-01-13 18:15:00,33.00000715952304
2024-01-13 18:20:00,33.00129873146775
2024-01-13 18:25:00,32.10753881226793
2024-01-13 18:30:00,37.47534075588924
2024-01-13 18:35:00,32.373638928064125
2024-01-13 18:40:00,28.230326253928297
2024-01-13 18:45:00,31.134391343582056
2024-01-13 18:50:00,33.42328963470288
2024-01-13 18:55:00,37.625369904649176
2024-01-13 19:00:00,29.470721055903876
2024-01-13 19:05:00,23.656201201120364
2024-01-13 19:10:00,36.99910198282411
2024-01-13 19:15:00,28.117443560020455
2024-01-13 19:20:00,32.1599052681046
2024-01-13 19:25:00,26.451484581799622
2024-01-13 19:30:00,29.19177929493034
2024-01-13 19:35:00,30.41621633418216
2024-01-13 19:40:00,31.931121163125564
2024-01-13 19:45:00,31.28781553762144
2024-01-13 19:50:00,30.54713031640045
2024-01-13 19:55:00,25.797995391332105
2024-01-13 20:00:00,21.1622551699014
2024-01-13 20:05:00,24.779669379022437
2024-01-13 20:10:00,27.18175162708992
2024-01-13 20:15:00,22.55835653461921
2024-01-13 20:20:00,27.709927200583188
2024-01-13 20:25:00,29.25970631967036
2024-01-13 20:30:00,19.783955661431964
2024-01-13 20:35:00,20.101556522540523
2024-01-13 20:40:00,22.887739102104295
2024-01-13 20:45:00,24.679690010482428
2024-01-13 20:50:00,21.35097128265744
2024-01-13 20:55:00,28.85805005319422
2024-01-13 21:00:00,23.9481074807939
2024-01-13 21:05:00,22.40962822768305
2024-01-13 21:10:00,16.508201939245986
2024-01-13 21:15:00,16.988576769010066
2024-01-13 21:20:00,23.37587703584732
2024-01-13 21:25:00,13.721457530100752
2024-01-13 21:30:00,26.302389673296386
2024-01-13 21:35:00,21.619224657230816
2024-01-13 21:40:00,35.224211913099026
2024-01-13 21:45:00,31.48350503718454
2024-01-13 21:50:00,21.52604375773003
2024-01-13 21:55:00,21.82649202459484
2024-01-13 22:00:00,26.00886980038125
2024-01-13 22:05:00,28.83923418404528
2024-01-13 22:10:00,15.474427514629063
2024-01-13 22:15:00,14.881041882954383
2024-01-13 22:20:00,19.53840452215561
2024-01-13 22:25:00,24.35749407706859
2024-01-13 22:30:00,24.01403810640352
2024-01-13 22:35:00,26.30562956430853
2024-01-13 22:40:00,17.2277536309119
2024-01-13 22:45:00,12.761968292497626
2024-01-13 22:50:00,25.45860052558172
2024-01-13 22:55:00,18.713758652512198
2024-01-13 23:00:00,13.927745427251644
2024-01-13 23:05:00,22.581951868643724
2024-01-13 23:10:00,25.174399637680903
2024-01-13 23:15:00,21.513468356321088
2024-01-13 23:20:00,20.17030334007624
2024-01-13 23:25:00,21.36424795622257
2024-01-13 23:30:00,20.519365835203065
2024-01-13 23:35:00,16.609508437045527
2024-01-13 23:40:00,19.14297417684447
2024-01-13 23:45:00,24.086816504861456
2024-01-13 23:50:00,23.2884110503122
2024-01-13 23:55:00,22.67393610867348
2024-01-14 00:00:00,18.019407929416865
2024-01-14 00:05:00,21.27398920828772
2024-01-14 00:10:00,13.291741671058965
2024-01-14 00:15:00,22.713908512371944
2024-01-14 00:20:00,27.71543268808465
2024-01-14 00:25:00,16.103473328661963
2024-01-14 00:30:00,19.656291163559363
2024-01-14 00:35:00,23.316428971670906
2024-01-14 00:40:00,27.01137239454032
2024-01-14 00:45:00,20.207103391629783
2024-01-14 00:50:00,19.2310005397668
2024-01-14 00:55:00,14.124309287166051
2024-01-14 01:00:00,22.4138314716694
2024-01-14 01:05:00,30.16838311501195
2024-01-14 01:10:00,23.10951280229568
2024-01-14 01:15:00,21.91096303770212
2024-01-14 01:20:00,23.288408197504918
2024-01-14 01:25:00,21.955710938642564
2024-01-14 01:30:00,18.74802146539645
2024-01-14 01:35:00,25.293198617147794
2024-01-14 01:40:00,22.90312504688399
2024-01-14 01:45:00,22.0705319621716
2024-01-14 01:50:00,18.09861484532397
2024-01-14 01:55:00,27.21411068217601
2024-01-14 02:00:00,24.66084724309987
2024-01-14 02:05:00,19.79035291229822
2024-01-14 02:10:00,26.009335676495176
2024-01-14 02:15:00,20.0117529082266
2024-01-14 02:20:00,18.87402229172328
2024-01-14 02:25:00,18.96322379184628
2024-01-14 02:30:00,14.917762049415064
2024-01-14 02:35:00,23.88820578344025
2024-01-14 02:40:00,14.677456748414029
2024-01-14 02:45:00,17.08826093670438
2024-01-14 02:50:00,13.699684225453296
2024-01-14 02:55:00,21.657757490603856
2024-01-14 03:00:00,21.43057065216027
2024-01-14 03:05:00,20.725067640502303
2024-01-14 03:10:00,17.861541714565455
2024-01-14 03:15:00,17.342917479501196
2024-01-14 03:20:00,23.88933194743405
2024-01-14 03:25:00,19.829644766413807
2024-01-14 03:30:00,23.297285779392336
2024-01-14 03:35:00,18.49085774875087
2024-01-14 03:40:00,22.75610346433209
2024-01-14 03:45:00,27.244964642512013
2024-01-14 03:50:00,24.37651569481889
2024-01-14 03:55:00,20.38219722038184
2024-01-14 04:00:00,23.331003923087824
2024-01-14 04:05:00,21.339547343543263
2024-01-14 04:10:00,22.33372878044303
2024-01-14 04:15:00,20.9997638330701
2024-01-14 04:20:00,21.644867218122556
2024-01-14 04:25:00,23.150581453960815
2024-01-14 04:30:00,18.328773243336315
2024-01-14 04:35:00,18.2386927337042
2024-01-14 04:40:00,16.74803782633927
2024-01-14 04:45:00,15.901123623649276
2024-01-14 04:50:00,17.4330772727822
2024-01-14 04:55:00,22.94005806888063
2024-01-14 05:00:00,20.167937143303234
2024-01-14 05:05:00,25.79354506219516
2024-01-14 05:10:00,23.87794220028102
2024-01-14 05:15:00,15.865070351518556
2024-01-14 05:20:00,26.35898954215753
2024-01-14 05:25:00,26.98228178763761
2024-01-14 05:30:00,19.76363650593136
2024-01-14 05:35:00,25.41985337685074
2024-01-14 05:40:00,20.31309425563397
2024-01-14 05:45:00,24.129768712264116
2024-01-14 05:50:00,18.68109357745091
2024-01-14 05:55:00,16.566661395132463
2024-01-14 06:00:00,26.53874202087793
2024-01-14 06:05:00,27.575094994230454
2024-01-14 06:10:00,26.479292004871382
2024-01-14 06:15:00,23.333888546439564
2024-01-14 06:20:00,26.47041453080525
2024-01-14 06:25:00,29.14718978965274
2024-01-14 06:30:00,27.890438658839656
2024-01-14 06:35:00,28.80001490172665
2024-01-14 06:40:00,25.38954997751287
2024-01-14 06:45:00,32.75688243819444
2024-01-14 06:50:00,23.36531743311068
2024-01-14 06:55:00,30.02025196767668
2024-01-14 07:00:00,39.57777729270899
2024-01-14 07:05:00,36.77384529186472
2024-01-14 07:10:00,34.04011601260982
2024-01-14 07:15:00,32.73702473421722
2024-01-14 07:20:00,38.99456352505416
2024-01-14 07:25:00,29.15831321982245
2024-01-14 07:30:00,30.969715879350566
2024-01-14 07:35:00,33.25998185890226
2024-01-14 07:40:00,39.80082795091713
2024-01-14 07:45:00,36.36928346503272
2024-01-14 07:50:00,30.97802988682816
2024-01-14 07:55:00,33.60898209932952
2024-01-14 08:00:00,36.04270744568671
2024-01-14 08:05:00,35.660844053137744
2024-01-14 08:10:00,42.41555825629901
2024-01-14 08:15:00,33.01302750501787
2024-01-14 08:20:00,44.93512344500938
2024-01-14 08:25:00,41.81291878281038
2024-01-14 08:30:00,42.86344670448668
2024-01-14 08:35:00,36.648241973970855
2024-01-14 08:40:00,37.90023714575545
2024-01-14 08:45:00,32.76739276397304
2024-01-14 08:50:00,36.40135039380468
2024-01-14 08:55:00,40.47461941264449
2024-01-14 09:00:00,40.03446671516242
2024-01-14 09:05:00,30.421587200827027
2024-01-14 09:10:00,33.38819072009577
2024-01-14 09:15:00,34.245017587106744
2024-01-14 09:20:00,29.26705765926689
2024-01-14 09:25:00,37.21561143507044
2024-01-14 09:30:00,31.954253141066395
2024-01-14 09:35:00,34.06865306332874
2024-01-14 09:40:00,33.04241698038932
2024-01-14 09:45:00,31.692860445158136
2024-01-14 09:50:00,34.822034526114614
2024-01-14 09:55:00,33.98777615376474
2024-01-14 10:00:00,26.58264504557828
2024-01-14 10:05:00,25.15623008797157
2024-01-14 10:10:00,29.348175257824764
2024-01-14 10:15:00,34.68454564866208
2024-01-14 10:20:00,28.62962550604945
2024-01-14 10:25:00,32.05454943433746
2024-01-14 10:30:00,22.50918887407909
2024-01-14 10:35:00,28.701122331868017
2024-01-14 10:40:00,23.680603298808677
2024-01-14 10:45:00,22.16237686456533
2024-01-14 10:50:00,25.112590944856795
2024-01-14 10:55:00,32.837673912347235
2024-01-14 11:00:00,27.540847404755542
2024-01-14 11:05:00,24.71280297829456
2024-01-14 11:10:00,17.609981850517237
2024-01-14 11:15:00,22.95566148452521
2024-01-14 11:20:00,24.947584125683903
2024-01-14 11:25:00,24.442929008391356
2024-01-14 11:30:00,16.36560975615398
2024-01-14 11:35:00,20.179512697997477
2024-01-14 11:40:00,23.484473033482093
2024-01-14 11:45:00,25.88594772814572
2024-01-14 11:50:00,14.956272805677177
2024-01-14 11:55:00,23.09228818815753
2024-01-14 12:00:00,22.900946865553056
2024-01-14 12:05:00,25.7271997401021
2024-01-14 12:10:00,25.100182122986997
2024-01-14 12:15:00,24.659037061272468
2024-01-14 12:20:00,19.128989759229512
2024-01-14 12:25:00,14.696743237544018
2024-01-14 12:30:00,20.756540757791644
2024-01-14 12:35:00,26.335279086871488
2024-01-14 12:40:00,27.90256989613497
2024-01-14 12:45:00,25.17094819522839
2024-01-14 12:50:00,24.046115077244185
2024-01-14 12:55:00,23.84731037958111
2024-01-14 13:00:00,20.059217540924728
2024-01-14 13:05:00,21.76345135375337
2024-01-14 13:10:00,28.959970631273176
2024-01-14 13:15:00,18.513460504800346
2024-01-14 13:20:00,28.742807690807258
2024-01-14 13:25:00,20.995579909999616
2024-01-14 13:30:00,27.585420964348167
2024-01-14 13:35:00,16.656432489977696
2024-01-14 13:40:00,24.62730933262645
2024-01-14 13:45:00,19.336611984177363
2024-01-14 13:50:00,16.6226237602711
2024-01-14 13:55:00,23.157828697611635
2024-01-14 14:00:00,27.48916275387694
2024-01-14 14:05:00,20.07150984511908
2024-01-14 14:10:00,17.455211757659463
2024-01-14 14:15:00,23.083896542153244
2024-01-14 14:20:00,23.101534284384343
2024-01-14 14:25:00,25.64455410971106
2024-01-14 14:30:00,27.24965388495102
2024-01-14 14:35:00,23.21361487440309
2024-01-14 14:40:00,30.87328885867012
2024-01-14 14:45:00,24.348214577634234
2024-01-14 14:50:00,22.065569575465467
2024-01-14 14:55:00,17.005006163081752
2024-01-14 15:00:00,26.007783189279635
2024-01-14 15:05:00,25.712873488899763
2024-01-14 15:10:00,30.899640455670188
2024-01-14 15:15:00,28.908355766811724
2024-01-14 15:20:00,22.34094478401384
2024-01-14 15:25:00,27.747438816188456
2024-01-14 15:30:00,29.74454595746052
2024-01-14 15:35:00,33.17054670809564
2024-01-14 15:40:00,30.608437140200547
2024-01-14 15:45:00,30.10180788779022
2024-01-14 15:50:00,27.29876524900496
2024-01-14 15:55:00,28.611669292238105
2024-01-14 16:00:00,37.70653222688684
2024-01-14 16:05:00,27.377403034143605
2024-01-14 16:10:00,31.310755315194378
2024-01-14 16:15:00,29.61823762903724
2024-01-14 16:20:00,34.2251250989667
2024-01-14 16:25:00,37.62940132666535
2024-01-14 16:30:00,30.320615477177903
2024-01-14 16:35:00,23.147295154184448
2024-01-14 16:40:00,31.05962964396432
2024-01-14 16:45:00,36.36240755213183
2024-01-14 16:50:00,34.85903223586172
2024-01-14 16:55:00,34.421257615304505
2024-01-14 17:00:00,34.63002681898834
2024-01-14 17:05:00,30.63387708160712
2024-01-14 17:10:00,37.81117731298413
2024-01-14 17:15:00,32.41287278634776
2024-01-14 17:20:00,44.48638696000809
2024-01-14 17:25:00,38.03202885990433
2024-01-14 17:30:00,33.427406816270455
2024-01-14 17:35:00,33.304459036931746
2024-01-14 17:40:00,35.37822320003191
2024-01-14 17:45:00,34.79199233839926
2024-01-14 17:50:00,40.21733512860608
2024-01-14 17:55:00,36.495664705462445
2024-01-14 18:00:00,29.78198381182686
2024-01-14 18:05:00,40.2702735080841
2024-01-14 18:10:00,32.90574409354186
2024-01-14 18:15:00,35.78386947133656
2024-01-14 18:20:00,30.27560473768193
2024-01-14 18:25:00,34.160973278439066
2024-01-14 18:30:00,33.95295073203376
2024-01-14 18:35:00,25.14991359907636
2024-01-14 18:40:00,40.769611209303534
2024-01-14 18:45:00,37.87108861115116
2024-01-14 18:50:00,31.11972950287702
2024-01-14 18:55:00,28.29943180563755
2024-01-14 19:00:00,28.448588771322747
2024-01-14 19:05:00,27.405133113766126
2024-01-14 19:10:00,28.481018110361457
2024-01-14 19:15:00,27.8246519008849
2024-01-14 19:20:00,29.083306273332244
2024-01-14 19:25:00,32.84756511367576
2024-01-14 19:30:00,29.330755136623125
2024-01-14 19:35:00,22.85972032046877
2024-01-14 19:40:00,32.508593726958345
2024-01-14 19:45:00,33.62080057006169
2024-01-14 19:50:00,39.66656925415688
2024-01-14 19:55:00,22.56436618315015
2024-01-14 20:00:00,24.420767390326745
2024-01-14 20:05:00,15.120844524969694
2024-01-14 20:10:00,25.66183596324248
2024-01-14 20:15:00,21.256438145058556
2024-01-14 20:20:00,31.143022517025457
2024-01-14 20:25:00,20.35077945765132
2024-01-14 20:30:00,16.6925071858566
2024-01-14 20:35:00,21.56418437491557
2024-01-14 20:40:00,15.547288252857092
2024-01-14 20:45:00,26.453637155754883
2024-01-14 20:50:00,15.18890715270036
2024-01-14 20:55:00,23.56306966245828
2024-01-14 21:00:00,13.94059275529531
2024-01-14 21:05:00,20.97064881657353
2024-01-14 21:10:00,28.825352657938232
2024-01-14 21:15:00,23.694431600463275
2024-01-14 21:20:00,18.79786561486036
2024-01-14 21:25:00,22.127026078963763
2024-01-14 21:30:00,22.323907522897883
2024-01-14 21:35:00,24.14236141809372
2024-01-14 21:40:00,16.78440658159679
2024-01-14 21:45:00,24.62210913010942
2024-01-14 21:50:00,11.434273508308996
2024-01-14 21:55:00,19.73230182526485
2024-01-14 22:00:00,20.073448374566954
2024-01-14 22:05:00,24.55985104865809
2024-01-14 22:10:00,22.11706715508061
2024-01-14 22:15:00,16.404291528947986
2024-01-14 22:20:00,18.086571241105077
2024-01-14 22:25:00,22.82126378256276
2024-01-14 22:30:00,21.710274376914903
2024-01-14 22:35:00,19.710047305830145
2024-01-14 22:40:00,20.103208586325216
2024-01-14 22:45:00,24.81121573301029
2024-01-14 22:50:00,19.955773452896278
2024-01-14 22:55:00,21.67417876825684
2024-01-14 23:00:00,30.68144323712837
2024-01-14 23:05:00,16.306966337270506
2024-01-14 23:10:00,14.594325958507564
2024-01-14 23:15:00,25.136055544000623
2024-01-14 23:20:00,19.287124639629784
2024-01-14 23:25:00,20.72874677383572
2024-01-14 23:30:00,18.87707137228174
2024-01-14 23:35:00,20.962496321736147
2024-01-14 23:40:00,28.395849333191563
2024-01-14 23:45:00,25.210210719278678
2024-01-14 23:50:00,25.450590932354107
2024-01-14 23:55:00,16.336788661635616
2024-01-15 00:00:00,35.39538842984376
2024-01-15 00:05:00,28.64368873811353
2024-01-15 00:10:00,36.76248009172422
2024-01-15 00:15:00,43.82681612159787
2024-01-15 00:20:00,42.06778943904872
2024-01-15 00:25:00,39.11395032424674
2024-01-15 00:30:00,39.91080224118303
2024-01-15 00:35:00,37.244461205753616
2024-01-15 00:40:00,40.81903890566237
2024-01-15 00:45:00,43.0635164939777
2024-01-15 00:50:00,33.53645622641335
2024-01-15 00:55:00,41.19859412740463
2024-01-15 01:00:00,43.72988303734044
2024-01-15 01:05:00,38.33974239766829
2024-01-15 01:10:00,42.8029460020041
2024-01-15 01:15:00,51.258761331411975
2024-01-15 01:20:00,39.5827723815742
2024-01-15 01:25:00,41.57337175354306
2024-01-15 01:30:00,37.0479152188762
2024-01-15 01:35:00,40.72514820392997
2024-01-15 01:40:00,41.841230053450985
2024-01-15 01:45:00,40.77951291460232
2024-01-15 01:50:00,35.92136227468634
2024-01-15 01:55:00,40.82559063882357
2024-01-15 02:00:00,45.85248604899314
2024-01-15 02:05:00,41.79824535218071
2024-01-15 02:10:00,43.85165105040996
2024-01-15 02:15:00,39.05565441407209
2024-01-15 02:20:00,43.00330325181744
2024-01-15 02:25:00,41.1207736469887
2024-01-15 02:30:00,36.20005937537367
2024-01-15 02:35:00,41.277786313318096
2024-01-15 02:40:00,36.03691564036136
2024-01-15 02:45:00,37.47218119458343
2024-01-15 02:50:00,40.761015523292095
2024-01-15 02:55:00,41.192679387643096
2024-01-15 03:00:00,35.30098376377831
2024-01-15 03:05:00,44.273856708818336
2024-01-15 03:10:00,42.34593873728872
2024-01-15 03:15:00,37.238999881643295
2024-01-15 03:20:00,33.907574438290126
2024-01-15 03:25:00,39.4782953077611
2024-01-15 03:30:00,38.27413876864219
2024-01-15 03:35:00,40.51047545229892
2024-01-15 03:40:00,38.60544697946456
2024-01-15 03:45:00,32.02808618110679
2024-01-15 03:50:00,38.5045258708822
2024-01-15 03:55:00,38.83543717981357
2024-01-15 04:00:00,43.08411326575826
2024-01-15 04:05:00,37.75667046821783
2024-01-15 04:10:00,47.26416786015229
2024-01-15 04:15:00,32.902906964055
2024-01-15 04:20:00,45.79413915787253
2024-01-15 04:25:00,39.65219328314961
2024-01-15 04:30:00,43.98780865603625
2024-01-15 04:35:00,40.86867510289696
2024-01-15 04:40:00,45.107691310763904
2024-01-15 04:45:00,39.00002130845078
2024-01-15 04:50:00,36.15498746595078
2024-01-15 04:55:00,46.23148631574628
2024-01-15 05:00:00,42.708054153327375
2024-01-15 05:05:00,44.04821063135278
2024-01-15 05:10:00,48.10098439303512
2024-01-15 05:15:00,39.0341557684782
2024-01-15 05:20:00,45.54394032741297
2024-01-15 05:25:00,40.802397711004375
2024-01-15 05:30:00,42.63329931427845
2024-01-15 05:35:00,43.451092598393096
2024-01-15 05:40:00,37.161089291068194
2024-01-15 05:45:00,40.0466285655742
2024-01-15 05:50:00,48.5662683065085
2024-01-15 05:55:00,46.706741491195125
2024-01-15 06:00:00,50.78582492583615
2024-01-15 06:05:00,52.00887706919666
2024-01-15 06:10:00,49.85941321259926
2024-01-15 06:15:00,56.462716778457015
2024-01-15 06:20:00,50.23497292396844
2024-01-15 06:25:00,51.96375160368448
2024-01-15 06:30:00,55.62050381171335
2024-01-15 06:35:00,47.92689729576146
2024-01-15 06:40:00,57.27153997313266
2024-01-15 06:45:00,44.914537596171584
2024-01-15 06:50:00,57.554951759596285
2024-01-15 06:55:00,49.54568089933719
2024-01-15 07:00:00,62.39322850118822
2024-01-15 07:05:00,55.80398280775757
2024-01-15 07:10:00,61.54484462297857
2024-01-15 07:15:00,59.20479736838181
2024-01-15 07:20:00,60.93343811099545
2024-01-15 07:25:00,62.81477962933383
2024-01-15 07:30:00,67.19518995038096
2024-01-15 07:35:00,64.19443689809185
2024-01-15 07:40:00,64.5947301060938
2024-01-15 07:45:00,58.9819459371071
2024-01-15 07:50:00,59.84100713407842
2024-01-15 07:55:00,70.55892356589459
2024-01-15 08:00:00,67.05919590107771
2024-01-15 08:05:00,76.62483304835989
2024-01-15 08:10:00,69.02775524460723
2024-01-15 08:15:00,70.00915178470471
2024-01-15 08:20:00,74.28146068105042
2024-01-15 08:25:00,75.08756972788532
2024-01-15 08:30:00,69.55674979901436
2024-01-15 08:35:00,68.44702782604455
2024-01-15 08:40:00,69.77631824604185
2024-01-15 08:45:00,71.35183015305917
2024-01-15 08:50:00,73.56521478760972
2024-01-15 08:55:00,70.0169194761073
2024-01-15 09:00:00,65.83957149761413
2024-01-15 09:05:00,69.91746523460527
2024-01-15 09:10:00,64.88926475458065
2024-01-15 09:15:00,64.61063772954063
2024-01-15 09:20:00,57.28838300516124
2024-01-15 09:25:00,52.84110575820526
2024-01-15 09:30:00,64.91752922244218
2024-01-15 09:35:00,62.98472938039802
2024-01-15 09:40:00,61.30489560586255
2024-01-15 09:45:00,64.33814712226689
2024-01-15 09:50:00,63.12241138873388
2024-01-15 09:55:00,67.87514730805711
2024-01-15 10:00:00,51.38094633611398
2024-01-15 10:05:00,48.0488097227974
2024-01-15 10:10:00,54.99716781891522
2024-01-15 10:15:00,50.16797856329326
2024-01-15 10:20:00,53.142649597767296
2024-01-15 10:25:00,49.12686003830687
2024-01-15 10:30:00,48.437195321088325
2024-01-15 10:35:00,51.373175783820855
2024-01-15 10:40:00,51.08781743725281
2024-01-15 10:45:00,52.9558110045454
2024-01-15 10:50:00,49.9619198498391
2024-01-15 10:55:00,43.69106372799648
2024-01-15 11:00:00,41.43396644760455
2024-01-15 11:05:00,46.34033585053336
2024-01-15 11:10:00,41.97555766498568
2024-01-15 11:15:00,42.17952837189991
2024-01-15 11:20:00,47.110568005581854
2024-01-15 11:25:00,40.31716907292241
2024-01-15 11:30:00,36.9938491089865
2024-01-15 11:35:00,42.52253750385613
2024-01-15 11:40:00,41.22836617696316
2024-01-15 11:45:00,39.30007670294509
2024-01-15 11:50:00,42.46354815836334
2024-01-15 11:55:00,45.13108457094524
2024-01-15 12:00:00,40.56057627379646
2024-01-15 12:05:00,41.82565481081267
2024-01-15 12:10:00,47.85136131412941
2024-01-15 12:15:00,39.226215073837466
2024-01-15 12:20:00,41.7111250586464
2024-01-15 12:25:00,38.56087706967119
2024-01-15 12:30:00,37.21229164051983
2024-01-15 12:35:00,38.25809990639664
2024-01-15 12:40:00,38.68269623398097
2024-01-15 12:45:00,42.03563371025622
2024-01-15 12:50:00,49.99403366687075
2024-01-15 12:55:00,37.73355677496436
2024-01-15 13:00:00,38.84930337384333
2024-01-15 13:05:00,40.26331254386019
2024-01-15 13:10:00,42.09899999114417
2024-01-15 13:15:00,41.57000784412432
2024-01-15 13:20:00,45.65218777209765
2024-01-15 13:25:00,30.81023631416435
2024-01-15 13:30:00,30.96808511552249
2024-01-15 13:35:00,38.53229190826458
2024-01-15 13:40:00,44.90500534648002
2024-01-15 13:45:00,34.2532124698828
2024-01-15 13:50:00,28.485275237530157
2024-01-15 13:55:00,42.800522221182014
2024-01-15 14:00:00,43.613311802980064
2024-01-15 14:05:00,38.27784928097149
2024-01-15 14:10:00,38.69652450528549
2024-01-15 14:15:00,38.75970802963051
2024-01-15 14:20:00,43.08082417806497
2024-01-15 14:25:00,40.13342180343718
2024-01-15 14:30:00,44.61493858407129
2024-01-15 14:35:00,31.22017625655165
2024-01-15 14:40:00,39.21127544765801
2024-01-15 14:45:00,38.134467064525005
2024-01-15 14:50:00,41.61332019467924
2024-01-15 14:55:00,40.48649187420865
2024-01-15 15:00:00,52.38850470239089
2024-01-15 15:05:00,41.7597824961676
2024-01-15 15:10:00,49.37909548813084
2024-01-15 15:15:00,51.43047527565465
2024-01-15 15:20:00,56.623719329055646
2024-01-15 15:25:00,47.270065698433925
2024-01-15 15:30:00,50.49496400021789
2024-01-15 15:35:00,41.98167841255837
2024-01-15 15:40:00,39.62930476555573
2024-01-15 15:45:00,52.57622708593463
2024-01-15 15:50:00,49.17488840821554
2024-01-15 15:55:00,53.91118034200152
2024-01-15 16:00:00,53.97641139696137
2024-01-15 16:05:00,61.54963151095538
2024-01-15 16:10:00,66.94529431501579
2024-01-15 16:15:00,61.14884538626943
2024-01-15 16:20:00,60.57634897520456
2024-01-15 16:25:00,59.50424727613777
2024-01-15 16:30:00,53.18649712433672
2024-01-15 16:35:00,64.89231469568176
2024-01-15 16:40:00,57.026592393620106
2024-01-15 16:45:00,61.48795597837243
2024-01-15 16:50:00,53.21788572655535
2024-01-15 16:55:00,54.75218429480925
2024-01-15 17:00:00,70.74034964504578
2024-01-15 17:05:00,63.61079089232546
2024-01-15 17:10:00,70.81310195232702
2024-01-15 17:15:00,64.68707741192276
2024-01-15 17:20:00,57.632408956325406
2024-01-15 17:25:00,68.56827044708372
2024-01-15 17:30:00,62.640430777134405
2024-01-15 17:35:00,67.79475530222501
2024-01-15 17:40:00,65.10084351831716
2024-01-15 17:45:00,58.82752713638536
2024-01-15 17:50:00,65.65717910963912
2024-01-15 17:55:00,73.78489261676803
2024-01-15 18:00:00,61.4419654112596
2024-01-15 18:05:00,59.23994856517992
2024-01-15 18:10:00,63.77139318502936
2024-01-15 18:15:00,60.312693438014215
2024-01-15 18:20:00,60.30815649825295
2024-01-15 18:25:00,55.10351888856536
2024-01-15 18:30:00,60.40541168036016
2024-01-15 18:35:00,63.611793242869545
2024-01-15 18:40:00,56.12577096880167
2024-01-15 18:45:00,65.16800286218955
2024-01-15 18:50:00,59.10319548062127
2024-01-15 18:55:00,55.91894153104761
2024-01-15 19:00:00,53.18751433696922
2024-01-15 19:05:00,48.04980908633517
2024-01-15 19:10:00,52.23504557923268
2024-01-15 19:15:00,48.0299515002541
2024-01-15 19:20:00,48.95768145516863
2024-01-15 19:25:00,51.171226846625416
2024-01-15 19:30:00,50.360574259648274
2024-01-15 19:35:00,41.21485890748129
2024-01-15 19:40:00,44.71201106891069
2024-01-15 19:45:00,52.91462596845151
2024-01-15 19:50:00,48.66843967368206
2024-01-15 19:55:00,47.10206081820256
2024-01-15 20:00:00,37.20068455301672
2024-01-15 20:05:00,38.31603532894322
2024-01-15 20:10:00,34.54778605419883
2024-01-15 20:15:00,42.22985773924049
2024-01-15 20:20:00,40.24123029172243
2024-01-15 20:25:00,38.76862905010536
2024-01-15 20:30:00,42.36248691337481
2024-01-15 20:35:00,44.09086313745757
2024-01-15 20:40:00,51.0077723428864
2024-01-15 20:45:00,36.58744693579376
2024-01-15 20:50:00,47.27250478724871
2024-01-15 20:55:00,46.52738685810691
2024-01-15 21:00:00,37.34152001471155
2024-01-15 21:05:00,41.27083479056248
2024-01-15 21:10:00,38.62735797486789
2024-01-15 21:15:00,41.20064529389331
2024-01-15 21:20:00,46.49441502583655
2024-01-15 21:25:00,42.8803159027436
2024-01-15 21:30:00,42.49232446515212
2024-01-15 21:35:00,38.73665369239978
2024-01-15 21:40:00,34.52166431252101
2024-01-15 21:45:00,39.62401813005672
2024-01-15 21:50:00,45.28432359167401
2024-01-15 21:55:00,34.34921954585976
2024-01-15 22:00:00,35.82790388069891
2024-01-15 22:05:00,40.55333229834197
2024-01-15 22:10:00,36.109642214016645
2024-01-15 22:15:00,36.87816756494484
2024-01-15 22:20:00,38.353867026492985
2024-01-15 22:25:00,34.58579173664509
2024-01-15 22:30:00,36.15177396854022
2024-01-15 22:35:00,42.86197302055493
2024-01-15 22:40:00,34.81878222448184
2024-01-15 22:45:00,33.65677281542634
2024-01-15 22:50:00,37.528161435270114
2024-01-15 22:55:00,42.97608336344508
2024-01-15 23:00:00,39.21539801311461
2024-01-15 23:05:00,38.1447609326397
2024-01-15 23:10:00,40.1805204351646
2024-01-15 23:15:00,33.020255513663564
2024-01-15 23:20:00,41.9819078602023
2024-01-15 23:25:00,41.53682537071675
2024-01-15 23:30:00,38.36585134871928
2024-01-15 23:35:00,44.02678329228784
2024-01-15 23:40:00,35.493100849290016
2024-01-15 23:45:00,44.51472121811645
2024-01-15 23:50:00,40.62105990748317
2024-01-15 23:55:00,38.656874885589474
2024-01-16 00:00:00,39.920508834582
2024-01-16 00:05:00,39.57094431281147
2024-01-16 00:10:00,44.8811349617261
2024-01-16 00:15:00,35.693286866171185
2024-01-16 00:20:00,36.949926419468845
2024-01-16 00:25:00,44.14521494434516
2024-01-16 00:30:00,37.6178636353198
2024-01-16 00:35:00,43.6021356853816
2024-01-16 00:40:00,46.79774730809008
2024-01-16 00:45:00,38.39282326828871
2024-01-16 00:50:00,42.72545268235646
2024-01-16 00:55:00,35.3852342506958
2024-01-16 01:00:00,43.019076745793
2024-01-16 01:05:00,40.79783949746884
2024-01-16 01:10:00,41.89229668216263
2024-01-16 01:15:00,37.41785526538018
2024-01-16 01:20:00,33.355809891253074
2024-01-16 01:25:00,42.01315181251979
2024-01-16 01:30:00,31.74653094360395
2024-01-16 01:35:00,38.73074158455163
2024-01-16 01:40:00,43.76487101920164
2024-01-16 01:45:00,40.76773449701391
2024-01-16 01:50:00,47.79351413268102
2024-01-16 01:55:00,44.10058016384886
2024-01-16 02:00:00,37.38810874082029
2024-01-16 02:05:00,40.11295581352835
2024-01-16 02:10:00,39.81421948394485
2024-01-16 02:15:00,33.674995240738085
2024-01-16 02:20:00,36.242106628185184
2024-01-16 02:25:00,37.76065866620316
2024-01-16 02:30:00,31.85882028269885
2024-01-16 02:35:00,40.19367616712917
2024-01-16 02:40:00,39.00741491551043
2024-01-16 02:45:00,33.3121266888763
2024-01-16 02:50:00,41.62055375523192
2024-01-16 02:55:00,42.86719327288643
2024-01-16 03:00:00,40.96605153954639
2024-01-16 03:05:00,38.76164092325095
2024-01-16 03:10:00,42.42368223109425
2024-01-16 03:15:00,42.77879506599359
2024-01-16 03:20:00,41.28752790296559
2024-01-16 03:25:00,36.759464622347785
2024-01-16 03:30:00,41.16431668613155
2024-01-16 03:35:00,44.83983622738874
2024-01-16 03:40:00,37.67139738963991
2024-01-16 03:45:00,48.44967098061655
2024-01-16 03:50:00,37.95538988814529
2024-01-16 03:55:00,40.18754167744738
2024-01-16 04:00:00,37.859526782636685
2024-01-16 04:05:00,41.44255251034307
2024-01-16 04:10:00,33.58058239612093
2024-01-16 04:15:00,38.36530197139514
2024-01-16 04:20:00,36.18098436526776
2024-01-16 04:25:00,41.09082255823119
2024-01-16 04:30:00,44.527258668697655
2024-01-16 04:35:00,43.13349391512023
2024-01-16 04:40:00,31.06283172322646
2024-01-16 04:45:00,48.71774777837355
2024-01-16 04:50:00,41.73058892914551
2024-01-16 04:55:00,37.44347260469003
2024-01-16 05:00:00,43.790488412819705
2024-01-16 05:05:00,43.86673602686671
2024-01-16 05:10:00,40.49458186904969
2024-01-16 05:15:00,43.953643406224245
2024-01-16 05:20:00,40.73208758637471
2024-01-16 05:25:00,41.54452876609585
2024-01-16 05:30:00,40.4168601938356
2024-01-16 05:35:00,37.431291577897326
2024-01-16 05:40:00,43.74532261771748
2024-01-16 05:45:00,45.503174482921295
2024-01-16 05:50:00,45.22151112116143
2024-01-16 05:55:00,46.44167774739688
2024-01-16 06:00:00,52.33374407520456
2024-01-16 06:05:00,48.90548124227748
2024-01-16 06:10:00,54.395038692869846
2024-01-16 06:15:00,45.60631307577735
2024-01-16 06:20:00,47.43369770509517
2024-01-16 06:25:00,47.17958294945211
2024-01-16 06:30:00,55.35660747170233
2024-01-16 06:35:00,54.80753729170539
2024-01-16 06:40:00,52.985604183325066
2024-01-16 06:45:00,55.32410269599228
2024-01-16 06:50:00,47.51925210549714
2024-01-16 06:55:00,52.43076371458901
2024-01-16 07:00:00,62.863325778956685
2024-01-16 07:05:00,66.751551908029
2024-01-16 07:10:00,62.90312656228056
2024-01-16 07:15:00,61.82425193884902
2024-01-16 07:20:00,65.52765756673331
2024-01-16 07:25:00,66.86870016125428
2024-01-16 07:30:00,60.690642713102136
2024-01-16 07:35:00,63.11972080707984
2024-01-16 07:40:00,59.13026095792274
2024-01-16 07:45:00,53.37177942251759
2024-01-16 07:50:00,64.16586201814427
2024-01-16 07:55:00,65.79964491750788
2024-01-16 08:00:00,71.0482672764776
2024-01-16 08:05:00,62.20175316911323
2024-01-16 08:10:00,68.5966023198248
2024-01-16 08:15:00,61.126608999926376
2024-01-16 08:20:00,75.47880447074743
2024-01-16 08:25:00,65.65578171165836
2024-01-16 08:30:00,75.02161447797029
2024-01-16 08:35:00,73.78347861486728
2024-01-16 08:40:00,66.39763862998646
2024-01-16 08:45:00,65.46886023505972
2024-01-16 08:50:00,71.40148090567605
2024-01-16 08:55:00,66.62270389139842
2024-01-16 09:00:00,63.773964874154345
2024-01-16 09:05:00,61.43271594229384
2024-01-16 09:10:00,56.23939264765898
2024-01-16 09:15:00,54.44215422902368
2024-01-16 09:20:00,64.2707632994999
2024-01-16 09:25:00,61.11779532019901
2024-01-16 09:30:00,61.15166703786498
2024-01-16 09:35:00,66.14748166189665
2024-01-16 09:40:00,68.05779541205129
2024-01-16 09:45:00,62.27384742007428
2024-01-16 09:50:00,62.001631477882064
2024-01-16 09:55:00,65.36459843797705
2024-01-16 10:00:00,45.60876058427977
2024-01-16 10:05:00,51.92911508206886
2024-01-16 10:10:00,53.244046750366685
2024-01-16 10:15:00,53.75742369674859
2024-01-16 10:20:00,43.28949205306821
2024-01-16 10:25:00,47.991081783842304
2024-01-16 10:30:00,47.52344985178421
2024-01-16 10:35:00,51.43605068071492
2024-01-16 10:40:00,52.95948118215001
2024-01-16 10:45:00,57.023344492862
2024-01-16 10:50:00,49.05664094160578
2024-01-16 10:55:00,49.04621286984121
2024-01-16 11:00:00,47.76375005747309
2024-01-16 11:05:00,44.35136973607933
2024-01-16 11:10:00,48.23566802671
2024-01-16 11:15:00,44.31997399399745
2024-01-16 11:20:00,38.53659550710502
2024-01-16 11:25:00,37.83254856284688
2024-01-16 11:30:00,36.95901298572239
2024-01-16 11:35:00,45.813269320992
2024-01-16 11:40:00,47.91944927430614
2024-01-16 11:45:00,50.56251054750363
2024-01-16 11:50:00,46.537483311251066
2024-01-16 11:55:00,47.81641629209805
2024-01-16 12:00:00,38.27766518945298
2024-01-16 12:05:00,35.97206725309229
2024-01-16 12:10:00,43.99804784973794
2024-01-16 12:15:00,42.26845352902532
2024-01-16 12:20:00,41.02750801743129
2024-01-16 12:25:00,42.14721644259968
2024-01-16 12:30:00,41.89047244990054
2024-01-16 12:35:00,45.73299795948196
2024-01-16 12:40:00,45.777672859335546
2024-01-16 12:45:00,42.77461192942911
2024-01-16 12:50:00,43.98094201031943
2024-01-16 12:55:00,42.65398072976682
2024-01-16 13:00:00,38.6711256681667
2024-01-16 13:05:00,43.54206329595774
2024-01-16 13:10:00,34.93782432086813
2024-01-16 13:15:00,44.73137080548872
2024-01-16 13:20:00,35.73771283724104
2024-01-16 13:25:00,41.659017743484114
2024-01-16 13:30:00,37.13518876260054
2024-01-16 13:35:00,42.72936052860289
2024-01-16 13:40:00,40.38010369259354
2024-01-16 13:45:00,34.13678076365185
2024-01-16 13:50:00,42.1986031203791
2024-01-16 13:55:00,38.20412148897434
2024-01-16 14:00:00,46.163269791422685
2024-01-16 14:05:00,42.64398566310684
2024-01-16 14:10:00,44.22036684972136
2024-01-16 14:15:00,38.80840708810836
2024-01-16 14:20:00,40.28135398245976
2024-01-16 14:25:00,40.80412836376487
2024-01-16 14:30:00,46.06549282913943
2024-01-16 14:35:00,49.348191259391164
2024-01-16 14:40:00,39.417995901197706
2024-01-16 14:45:00,46.94607548679993
2024-01-16 14:50:00,33.9599732372664
2024-01-16 14:55:00,37.86192530380005
2024-01-16 15:00:00,45.36201575806073
2024-01-16 15:05:00,43.78709482504494
2024-01-16 15:10:00,42.8627760236575
2024-01-16 15:15:00,50.84912523135902
2024-01-16 15:20:00,48.34085879189638
2024-01-16 15:25:00,50.714751173228265
2024-01-16 15:30:00,51.95902032729388
2024-01-16 15:35:00,50.25959755549796
2024-01-16 15:40:00,51.82818228740932
2024-01-16 15:45:00,48.91900043783875
2024-01-16 15:50:00,44.44915602958485
2024-01-16 15:55:00,53.42838630609101
2024-01-16 16:00:00,57.11357442171586
2024-01-16 16:05:00,55.72763775779066
2024-01-16 16:10:00,58.75835144962277
2024-01-16 16:15:00,55.81877927565432
2024-01-16 16:20:00,57.80030142488264
2024-01-16 16:25:00,60.84623863909423
2024-01-16 16:30:00,60.86338990982488
2024-01-16 16:35:00,55.878702687137846
2024-01-16 16:40:00,57.51920146104539
2024-01-16 16:45:00,63.76735497192134
2024-01-16 16:50:00,61.45562342377613
2024-01-16 16:55:00,67.77028311023453
2024-01-16 17:00:00,69.72051274312295
2024-01-16 17:05:00,69.57717232239659
2024-01-16 17:10:00,59.44852584633362
2024-01-16 17:15:00,68.05544145469052
2024-01-16 17:20:00,64.7875728413692
2024-01-16 17:25:00,62.79607283400384
2024-01-16 17:30:00,65.67206141028694
2024-01-16 17:35:00,68.78084618660277
2024-01-16 17:40:00,67.00332641217368
2024-01-16 17:45:00,61.48610484278859
2024-01-16 17:50:00,67.96983570252732
2024-01-16 17:55:00,62.44964987985298
2024-01-16 18:00:00,60.33675205305892
2024-01-16 18:05:00,58.25661930729323
2024-01-16 18:10:00,58.59455457025926
2024-01-16 18:15:00,62.5349914773638
2024-01-16 18:20:00,55.309244697938176
2024-01-16 18:25:00,67.25079987430951
2024-01-16 18:30:00,52.18567530002378
2024-01-16 18:35:00,57.07934884418234
2024-01-16 18:40:00,60.95086713696873
2024-01-16 18:45:00,61.80727624294301
2024-01-16 18:50:00,59.06811669491495
2024-01-16 18:55:00,59.2404567651956
2024-01-16 19:00:00,50.83918637059871
2024-01-16 19:05:00,48.272708119457526
2024-01-16 19:10:00,54.76971106102787
2024-01-16 19:15:00,52.55438248621466
2024-01-16 19:20:00,52.68828343331079
2024-01-16 19:25:00,45.33235913580658
2024-01-16 19:30:00,48.87943233166544
2024-01-16 19:35:00,47.99512223440544
2024-01-16 19:40:00,45.174580526530384
2024-01-16 19:45:00,50.63764276507131
2024-01-16 19:50:00,47.04640299816898
2024-01-16 19:55:00,51.81860134868919
2024-01-16 20:00:00,38.35421436246929
2024-01-16 20:05:00,49.511143065413904
2024-01-16 20:10:00,39.04964997967837
2024-01-16 20:15:00,43.51218996284836
2024-01-16 20:20:00,45.80241785559889
2024-01-16 20:25:00,40.35241889324617
2024-01-16 20:30:00,46.04485518777842
2024-01-16 20:35:00,37.71824622284496
2024-01-16 20:40:00,48.44345141077686
2024-01-16 20:45:00,42.69157767390965
2024-01-16 20:50:00,40.2493349821711
2024-01-16 20:55:00,41.43825352433688
2024-01-16 21:00:00,43.69356804978923
2024-01-16 21:05:00,38.1200698048166
2024-01-16 21:10:00,37.46046021452724
2024-01-16 21:15:00,39.5717445818834
2024-01-16 21:20:00,35.75004252113848
2024-01-16 21:25:00,47.74006660398561
2024-01-16 21:30:00,38.192312607359455
2024-01-16 21:35:00,43.78435811693996
2024-01-16 21:40:00,41.29577130680944
2024-01-16 21:45:00,36.51975477029048
2024-01-16 21:50:00,40.43407213536744
2024-01-16 21:55:00,43.59390208946135
2024-01-16 22:00:00,39.29521601306047
2024-01-16 22:05:00,44.8207131368098
2024-01-16 22:10:00,44.13432292453315
2024-01-16 22:15:00,43.72392077203901
2024-01-16 22:20:00,38.209634264313706
2024-01-16 22:25:00,35.72889156227974
2024-01-16 22:30:00,37.59391093195451
2024-01-16 22:35:00,40.833225116072576
2024-01-16 22:40:00,42.23140820753511
2024-01-16 22:45:00,31.361975734363902
2024-01-16 22:50:00,40.01580854695869
2024-01-16 22:55:00,40.68061825469843
2024-01-16 23:00:00,38.89290821983997
2024-01-16 23:05:00,45.16818060116569
2024-01-16 23:10:00,41.69020554210565
2024-01-16 23:15:00,45.24385287742576
2024-01-16 23:20:00,39.13924316370124
2024-01-16 23:25:00,43.75299521512987
2024-01-16 23:30:00,46.54335082321225
2024-01-16 23:35:00,45.24985904219282
2024-01-16 23:40:00,35.63451887138724
2024-01-16 23:45:00,38.98838093493265
2024-01-16 23:50:00,38.62242642330298
2024-01-16 23:55:00,41.96010338540748
2024-01-17 00:00:00,42.74541759611337
2024-01-17 00:05:00,36.644432679952295
2024-01-17 00:10:00,40.27135743172299
2024-01-17 00:15:00,31.92029404743069
2024-01-17 00:20:00,45.7677833992628
2024-01-17 00:25:00,37.950506413348464
2024-01-17 00:30:00,40.22345913543323
2024-01-17 00:35:00,38.76140452010299
2024-01-17 00:40:00,44.5841136761089
2024-01-17 00:45:00,28.64997761046573
2024-01-17 00:50:00,39.9335620067516
2024-01-17 00:55:00,39.57672834606445
2024-01-17 01:00:00,38.18559800315504
2024-01-17 01:05:00,46.9050497360643
2024-01-17 01:10:00,36.450825718098685
2024-01-17 01:15:00,43.08732826246441
2024-01-17 01:20:00,41.4251547083461
2024-01-17 01:25:00,45.04622056366383
2024-01-17 01:30:00,37.33138721441175
2024-01-17 01:35:00,37.068267957026734
2024-01-17 01:40:00,44.38442318343136
2024-01-17 01:45:00,41.70142878684221
2024-01-17 01:50:00,33.82039416681473
2024-01-17 01:55:00,37.842923495668686
2024-01-17 02:00:00,41.54923290951484
2024-01-17 02:05:00,43.35475918030895
2024-01-17 02:10:00,37.28677968135078
2024-01-17 02:15:00,28.346678334854836
2024-01-17 02:20:00,42.09659503707073
2024-01-17 02:25:00,35.12241953434669
2024-01-17 02:30:00,31.93434710163295
2024-01-17 02:35:00,28.674398594186037
2024-01-17 02:40:00,43.25962573491356
2024-01-17 02:45:00,40.518172095742464
2024-01-17 02:50:00,39.10107677127359
2024-01-17 02:55:00,45.55979974597364
2024-01-17 03:00:00,42.60721235617912
2024-01-17 03:05:00,46.52311379497449
2024-01-17 03:10:00,34.48697173541884
2024-01-17 03:15:00,39.919711128270976
2024-01-17 03:20:00,33.59106012429477
2024-01-17 03:25:00,39.14038429666496
2024-01-17 03:30:00,39.06345020902012
2024-01-17 03:35:00,42.56436817313912
2024-01-17 03:40:00,40.24016914865442
2024-01-17 03:45:00,42.55154217720649
2024-01-17 03:50:00,42.871674156642406
2024-01-17 03:55:00,48.6776283336194
2024-01-17 04:00:00,39.28828254551753
2024-01-17 04:05:00,36.785378363996514
2024-01-17 04:10:00,41.53380362792766
2024-01-17 04:15:00,37.340349058103854
2024-01-17 04:20:00,46.477312240408175
2024-01-17 04:25:00,39.4165970108811
2024-01-17 04:30:00,38.28716369516607
2024-01-17 04:35:00,38.66420628205756
2024-01-17 04:40:00,43.42313886054859
2024-01-17 04:45:00,39.91848123373609
2024-01-17 04:50:00,37.9828018861405
2024-01-17 04:55:00,47.21087683715615
2024-01-17 05:00:00,39.73729737420894
2024-01-17 05:05:00,43.30424103298792
2024-01-17 05:10:00,45.77120134329687
2024-01-17 05:15:00,36.63663629518765
2024-01-17 05:20:00,45.08301874247964
2024-01-17 05:25:00,38.94154603493414
2024-01-17 05:30:00,46.45310786019195
2024-01-17 05:35:00,39.31137268918003
2024-01-17 05:40:00,45.93305286425138
2024-01-17 05:45:00,47.58530900203479
2024-01-17 05:50:00,46.60772283938716
2024-01-17 05:55:00,44.16724332980835
2024-01-17 06:00:00,50.11117946342629
2024-01-17 06:05:00,48.73070492980571
2024-01-17 06:10:00,56.92052199841351
2024-01-17 06:15:00,48.23840235447452
2024-01-17 06:20:00,46.88811894086511
2024-01-17 06:25:00,53.69785897527641
2024-01-17 06:30:00,47.85183602239911
2024-01-17 06:35:00,47.23612924528058
2024-01-17 06:40:00,45.261966186466026
2024-01-17 06:45:00,49.104743877303015
2024-01-17 06:50:00,50.70552313955911
2024-01-17 06:55:00,52.008750145787886
2024-01-17 07:00:00,67.16924846968728
2024-01-17 07:05:00,65.47161518715252
2024-01-17 07:10:00,62.60053461427663
2024-01-17 07:15:00,62.57124078697046
2024-01-17 07:20:00,65.40465336815008
2024-01-17 07:25:00,68.45430414420362
2024-01-17 07:30:00,63.86928029042215
2024-01-17 07:35:00,61.48750007564771
2024-01-17 07:40:00,59.39255948814717
2024-01-17 07:45:00,57.583202434840445
2024-01-17 07:50:00,66.02910218066344
2024-01-17 07:55:00,65.67593758704757
2024-01-17 08:00:00,72.30945414055735
2024-01-17 08:05:00,69.48536225472247
2024-01-17 08:10:00,75.6277390236977
2024-01-17 08:15:00,68.06352606179144
2024-01-17 08:20:00,73.82107698895952
2024-01-17 08:25:00,69.84502846017253
2024-01-17 08:30:00,67.56659698141335
2024-01-17 08:35:00,72.37012126940175
2024-01-17 08:40:00,71.63854451486668
2024-01-17 08:45:00,71.42789107719841
2024-01-17 08:50:00,70.32511372835549
2024-01-17 08:55:00,69.84842771326338
2024-01-17 09:00:00,72.91751427700326
2024-01-17 09:05:00,68.1010528863062
2024-01-17 09:10:00,66.25533388546356
2024-01-17 09:15:00,63.81122293833506
2024-01-17 09:20:00,67.39265510790818
2024-01-17 09:25:00,65.43600541108732
2024-01-17 09:30:00,63.46884531661765
2024-01-17 09:35:00,62.14976900445785
2024-01-17 09:40:00,63.04035695487076
2024-01-17 09:45:00,50.68232336200929
2024-01-17 09:50:00,64.20642966271208
2024-01-17 09:55:00,61.41012198508008
2024-01-17 10:00:00,57.40718285620961
2024-01-17 10:05:00,51.11387914632509
2024-01-17 10:10:00,46.28064918493822
2024-01-17 10:15:00,50.8369822465656
2024-01-17 10:20:00,46.85201852282805
2024-01-17 10:25:00,52.93013252592794
2024-01-17 10:30:00,52.20029232043601
2024-01-17 10:35:00,54.86786138751114
2024-01-17 10:40:00,47.87297569629981
2024-01-17 10:45:00,51.17253524799066
2024-01-17 10:50:00,45.57641568137153
2024-01-17 10:55:00,53.842481990776925
2024-01-17 11:00:00,45.24054670371859
2024-01-17 11:05:00,45.14828206606839
2024-01-17 11:10:00,43.17153810738587
2024-01-17 11:15:00,44.82415354511327
2024-01-17 11:20:00,49.58241841519249
2024-01-17 11:25:00,42.02468495379005
2024-01-17 11:30:00,43.71964271679844
2024-01-17 11:35:00,38.82055678523246
2024-01-17 11:40:00,39.69201813556477
2024-01-17 11:45:00,43.55631515433134
2024-01-17 11:50:00,47.58079616876573
2024-01-17 11:55:00,42.139938684951815
2024-01-17 12:00:00,39.65406440281922
2024-01-17 12:05:00,38.97018954205022
2024-01-17 12:10:00,38.458703836690425
2024-01-17 12:15:00,41.77761634290301
2024-01-17 12:20:00,34.608699939353144
2024-01-17 12:25:00,45.72148882673463
2024-01-17 12:30:00,37.93604132754988
2024-01-17 12:35:00,43.48534446182029
2024-01-17 12:40:00,35.51773613049222
2024-01-17 12:45:00,43.2730910422526
2024-01-17 12:50:00,43.28550895132571
2024-01-17 12:55:00,42.13453880809131
2024-01-17 13:00:00,36.53809050910601
2024-01-17 13:05:00,41.51399735469749
2024-01-17 13:10:00,35.78357985736763
2024-01-17 13:15:00,39.50475157592044
2024-01-17 13:20:00,44.63345700012648
2024-01-17 13:25:00,43.70261230458815
2024-01-17 13:30:00,40.57653636646691
2024-01-17 13:35:00,36.61657829261381
2024-01-17 13:40:00,43.09815544500196
2024-01-17 13:45:00,40.59332954709728
2024-01-17 13:50:00,31.234542203383487
2024-01-17 13:55:00,43.64632390157125
2024-01-17 14:00:00,42.54175157269044
2024-01-17 14:05:00,47.4484879001015
2024-01-17 14:10:00,38.25760083279799
2024-01-17 14:15:00,29.931867655385204
2024-01-17 14:20:00,43.75501834154995
2024-01-17 14:25:00,43.8049376148971
2024-01-17 14:30:00,35.8759963977434
2024-01-17 14:35:00,38.72468472470278
2024-01-17 14:40:00,53.659553883048815
2024-01-17 14:45:00,41.416240451554
2024-01-17 14:50:00,45.56251881367408
2024-01-17 14:55:00,40.03604359869567
2024-01-17 15:00:00,40.8359179873952
2024-01-17 15:05:00,48.516096595624205
2024-01-17 15:10:00,48.134711341663404
2024-01-17 15:15:00,47.59761662813434
2024-01-17 15:20:00,48.738566240782255
2024-01-17 15:25:00,50.25420266939037
2024-01-17 15:30:00,48.5966617777926
2024-01-17 15:35:00,44.14110491101837
2024-01-17 15:40:00,51.14186874905558
2024-01-17 15:45:00,41.399642561518135
2024-01-17 15:50:00,40.99569975367103
2024-01-17 15:55:00,52.1538515616141
2024-01-17 16:00:00,61.498104041381794
2024-01-17 16:05:00,59.24044149254422
2024-01-17 16:10:00,53.88822893382008
2024-01-17 16:15:00,56.63837919014407
2024-01-17 16:20:00,58.41903596209435
2024-01-17 16:25:00,53.08644707854391
2024-01-17 16:30:00,56.51390832074743
2024-01-17 16:35:00,62.07934430554709
2024-01-17 16:40:00,65.17924440999724
2024-01-17 16:45:00,57.79228394220616
2024-01-17 16:50:00,62.49597637010476
2024-01-17 16:55:00,51.8137826704905
2024-01-17 17:00:00,67.63780501261128
2024-01-17 17:05:00,61.78420638924691
2024-01-17 17:10:00,66.22938251498871
2024-01-17 17:15:00,64.008990375198
2024-01-17 17:20:00,70.28165608729218
2024-01-17 17:25:00,61.50225745479716
2024-01-17 17:30:00,67.51042523840415
2024-01-17 17:35:00,63.8819701949707
2024-01-17 17:40:00,64.36677813611819
2024-01-17 17:45:00,64.26458447552
2024-01-17 17:50:00,61.61730763018039
2024-01-17 17:55:00,64.94360418453014
2024-01-17 18:00:00,59.219426688714485
2024-01-17 18:05:00,60.434980570828685
2024-01-17 18:10:00,59.80804015997322
2024-01-17 18:15:00,62.66199777565071
2024-01-17 18:20:00,63.16405404139124
2024-01-17 18:25:00,55.26752628989056
2024-01-17 18:30:00,62.94510957956485
2024-01-17 18:35:00,54.72467386876235
2024-01-17 18:40:00,61.82144312975271
2024-01-17 18:45:00,61.94897471601324
2024-01-17 18:50:00,51.82475201055175
2024-01-17 18:55:00,59.84193656331941
2024-01-17 19:00:00,47.32300157584699
2024-01-17 19:05:00,46.16192499754675
2024-01-17 19:10:00,54.60039535208427
2024-01-17 19:15:00,46.58226946673857
2024-01-17 19:20:00,45.971478312816046
2024-01-17 19:25:00,49.49976578930862
2024-01-17 19:30:00,51.93934501448192
2024-01-17 19:35:00,48.63039168524774
2024-01-17 19:40:00,53.86246821196526
2024-01-17 19:45:00,51.32088867714461
2024-01-17 19:50:00,40.48414075036253
2024-01-17 19:55:00,47.07911817526021
2024-01-17 20:00:00,40.38761221663982
2024-01-17 20:05:00,44.55242442776431
2024-01-17 20:10:00,32.135712388550175
2024-01-17 20:15:00,52.83101944891751
2024-01-17 20:20:00,44.75908499362346
2024-01-17 20:25:00,43.23048782971738
2024-01-17 20:30:00,47.3612514797232
2024-01-17 20:35:00,52.00959682529712
2024-01-17 20:40:00,46.11796719240023
2024-01-17 20:45:00,46.4302329999331
2024-01-17 20:50:00,43.15774071190415
2024-01-17 20:55:00,42.06887760057882
2024-01-17 21:00:00,38.55470919619874
2024-01-17 21:05:00,37.15344300536018
2024-01-17 21:10:00,37.70983457342036
2024-01-17 21:15:00,35.055667114846415
2024-01-17 21:20:00,40.15440516947826
2024-01-17 21:25:00,33.719220663312804
2024-01-17 21:30:00,41.2215570687932
2024-01-17 21:35:00,40.312568540048986
2024-01-17 21:40:00,41.0456321657651
2024-01-17 21:45:00,38.36936469213838
2024-01-17 21:50:00,52.76533245294036
2024-01-17 21:55:00,45.8983545729396
2024-01-17 22:00:00,35.0700913530668
2024-01-17 22:05:00,40.97973370311328
2024-01-17 22:10:00,37.6162367816564
2024-01-17 22:15:00,35.99034244657604
2024-01-17 22:20:00,34.687973068909955
2024-01-17 22:25:00,41.77712811644271
2024-01-17 22:30:00,37.3227404131274
2024-01-17 22:35:00,43.91956544950651
2024-01-17 22:40:00,44.02339021152745
2024-01-17 22:45:00,45.54391889425149
2024-01-17 22:50:00,36.63871428910928
2024-01-17 22:55:00,41.949723796173735
2024-01-17 23:00:00,42.532902111671376
2024-01-17 23:05:00,38.10637254468631
2024-01-17 23:10:00,36.91599741553067
2024-01-17 23:15:00,46.44116790820606
2024-01-17 23:20:00,40.91306874803038
2024-01-17 23:25:00,42.54695624794912
2024-01-17 23:30:00,36.71478119779046
2024-01-17 23:35:00,35.1259473790134
2024-01-17 23:40:00,37.72528614713373
2024-01-17 23:45:00,39.50699969554218
2024-01-17 23:50:00,35.746205217832774
2024-01-17 23:55:00,39.96370601050064
2024-01-18 00:00:00,33.24598262378124
2024-01-18 00:05:00,35.51981368617575
2024-01-18 00:10:00,42.68364836916274
2024-01-18 00:15:00,42.415165457166815
2024-01-18 00:20:00,38.43249631450777
2024-01-18 00:25:00,35.928946139747424
2024-01-18 00:30:00,35.8903891699512
2024-01-18 00:35:00,38.50693039228998
2024-01-18 00:40:00,42.578077342636405
2024-01-18 00:45:00,43.71298614143254
2024-01-18 00:50:00,38.01387643412736
2024-01-18 00:55:00,35.386033672116106
2024-01-18 01:00:00,41.0715181049871
2024-01-18 01:05:00,36.706003671018365
2024-01-18 01:10:00,37.92713299807696
2024-01-18 01:15:00,45.30124791526992
2024-01-18 01:20:00,43.30860526778484
2024-01-18 01:25:00,40.63204080252758
2024-01-18 01:30:00,34.912467549070875
2024-01-18 01:35:00,40.845729823404405
2024-01-18 01:40:00,44.25077271667188
2024-01-18 01:45:00,38.49760889045962
2024-01-18 01:50:00,45.40459991346863
2024-01-18 01:55:00,45.171124711594594
2024-01-18 02:00:00,46.65863362269649
2024-01-18 02:05:00,41.22467480024801
2024-01-18 02:10:00,42.35326909334665
2024-01-18 02:15:00,45.66045144744696
2024-01-18 02:20:00,41.7932780423985
2024-01-18 02:25:00,37.99876586296175
2024-01-18 02:30:00,38.20953094801115
2024-01-18 02:35:00,40.95792210921756
2024-01-18 02:40:00,34.84145660633772
2024-01-18 02:45:00,39.43066663266583
2024-01-18 02:50:00,44.38989076704361
2024-01-18 02:55:00,31.238686889461476
2024-01-18 03:00:00,46.19584203126489
2024-01-18 03:05:00,44.54741049889947
2024-01-18 03:10:00,38.218855160764925
2024-01-18 03:15:00,42.23147693557407
2024-01-18 03:20:00,40.07050453171214
2024-01-18 03:25:00,44.97787509784156
2024-01-18 03:30:00,43.9886461951666
2024-01-18 03:35:00,34.45763073135479
2024-01-18 03:40:00,42.40696327794354
2024-01-18 03:45:00,39.23540220951384
2024-01-18 03:50:00,40.38924390615923
2024-01-18 03:55:00,37.145226020207566
2024-01-18 04:00:00,47.54201744314537
2024-01-18 04:05:00,44.70971644627233
2024-01-18 04:10:00,37.59038451077016
2024-01-18 04:15:00,35.2110267390211
2024-01-18 04:20:00,39.00677864275063
2024-01-18 04:25:00,42.28747975102725
2024-01-18 04:30:00,41.51029254244692
2024-01-18 04:35:00,45.56200046573501
2024-01-18 04:40:00,43.70914805538544
2024-01-18 04:45:00,44.42774526967366
2024-01-18 04:50:00,41.85689076910378
2024-01-18 04:55:00,34.992274245818066
2024-01-18 05:00:00,42.37918261226834
2024-01-18 05:05:00,47.4023356964906
2024-01-18 05:10:00,42.95588502275736
2024-01-18 05:15:00,45.17433821135093
2024-01-18 05:20:00,41.88698347587141
2024-01-18 05:25:00,39.04272934268856
2024-01-18 05:30:00,42.6686004806715
2024-01-18 05:35:00,44.39816650898656
2024-01-18 05:40:00,40.539225859010166
2024-01-18 05:45:00,42.21913175742927
2024-01-18 05:50:00,39.40412376891201
2024-01-18 05:55:00,47.638956407112325
2024-01-18 06:00:00,49.85856020479295
2024-01-18 06:05:00,56.84740541564982
2024-01-18 06:10:00,57.15137463730872
2024-01-18 06:15:00,50.71219937625811
2024-01-18 06:20:00,47.00258830495569
2024-01-18 06:25:00,42.69279172421174
2024-01-18 06:30:00,45.14823494303792
2024-01-18 06:35:00,45.54104393555045
2024-01-18 06:40:00,56.550261744991104
2024-01-18 06:45:00,51.49968158405287
2024-01-18 06:50:00,52.59480133151304
2024-01-18 06:55:00,42.15469919940458
2024-01-18 07:00:00,58.5721577756203
2024-01-18 07:05:00,66.91234259827449
2024-01-18 07:10:00,64.51111994201969
2024-01-18 07:15:00,62.77520237774696
2024-01-18 07:20:00,65.62339292688984
2024-01-18 07:25:00,69.9072147170326
2024-01-18 07:30:00,62.47985363834114
2024-01-18 07:35:00,63.64150270312162
2024-01-18 07:40:00,64.13441116741457
2024-01-18 07:45:00,72.93246203358531
2024-01-18 07:50:00,54.96659843481324
2024-01-18 07:55:00,66.09691555164457
2024-01-18 08:00:00,69.54079104509445
2024-01-18 08:05:00,72.26708694486742
2024-01-18 08:10:00,67.37050982415181
2024-01-18 08:15:00,69.8041399166969
2024-01-18 08:20:00,72.84564235799269
2024-01-18 08:25:00,82.45164084430607
2024-01-18 08:30:00,73.23214479773898
2024-01-18 08:35:00,66.60773764800867
2024-01-18 08:40:00,68.3049613120399
2024-01-18 08:45:00,68.18634360659529
2024-01-18 08:50:00,62.81742734961064
2024-01-18 08:55:00,68.67963927332495
2024-01-18 09:00:00,66.2953426328085
2024-01-18 09:05:00,58.267097829214336
2024-01-18 09:10:00,67.55795690972388
2024-01-18 09:15:00,65.31512558985887
2024-01-18 09:20:00,60.42709301763736
2024-01-18 09:25:00,62.797907756170126
2024-01-18 09:30:00,69.75731353608565
2024-01-18 09:35:00,66.29821755954498
2024-01-18 09:40:00,63.3991609251141
2024-01-18 09:45:00,62.413293037677576
2024-01-18 09:50:00,63.67046258732815
2024-01-18 09:55:00,61.3169720737523
2024-01-18 10:00:00,42.61750484020201
2024-01-18 10:05:00,59.20521450521699
2024-01-18 10:10:00,51.65780285987567
2024-01-18 10:15:00,52.62909192356822
2024-01-18 10:20:00,50.80487186357043
2024-01-18 10:25:00,48.09603566017972
2024-01-18 10:30:00,50.29280493928299
2024-01-18 10:35:00,44.63892381430082
2024-01-18 10:40:00,60.144848855291286
2024-01-18 10:45:00,46.09845486938848
2024-01-18 10:50:00,46.90863772768935
2024-01-18 10:55:00,49.27546604553247
2024-01-18 11:00:00,48.31736488136762
2024-01-18 11:05:00,43.22309797900872
2024-01-18 11:10:00,38.220518797836256
2024-01-18 11:15:00,48.18241542498746
2024-01-18 11:20:00,46.08906448910003
2024-01-18 11:25:00,45.31880181082391
2024-01-18 11:30:00,46.02799894664147
2024-01-18 11:35:00,52.74250958428791
2024-01-18 11:40:00,51.90544156210255
2024-01-18 11:45:00,40.418200609944925
2024-01-18 11:50:00,49.66060195320272
2024-01-18 11:55:00,44.6977347409937
2024-01-18 12:00:00,42.59411378461872
2024-01-18 12:05:00,33.828647193494405
2024-01-18 12:10:00,39.91618745851493
2024-01-18 12:15:00,37.34643615872146
2024-01-18 12:20:00,43.90996577964096
2024-01-18 12:25:00,44.88205252167894
2024-01-18 12:30:00,32.299785116002475
2024-01-18 12:35:00,40.50959106405064
2024-01-18 12:40:00,45.08517653924473
2024-01-18 12:45:00,39.85101467081394
2024-01-18 12:50:00,43.51398510007718
2024-01-18 12:55:00,42.002392390576055
2024-01-18 13:00:00,41.88244552411569
2024-01-18 13:05:00,39.43054468403199
2024-01-18 13:10:00,35.64948137976234
2024-01-18 13:15:00,36.02968400660507
2024-01-18 13:20:00,43.35321465412645
2024-01-18 13:25:00,40.59363761838071
2024-01-18 13:30:00,39.96175561787628
2024-01-18 13:35:00,38.82024442701577
2024-01-18 13:40:00,39.295049214382175
2024-01-18 13:45:00,44.703451774257736
2024-01-18 13:50:00,39.17482826883308
2024-01-18 13:55:00,35.15154574309891
2024-01-18 14:00:00,45.61329001032991
2024-01-18 14:05:00,41.81917625271034
2024-01-18 14:10:00,42.76426637030031
2024-01-18 14:15:00,49.06899613376725
2024-01-18 14:20:00,42.55644067876718
2024-01-18 14:25:00,43.79541760064411
2024-01-18 14:30:00,37.92298894297591
2024-01-18 14:35:00,41.76000509876537
2024-01-18 14:40:00,45.076787089003616
2024-01-18 14:45:00,36.41718797280424
2024-01-18 14:50:00,43.44206328063205
2024-01-18 14:55:00,43.04184719874844
2024-01-18 15:00:00,49.36227940515758
2024-01-18 15:05:00,53.3457651774408
2024-01-18 15:10:00,50.53488364220191
2024-01-18 15:15:00,55.1094171762336
2024-01-18 15:20:00,45.22277152043168
2024-01-18 15:25:00,49.74082785168122
2024-01-18 15:30:00,49.53499672836762
2024-01-18 15:35:00,44.920111607787504
2024-01-18 15:40:00,53.02230959117321
2024-01-18 15:45:00,58.495822806219095
2024-01-18 15:50:00,49.1291052848725
2024-01-18 15:55:00,51.21721393590289
2024-01-18 16:00:00,59.80809685610168
2024-01-18 16:05:00,56.61568427321166
2024-01-18 16:10:00,52.1869818416323
2024-01-18 16:15:00,56.646929020458906
2024-01-18 16:20:00,53.90218942903344
2024-01-18 16:25:00,66.28643126507684
2024-01-18 16:30:00,59.00958417714741
2024-01-18 16:35:00,58.086345636651686
2024-01-18 16:40:00,63.02663825199159
2024-01-18 16:45:00,54.98301854141681
2024-01-18 16:50:00,56.40256680082216
2024-01-18 16:55:00,59.74231202983485
2024-01-18 17:00:00,69.11507601385075
2024-01-18 17:05:00,67.00674022883199
2024-01-18 17:10:00,65.99330061822036
2024-01-18 17:15:00,65.3124709891009
2024-01-18 17:20:00,66.60094347026394
2024-01-18 17:25:00,65.80661166867385
2024-01-18 17:30:00,60.88011094904909
2024-01-18 17:35:00,65.18431693468943
2024-01-18 17:40:00,60.70524541248582
2024-01-18 17:45:00,65.32433021976013
2024-01-18 17:50:00,63.07740828220387
2024-01-18 17:55:00,75.15752653928828
2024-01-18 18:00:00,59.31044204219492
2024-01-18 18:05:00,53.85306131215541
2024-01-18 18:10:00,58.93329873449407
2024-01-18 18:15:00,61.54745455975332
2024-01-18 18:20:00,66.16347536181186
2024-01-18 18:25:00,57.112209977446895
2024-01-18 18:30:00,53.14030768110721
2024-01-18 18:35:00,62.737367622925696
2024-01-18 18:40:00,53.947624753603165
2024-01-18 18:45:00,57.72539781117183
2024-01-18 18:50:00,58.43953763515779
2024-01-18 18:55:00,59.191485764001335
2024-01-18 19:00:00,51.95364385758559
2024-01-18 19:05:00,46.4624489001427
2024-01-18 19:10:00,48.1020690206212
2024-01-18 19:15:00,49.13990461749069
2024-01-18 19:20:00,49.7953778593634
2024-01-18 19:25:00,49.58829472811994
2024-01-18 19:30:00,50.94100913017856
2024-01-18 19:35:00,52.5723440678552
2024-01-18 19:40:00,50.76752249189212
2024-01-18 19:45:00,51.01132812332512
2024-01-18 19:50:00,42.86809336230234
2024-01-18 19:55:00,49.397896825950966
2024-01-18 20:00:00,44.55301080605305
2024-01-18 20:05:00,45.55074539232842
2024-01-18 20:10:00,39.86557751711144
2024-01-18 20:15:00,39.99882351449204
2024-01-18 20:20:00,40.33857791291223
2024-01-18 20:25:00,44.78063621361199
2024-01-18 20:30:00,46.77050483374345
2024-01-18 20:35:00,41.00514018488021
2024-01-18 20:40:00,46.266829868554815
2024-01-18 20:45:00,43.128899850705
2024-01-18 20:50:00,42.13783750539688
2024-01-18 20:55:00,41.78944369477474
2024-01-18 21:00:00,43.44433643062698
2024-01-18 21:05:00,41.76020223936664
2024-01-18 21:10:00,49.5611926828089
2024-01-18 21:15:00,37.048992400229054
2024-01-18 21:20:00,42.53029778033825
2024-01-18 21:25:00,38.3410869329723
2024-01-18 21:30:00,36.980743024263774
2024-01-18 21:35:00,40.41442242407846
2024-01-18 21:40:00,41.0073008898465
2024-01-18 21:45:00,52.13058519245872
2024-01-18 21:50:00,39.72130770948554
2024-01-18 21:55:00,35.93717605427962
2024-01-18 22:00:00,41.14030422338323
2024-01-18 22:05:00,31.74970120322022
2024-01-18 22:10:00,39.68043422298863
2024-01-18 22:15:00,40.112362482586335
2024-01-18 22:20:00,43.226662885186535
2024-01-18 22:25:00,43.94275035111708
2024-01-18 22:30:00,38.033982877774825
2024-01-18 22:35:00,39.44580529488596
2024-01-18 22:40:00,36.98377803096301
2024-01-18 22:45:00,35.53601113417491
2024-01-18 22:50:00,41.28784047092823
2024-01-18 22:55:00,34.95391915901929
2024-01-18 23:00:00,38.34457764281472
2024-01-18 23:05:00,36.02238940550522
2024-01-18 23:10:00,42.20181799026321
2024-01-18 23:15:00,47.20880564216812
2024-01-18 23:20:00,34.79673331388884
2024-01-18 23:25:00,32.59101131351189
2024-01-18 23:30:00,39.5035377037019
2024-01-18 23:35:00,40.0658764289332
2024-01-18 23:40:00,40.87772247213136
2024-01-18 23:45:00,38.2178031841648
2024-01-18 23:50:00,39.20052804980044
2024-01-18 23:55:00,41.47312688726458
2024-01-19 00:00:00,44.1617269466346
2024-01-19 00:05:00,32.179808294782106
2024-01-19 00:10:00,38.52424561992939
2024-01-19 00:15:00,40.8552385518195
2024-01-19 00:20:00,36.3280989576123
2024-01-19 00:25:00,46.92468190312444
2024-01-19 00:30:00,37.45836385514029
2024-01-19 00:35:00,39.834832628026106
2024-01-19 00:40:00,42.2240917634244
2024-01-19 00:45:00,37.63486422084766
2024-01-19 00:50:00,32.61371118483757
2024-01-19 00:55:00,38.28538526838911
2024-01-19 01:00:00,44.11790577722993
2024-01-19 01:05:00,38.65256304638121
2024-01-19 01:10:00,36.61440634768585
2024-01-19 01:15:00,43.70283239153265
2024-01-19 01:20:00,38.67704396942956
2024-01-19 01:25:00,37.9595002989209
2024-01-19 01:30:00,40.59796791217501
2024-01-19 01:35:00,43.08314439199692
2024-01-19 01:40:00,49.52699768045195
2024-01-19 01:45:00,43.30908798415146
2024-01-19 01:50:00,44.63950341907514
2024-01-19 01:55:00,37.97627875757035
2024-01-19 02:00:00,35.900229870244694
2024-01-19 02:05:00,40.25302769259909
2024-01-19 02:10:00,40.43238195516098
2024-01-19 02:15:00,35.68965132866421
2024-01-19 02:20:00,39.302524174506544
2024-01-19 02:25:00,41.60097270099912
2024-01-19 02:30:00,41.44527587419492
2024-01-19 02:35:00,42.02085370765969
2024-01-19 02:40:00,41.16756121467237
2024-01-19 02:45:00,37.97566765704237
2024-01-19 02:50:00,37.94809978752723
2024-01-19 02:55:00,35.207896702147096
2024-01-19 03:00:00,47.197013780827206
2024-01-19 03:05:00,40.111715082564
2024-01-19 03:10:00,39.15850140090742
2024-01-19 03:15:00,36.342745298277
2024-01-19 03:20:00,51.80054523339794
2024-01-19 03:25:00,35.76460149519525
2024-01-19 03:30:00,38.34252192166254
2024-01-19 03:35:00,41.72126096923107
2024-01-19 03:40:00,42.45876548706394
2024-01-19 03:45:00,43.889641844949566
2024-01-19 03:50:00,47.28834765516388
2024-01-19 03:55:00,42.08254424592968
2024-01-19 04:00:00,36.32534596679536
2024-01-19 04:05:00,39.5216886661749
2024-01-19 04:10:00,41.780798656717565
2024-01-19 04:15:00,48.82237333268532
2024-01-19 04:20:00,34.95824725296484
2024-01-19 04:25:00,45.35977518756294
2024-01-19 04:30:00,41.269126644847695
2024-01-19 04:35:00,43.90079130757995
2024-01-19 04:40:00,40.1414903001183
2024-01-19 04:45:00,37.17973864615672
2024-01-19 04:50:00,43.55296028426736
2024-01-19 04:55:00,43.167193275084514
2024-01-19 05:00:00,47.050204599814826
2024-01-19 05:05:00,43.1087581953414
2024-01-19 05:10:00,40.76268864357655
2024-01-19 05:15:00,36.92682875676057
2024-01-19 05:20:00,46.439469809413566
2024-01-19 05:25:00,44.857534666631885
2024-01-19 05:30:00,39.2988462054001
2024-01-19 05:35:00,41.00768204366945
2024-01-19 05:40:00,41.29494148905018
2024-01-19 05:45:00,37.23003900892627
2024-01-19 05:50:00,39.891247150435404
2024-01-19 05:55:00,38.62665530963052
2024-01-19 06:00:00,49.38646718759334
2024-01-19 06:05:00,48.08159324182684
2024-01-19 06:10:00,44.52836355167809
2024-01-19 06:15:00,59.12674415742301
2024-01-19 06:20:00,56.04654615926201
2024-01-19 06:25:00,47.92030554906515
2024-01-19 06:30:00,52.12606882175952
2024-01-19 06:35:00,52.70624359443027
2024-01-19 06:40:00,55.80072665423899
2024-01-19 06:45:00,47.761963128504775
2024-01-19 06:50:00,55.4048103710748
2024-01-19 06:55:00,48.84476201831735
2024-01-19 07:00:00,58.02057387581489
2024-01-19 07:05:00,66.26056972974733
2024-01-19 07:10:00,68.52705718897906
2024-01-19 07:15:00,73.71565938661209
2024-01-19 07:20:00,58.56512243212849
2024-01-19 07:25:00,66.1597022328125
2024-01-19 07:30:00,61.724818517315214
2024-01-19 07:35:00,66.49745833458547
2024-01-19 07:40:00,57.48206528756434
2024-01-19 07:45:00,58.31294438969509
2024-01-19 07:50:00,60.26052419982341
2024-01-19 07:55:00,63.679879675161686
2024-01-19 08:00:00,67.43567497397729
2024-01-19 08:05:00,72.63621741578437
2024-01-19 08:10:00,74.10757851316235
2024-01-19 08:15:00,72.39831020511213
2024-01-19 08:20:00,76.47515059877418
2024-01-19 08:25:00,71.66330655795207
2024-01-19 08:30:00,65.13241319877004
2024-01-19 08:35:00,75.45350609428407
2024-01-19 08:40:00,67.57937509770672
2024-01-19 08:45:00,73.64167403887298
2024-01-19 08:50:00,76.29493690635113
2024-01-19 08:55:00,71.8267520830523
2024-01-19 09:00:00,57.379391052862914
2024-01-19 09:05:00,59.69117763948235
2024-01-19 09:10:00,68.65500417306205
2024-01-19 09:15:00,62.687535562950245
2024-01-19 09:20:00,63.68232044529017
2024-01-19 09:25:00,66.39932397017596
2024-01-19 09:30:00,66.14931775384281
2024-01-19 09:35:00,64.47922555506335
2024-01-19 09:40:00,62.52935282063965
2024-01-19 09:45:00,62.11335252259208
2024-01-19 09:50:00,66.79562160668688
2024-01-19 09:55:00,65.57830442979268
2024-01-19 10:00:00,50.00730286060691
2024-01-19 10:05:00,55.36495211505064
2024-01-19 10:10:00,50.520366402558935
2024-01-19 10:15:00,47.6298541657405
2024-01-19 10:20:00,48.00062006746469
2024-01-19 10:25:00,47.12153951783901
2024-01-19 10:30:00,49.94686279666332
2024-01-19 10:35:00,55.971399976422845
2024-01-19 10:40:00,47.81612213895603
2024-01-19 10:45:00,51.79040590715048
2024-01-19 10:50:00,48.40974548056842
2024-01-19 10:55:00,49.99526669799232
2024-01-19 11:00:00,37.1248971340171
2024-01-19 11:05:00,42.28290906533196
2024-01-19 11:10:00,42.390240462738255
2024-01-19 11:15:00,45.32621375810088
2024-01-19 11:20:00,44.05818563497959
2024-01-19 11:25:00,38.37149348214992
2024-01-19 11:30:00,47.50185495813228
2024-01-19 11:35:00,44.00627414284609
2024-01-19 11:40:00,43.95863605066805
2024-01-19 11:45:00,43.12833256841755
2024-01-19 11:50:00,41.094032193069225
2024-01-19 11:55:00,44.03627134095301
2024-01-19 12:00:00,42.50008426378205
2024-01-19 12:05:00,33.6101477546855
2024-01-19 12:10:00,38.442687170683335
2024-01-19 12:15:00,39.577942638453365
2024-01-19 12:20:00,41.62241294284483
2024-01-19 12:25:00,45.37097454377623
2024-01-19 12:30:00,37.51076726168059
2024-01-19 12:35:00,38.60588313279635
2024-01-19 12:40:00,38.54759407748152
2024-01-19 12:45:00,37.39162015964956
2024-01-19 12:50:00,39.20898453961867
2024-01-19 12:55:00,43.6809394000196
2024-01-19 13:00:00,36.3004626148478
2024-01-19 13:05:00,42.2270621769168
2024-01-19 13:10:00,33.70819567623184
2024-01-19 13:15:00,38.27045261053636
2024-01-19 13:20:00,39.19784739543324
2024-01-19 13:25:00,47.21524328796144
2024-01-19 13:30:00,39.41659537729443
2024-01-19 13:35:00,31.710830702501507
2024-01-19 13:40:00,32.52024896886018
2024-01-19 13:45:00,40.65192294169191
2024-01-19 13:50:00,42.970888019464816
2024-01-19 13:55:00,42.017628026814194
2024-01-19 14:00:00,43.30896333137317
2024-01-19 14:05:00,47.28772129819188
2024-01-19 14:10:00,40.48031802522068
2024-01-19 14:15:00,46.21832513227651
2024-01-19 14:20:00,36.11062336806354
2024-01-19 14:25:00,39.01889157641694
2024-01-19 14:30:00,35.41051732844194
2024-01-19 14:35:00,41.53930170549004
2024-01-19 14:40:00,42.45363803910384
2024-01-19 14:45:00,43.09508887707529
2024-01-19 14:50:00,42.88621631971775
2024-01-19 14:55:00,38.9284695849223
2024-01-19 15:00:00,48.43616620515496
2024-01-19 15:05:00,43.20734290838483
2024-01-19 15:10:00,54.650045483336825
2024-01-19 15:15:00,47.98262529121582
2024-01-19 15:20:00,47.24158510663306
2024-01-19 15:25:00,55.55289089658416
2024-01-19 15:30:00,44.22814344861091
2024-01-19 15:35:00,44.69478112667995
2024-01-19 15:40:00,44.81224828333357
2024-01-19 15:45:00,48.9256440560099
2024-01-19 15:50:00,50.92365610135821
2024-01-19 15:55:00,52.15583145527916
2024-01-19 16:00:00,69.75800422282025
2024-01-19 16:05:00,50.47229313603731
2024-01-19 16:10:00,61.90496530933803
2024-01-19 16:15:00,57.241500662551445
2024-01-19 16:20:00,57.12436235728527
2024-01-19 16:25:00,56.990934439824855
2024-01-19 16:30:00,55.83494426960847
2024-01-19 16:35:00,66.20812229125417
2024-01-19 16:40:00,62.83921226089598
2024-01-19 16:45:00,59.56280686706987
2024-01-19 16:50:00,64.87408596278837
2024-01-19 16:55:00,53.41990709164487
2024-01-19 17:00:00,59.67717952283313
2024-01-19 17:05:00,56.28812911937808
2024-01-19 17:10:00,62.202341887663685
2024-01-19 17:15:00,65.64679415497585
2024-01-19 17:20:00,65.41143435988617
2024-01-19 17:25:00,65.59736769239636
2024-01-19 17:30:00,59.35577272389251
2024-01-19 17:35:00,68.21261901861293
2024-01-19 17:40:00,65.95851012111282
2024-01-19 17:45:00,67.93221717402083
2024-01-19 17:50:00,57.42895133779663
2024-01-19 17:55:00,66.24596348334799
2024-01-19 18:00:00,54.71895861753166
2024-01-19 18:05:00,57.88072656699632
2024-01-19 18:10:00,61.6074791717473
2024-01-19 18:15:00,59.83439400222542
2024-01-19 18:20:00,56.063859658084496
2024-01-19 18:25:00,59.49511220193944
2024-01-19 18:30:00,53.3438783162272
2024-01-19 18:35:00,64.07108916079495
2024-01-19 18:40:00,58.648883499216765
2024-01-19 18:45:00,63.94421935422307
2024-01-19 18:50:00,57.3638928288176
2024-01-19 18:55:00,57.37571562357544
2024-01-19 19:00:00,46.14023888273686
2024-01-19 19:05:00,52.70168175606055
2024-01-19 19:10:00,46.35926139997434
2024-01-19 19:15:00,51.77536775894895
2024-01-19 19:20:00,47.66717643861109
2024-01-19 19:25:00,41.29313282972177
2024-01-19 19:30:00,46.91572975814238
2024-01-19 19:35:00,44.48055317183685
2024-01-19 19:40:00,49.3325969240176
2024-01-19 19:45:00,44.435355086590285
2024-01-19 19:50:00,52.90088643214671
2024-01-19 19:55:00,48.832682587876135
2024-01-19 20:00:00,41.92459663501166
2024-01-19 20:05:00,45.25854916519695
2024-01-19 20:10:00,46.49060835035007
2024-01-19 20:15:00,42.55458560696801
2024-01-19 20:20:00,39.550179415849456
2024-01-19 20:25:00,35.5391021495981
2024-01-19 20:30:00,39.8907815859059
2024-01-19 20:35:00,40.16613162745477
2024-01-19 20:40:00,43.06321042601581
2024-01-19 20:45:00,41.25439308949451
2024-01-19 20:50:00,45.38671250225233
2024-01-19 20:55:00,40.18304752896386
2024-01-19 21:00:00,40.22972630480658
2024-01-19 21:05:00,45.19384074500591
2024-01-19 21:10:00,41.82519182803821
2024-01-19 21:15:00,40.217740805464096
2024-01-19 21:20:00,38.05011320447764
2024-01-19 21:25:00,37.92496538535844
2024-01-19 21:30:00,37.05543796041056
2024-01-19 21:35:00,38.29386350908676
2024-01-19 21:40:00,43.48055432719561
2024-01-19 21:45:00,39.57033788704928
2024-01-19 21:50:00,35.05879869469343
2024-01-19 21:55:00,47.53056814445748
2024-01-19 22:00:00,41.32812211798635
2024-01-19 22:05:00,34.420487751353015
2024-01-19 22:10:00,38.2808656444424
2024-01-19 22:15:00,40.49180688471937
2024-01-19 22:20:00,46.8666297265952
2024-01-19 22:25:00,35.615811520370215
2024-01-19 22:30:00,43.95242423082948
2024-01-19 22:35:00,45.646207061295065
2024-01-19 22:40:00,37.53364413310741
2024-01-19 22:45:00,38.93820687796476
2024-01-19 22:50:00,35.90302436391061
2024-01-19 22:55:00,39.23441678908447
2024-01-19 23:00:00,39.856725347730446
2024-01-19 23:05:00,42.64168523743165
2024-01-19 23:10:00,44.36381912918396
2024-01-19 23:15:00,37.01070098661558
2024-01-19 23:20:00,32.133784988198194
2024-01-19 23:25:00,39.9181061279972
2024-01-19 23:30:00,41.17723536497673
2024-01-19 23:35:00,41.00075599584234
2024-01-19 23:40:00,38.696392255066
2024-01-19 23:45:00,40.50209364375791
2024-01-19 23:50:00,46.06486447851116
2024-01-19 23:55:00,41.53002192095221
2024-01-20 00:00:00,20.50652815681805
2024-01-20 00:05:00,19.9992105884464
2024-01-20 00:10:00,21.32059242611946
2024-01-20 00:15:00,28.54696170415294
2024-01-20 00:20:00,21.2667990187256
2024-01-20 00:25:00,21.92082447874755
2024-01-20 00:30:00,20.07074757308517
2024-01-20 00:35:00,26.39593528659824
2024-01-20 00:40:00,29.83935087580908
2024-01-20 00:45:00,23.802454054555938
2024-01-20 00:50:00,22.331093471972085
2024-01-20 00:55:00,22.147133189527324
2024-01-20 01:00:00,12.46285179929399
2024-01-20 01:05:00,24.980682411576243
2024-01-20 01:10:00,22.536744618420347
2024-01-20 01:15:00,23.713447157079877
2024-01-20 01:20:00,19.154230178102157
2024-01-20 01:25:00,20.462251438528607
2024-01-20 01:30:00,20.35597920842428
2024-01-20 01:35:00,26.086570890729128
2024-01-20 01:40:00,20.4850396080246
2024-01-20 01:45:00,30.33072024287616
2024-01-20 01:50:00,23.72352863049712
2024-01-20 01:55:00,16.897348314454046
2024-01-20 02:00:00,21.4878510887596
2024-01-20 02:05:00,19.395335773141767
2024-01-20 02:10:00,13.224506382487332
2024-01-20 02:15:00,28.399920022222588
2024-01-20 02:20:00,24.814606430647444
2024-01-20 02:25:00,24.13486553336468
2024-01-20 02:30:00,22.663650902966246
2024-01-20 02:35:00,16.47396598699768
2024-01-20 02:40:00,20.067567703545684
2024-01-20 02:45:00,25.36915936090348
2024-01-20 02:50:00,17.79715614263742
2024-01-20 02:55:00,11.874958996764176
2024-01-20 03:00:00,21.123428462124053
2024-01-20 03:05:00,21.464822277137603
2024-01-20 03:10:00,22.574106158906595
2024-01-20 03:15:00,24.945927067305902
2024-01-20 03:20:00,24.58227574217259
2024-01-20 03:25:00,23.066931714223443
2024-01-20 03:30:00,26.813978045594595
2024-01-20 03:35:00,15.9559733699945
2024-01-20 03:40:00,24.05017975115732
2024-01-20 03:45:00,24.53800594659553
2024-01-20 03:50:00,17.0736033489268
2024-01-20 03:55:00,16.0203700585182
2024-01-20 04:00:00,19.318439535761712
2024-01-20 04:05:00,19.65604227160295
2024-01-20 04:10:00,25.31588589567384
2024-01-20 04:15:00,19.844052906899737
2024-01-20 04:20:00,18.8768139685393
2024-01-20 04:25:00,19.85567309488588
2024-01-20 04:30:00,26.776737378280963
2024-01-20 04:35:00,22.354381539171925
2024-01-20 04:40:00,21.585203940236468
2024-01-20 04:45:00,21.86218604685991
2024-01-20 04:50:00,27.47044937897021
2024-01-20 04:55:00,19.305521135251148
2024-01-20 05:00:00,29.001120369031185
2024-01-20 05:05:00,24.581072400956785
2024-01-20 05:10:00,23.09740967736938
2024-01-20 05:15:00,33.7426891970079
2024-01-20 05:20:00,19.516529246076384
2024-01-20 05:25:00,22.324344167002742
2024-01-20 05:30:00,18.809362248614768
2024-01-20 05:35:00,27.548935087415447
2024-01-20 05:40:00,30.495842939877488
2024-01-20 05:45:00,30.418778330889324
2024-01-20 05:50:00,28.634882217854788
2024-01-20 05:55:00,22.94860533408691
2024-01-20 06:00:00,26.609046869370417
2024-01-20 06:05:00,21.385331689353546
2024-01-20 06:10:00,36.21350492005698
2024-01-20 06:15:00,29.945923091923675
2024-01-20 06:20:00,26.10218315985187
2024-01-20 06:25:00,33.38223833527767
2024-01-20 06:30:00,24.1789527122898
2024-01-20 06:35:00,29.6964989162205
2024-01-20 06:40:00,27.379494242166466
2024-01-20 06:45:00,30.624719338851005
2024-01-20 06:50:00,27.81571662258532
2024-01-20 06:55:00,22.266299214884903
2024-01-20 07:00:00,35.152518411549295
2024-01-20 07:05:00,39.04566948837059
2024-01-20 07:10:00,34.7333472974532
2024-01-20 07:15:00,37.95067340722549
2024-01-20 07:20:00,30.668094978172928
2024-01-20 07:25:00,34.74516974778973
2024-01-20 07:30:00,32.35217110051483
2024-01-20 07:35:00,37.83813628128798
2024-01-20 07:40:00,34.976179169917124
2024-01-20 07:45:00,37.61050762621559
2024-01-20 07:50:00,39.2010546255006
2024-01-20 07:55:00,37.616687221354695
2024-01-20 08:00:00,39.59247375924647
2024-01-20 08:05:00,34.50715098802627
2024-01-20 08:10:00,38.48885557940428
2024-01-20 08:15:00,36.36763841400855
2024-01-20 08:20:00,37.12374419525498
2024-01-20 08:25:00,37.00186341907089
2024-01-20 08:30:00,34.58029772294291
2024-01-20 08:35:00,30.67064566553593
2024-01-20 08:40:00,35.82742782876082
2024-01-20 08:45:00,39.27351782976852
2024-01-20 08:50:00,33.107291840361924
2024-01-20 08:55:00,38.56272896795839
2024-01-20 09:00:00,42.45128816528069
2024-01-20 09:05:00,38.94244068904579
2024-01-20 09:10:00,41.42438050451895
2024-01-20 09:15:00,36.41472597576774
2024-01-20 09:20:00,39.520253759982616
2024-01-20 09:25:00,31.954355546165683
2024-01-20 09:30:00,32.27285339994889
2024-01-20 09:35:00,23.893653643486942
2024-01-20 09:40:00,39.594796364206026
2024-01-20 09:45:00,41.01151038731638
2024-01-20 09:50:00,32.637505486647754
2024-01-20 09:55:00,33.83440764244789
2024-01-20 10:00:00,25.05462811992909
2024-01-20 10:05:00,29.600690780602907
2024-01-20 10:10:00,32.5698067559059
2024-01-20 10:15:00,21.098988679168777
2024-01-20 10:20:00,29.70783069726195
2024-01-20 10:25:00,26.96338948781636
2024-01-20 10:30:00,28.5236541425597
2024-01-20 10:35:00,29.906052581390103
2024-01-20 10:40:00,27.317266819601656
2024-01-20 10:45:00,27.655729161069814
2024-01-20 10:50:00,27.214575904474383
2024-01-20 10:55:00,31.951341381846067
2024-01-20 11:00:00,25.415823930586942
2024-01-20 11:05:00,24.623118241026404
2024-01-20 11:10:00,18.65697720570783
2024-01-20 11:15:00,22.226465117224343
2024-01-20 11:20:00,27.335460731433656
2024-01-20 11:25:00,23.89157038257265
2024-01-20 11:30:00,26.378909968433515
2024-01-20 11:35:00,30.806831291387496
2024-01-20 11:40:00,27.89520836691223
2024-01-20 11:45:00,24.11341744087593
2024-01-20 11:50:00,21.69682740929405
2024-01-20 11:55:00,13.526585705853368
2024-01-20 12:00:00,21.65521209614584
2024-01-20 12:05:00,21.02470180276985
2024-01-20 12:10:00,23.89021656361875
2024-01-20 12:15:00,21.713130878138497
2024-01-20 12:20:00,21.047211548290072
2024-01-20 12:25:00,15.211156064008366
2024-01-20 12:30:00,18.568880469436984
2024-01-20 12:35:00,24.23535594923948
2024-01-20 12:40:00,29.192382310568025
2024-01-20 12:45:00,21.938650251054757
2024-01-20 12:50:00,23.63999608033374
2024-01-20 12:55:00,26.13866441384847
2024-01-20 13:00:00,19.04011678316685
2024-01-20 13:05:00,23.75094870110962
2024-01-20 13:10:00,19.321732102639217
2024-01-20 13:15:00,25.742990281931892
2024-01-20 13:20:00,22.88930471977478
2024-01-20 13:25:00,23.47749978389361
2024-01-20 13:30:00,19.153298138293493
2024-01-20 13:35:00,25.11182196641099
2024-01-20 13:40:00,30.62254421289192
2024-01-20 13:45:00,18.25204574625503
2024-01-20 13:50:00,20.92465649737776
2024-01-20 13:55:00,23.21012242464022
2024-01-20 14:00:00,26.596900447476333
2024-01-20 14:05:00,21.21309045833519
2024-01-20 14:10:00,12.119154438922106
2024-01-20 14:15:00,28.88803357614917
2024-01-20 14:20:00,26.49330007782964
2024-01-20 14:25:00,16.479485477546405
2024-01-20 14:30:00,21.02100043237484
2024-01-20 14:35:00,29.72400531760237
2024-01-20 14:40:00,29.24246127332453
2024-01-20 14:45:00,27.205835690208843
2024-01-20 14:50:00,22.746825863653616
2024-01-20 14:55:00,23.783225274743103
2024-01-20 15:00:00,26.534718050039803
2024-01-20 15:05:00,31.571380403619656
2024-01-20 15:10:00,23.555051644563868
2024-01-20 15:15:00,23.835222651007488
2024-01-20 15:20:00,31.09951961788837
2024-01-20 15:25:00,26.880975448498063
2024-01-20 15:30:00,32.57229069235954
2024-01-20 15:35:00,24.37237244262213
2024-01-20 15:40:00,26.839307829189007
2024-01-20 15:45:00,23.36876933116849
2024-01-20 15:50:00,27.087871996238576
2024-01-20 15:55:00,21.14423352254911
2024-01-20 16:00:00,30.75797894024235
2024-01-20 16:05:00,26.96349716434973
2024-01-20 16:10:00,35.484205556827234
2024-01-20 16:15:00,35.57486998310081
2024-01-20 16:20:00,25.787461702124823
2024-01-20 16:25:00,38.04405560606449
2024-01-20 16:30:00,42.69817312974162
2024-01-20 16:35:00,32.892538171007565
2024-01-20 16:40:00,30.144055583163624
2024-01-20 16:45:00,44.00583498807438
2024-01-20 16:50:00,27.43263863085216
2024-01-20 16:55:00,32.788938491538595
2024-01-20 17:00:00,36.46848911701396
2024-01-20 17:05:00,41.13059050829592
2024-01-20 17:10:00,37.188955926993415
2024-01-20 17:15:00,33.75546444333246
2024-01-20 17:20:00,31.94526254493444
2024-01-20 17:25:00,34.38271274550172
2024-01-20 17:30:00,31.72229058270569
2024-01-20 17:35:00,35.941301305625
2024-01-20 17:40:00,33.49321530704432
2024-01-20 17:45:00,29.77384885332726
2024-01-20 17:50:00,40.77058317998588
2024-01-20 17:55:00,33.7593099327701
2024-01-20 18:00:00,27.63596354755972
2024-01-20 18:05:00,32.035474229510804
2024-01-20 18:10:00,32.98199703133161
2024-01-20 18:15:00,25.72264386514484
2024-01-20 18:20:00,34.03510143596402
2024-01-20 18:25:00,28.51988049269991
2024-01-20 18:30:00,39.55262600422412
2024-01-20 18:35:00,34.80435281576791
2024-01-20 18:40:00,31.108910807023705
2024-01-20 18:45:00,29.72783968619157
2024-01-20 18:50:00,32.28863993720648
2024-01-20 18:55:00,35.15967373379413
2024-01-20 19:00:00,26.956365801767745
2024-01-20 19:05:00,26.189707087561118
2024-01-20 19:10:00,27.291823479380124
2024-01-20 19:15:00,24.64290659116072
2024-01-20 19:20:00,25.685518608736388
2024-01-20 19:25:00,18.71517256048853
2024-01-20 19:30:00,30.95324723951801
2024-01-20 19:35:00,28.25353343739559
2024-01-20 19:40:00,23.96451893997482
2024-01-20 19:45:00,34.653282241529496
2024-01-20 19:50:00,27.40640823767809
2024-01-20 19:55:00,22.913768028207752
2024-01-20 20:00:00,26.87618902360748
2024-01-20 20:05:00,25.04143220376269
2024-01-20 20:10:00,25.02755927966252
2024-01-20 20:15:00,21.74621691911928
2024-01-20 20:20:00,25.251222232837783
2024-01-20 20:25:00,22.402206176841265
2024-01-20 20:30:00,25.673005144309013
2024-01-20 20:35:00,15.829461521683088
2024-01-20 20:40:00,21.71374548580889
2024-01-20 20:45:00,30.33785972895842
2024-01-20 20:50:00,20.38096951612444
2024-01-20 20:55:00,21.03388614775289
2024-01-20 21:00:00,20.4599946809202
2024-01-20 21:05:00,17.39261549116552
2024-01-20 21:10:00,13.418716929807088
2024-01-20 21:15:00,21.329494440625645
2024-01-20 21:20:00,22.795277731046724
2024-01-20 21:25:00,22.041819760565488
2024-01-20 21:30:00,21.67232578692855
2024-01-20 21:35:00,22.424003518121648
2024-01-20 21:40:00,26.343205920923157
2024-01-20 21:45:00,21.49005529100323
2024-01-20 21:50:00,19.95550972637102
2024-01-20 21:55:00,21.12733809516775
2024-01-20 22:00:00,24.34393078340024
2024-01-20 22:05:00,27.67465125854613
2024-01-20 22:10:00,19.51396878769642
2024-01-20 22:15:00,22.422278892488663
2024-01-20 22:20:00,23.37997351211697
2024-01-20 22:25:00,18.05623171745784
2024-01-20 22:30:00,22.108212413224805
2024-01-20 22:35:00,16.163848315004753
2024-01-20 22:40:00,14.950342529415536
2024-01-20 22:45:00,23.49352937594216
2024-01-20 22:50:00,20.49104477905
2024-01-20 22:55:00,22.83566537485801
2024-01-20 23:00:00,21.9301169767728
2024-01-20 23:05:00,18.096096690151008
2024-01-20 23:10:00,21.820679676948853
2024-01-20 23:15:00,17.06929166474678
2024-01-20 23:20:00,27.5655863168118
2024-01-20 23:25:00,16.577815505366342
2024-01-20 23:30:00,21.21855580093187
2024-01-20 23:35:00,17.832610532617203
2024-01-20 23:40:00,24.28338157824938
2024-01-20 23:45:00,20.675971399680183
2024-01-20 23:50:00,19.92703000632136
2024-01-20 23:55:00,25.41450306501241
2024-01-21 00:00:00,22.11772422354059
2024-01-21 00:05:00,24.06657964057425
2024-01-21 00:10:00,18.07469811076053
2024-01-21 00:15:00,16.380734081120355
2024-01-21 00:20:00,22.42883370499092
2024-01-21 00:25:00,20.72461643485146
2024-01-21 00:30:00,24.50574054664616
2024-01-21 00:35:00,21.680368046180185
2024-01-21 00:40:00,22.820303213768906
2024-01-21 00:45:00,15.50647173706541
2024-01-21 00:50:00,29.55374961528741
2024-01-21 00:55:00,21.343033916702257
2024-01-21 01:00:00,24.790426835793767
2024-01-21 01:05:00,18.655712273558468
2024-01-21 01:10:00,23.232118563306337
2024-01-21 01:15:00,16.788699900337992
2024-01-21 01:20:00,23.808350307475656
2024-01-21 01:25:00,20.57618261689364
2024-01-21 01:30:00,22.116840970179243
2024-01-21 01:35:00,24.791975074957364
2024-01-21 01:40:00,17.069917709555853
2024-01-21 01:45:00,19.262112031985783
2024-01-21 01:50:00,23.829376078784037
2024-01-21 01:55:00,30.39296485262396
2024-01-21 02:00:00,21.449706923121504
2024-01-21 02:05:00,24.36658073346316
2024-01-21 02:10:00,21.57415038233351
2024-01-21 02:15:00,29.771018640792622
2024-01-21 02:20:00,15.013149593906409
2024-01-21 02:25:00,22.38052044044486
2024-01-21 02:30:00,15.499860127519185
2024-01-21 02:35:00,11.975749979620565
2024-01-21 02:40:00,23.19188447423869
2024-01-21 02:45:00,22.560027446357264
2024-01-21 02:50:00,20.862688510798623
2024-01-21 02:55:00,21.577259901608414
2024-01-21 03:00:00,34.425050229532786
2024-01-21 03:05:00,20.99915194112202
2024-01-21 03:10:00,24.072349938248056
2024-01-21 03:15:00,19.434393214792237
2024-01-21 03:20:00,23.21278279341017
2024-01-21 03:25:00,21.078917793025287
2024-01-21 03:30:00,20.38977856232884
2024-01-21 03:35:00,29.307446622049056
2024-01-21 03:40:00,26.740592345985117
2024-01-21 03:45:00,22.57883908284468
2024-01-21 03:50:00,12.81500474947189
2024-01-21 03:55:00,20.58781560023748
2024-01-21 04:00:00,33.11431829928445
2024-01-21 04:05:00,21.379561375105283
2024-01-21 04:10:00,26.71507832987875
2024-01-21 04:15:00,28.06997764947452
2024-01-21 04:20:00,23.17806370508801
2024-01-21 04:25:00,18.934921514191508
2024-01-21 04:30:00,12.560958714532562
2024-01-21 04:35:00,25.038860876099932
2024-01-21 04:40:00,19.04318403036992
2024-01-21 04:45:00,23.00680984921489
2024-01-21 04:50:00,17.30292668330666
2024-01-21 04:55:00,21.24125787978331
2024-01-21 05:00:00,23.873963424874983
2024-01-21 05:05:00,24.813461529447963
2024-01-21 05:10:00,19.279798455861112
2024-01-21 05:15:00,28.52673100031618
2024-01-21 05:20:00,21.351508066342884
2024-01-21 05:25:00,17.04120936345779
2024-01-21 05:30:00,23.30299352541692
2024-01-21 05:35:00,23.87658844137661
2024-01-21 05:40:00,24.38144493795781
2024-01-21 05:45:00,29.187616820011087
2024-01-21 05:50:00,22.793291858327333
2024-01-21 05:55:00,23.260608707795686
2024-01-21 06:00:00,23.657273254397428
2024-01-21 06:05:00,31.35222479088139
2024-01-21 06:10:00,28.807247035642217
2024-01-21 06:15:00,26.38989987015315
2024-01-21 06:20:00,20.451312005467948
2024-01-21 06:25:00,33.84765955955015
2024-01-21 06:30:00,23.159290921505573
2024-01-21 06:35:00,25.70489874185098
2024-01-21 06:40:00,29.503388823633816
2024-01-21 06:45:00,23.28377906486305
2024-01-21 06:50:00,22.09597166631723
2024-01-21 06:55:00,19.574220448527143
2024-01-21 07:00:00,37.734200732491686
2024-01-21 07:05:00,32.66946794196385
2024-01-21 07:10:00,46.55929329076246
2024-01-21 07:15:00,30.872792658345645
2024-01-21 07:20:00,31.16440882715345
2024-01-21 07:25:00,32.588641039727534
2024-01-21 07:30:00,35.822751541423095
2024-01-21 07:35:00,32.9693995657279
2024-01-21 07:40:00,37.29954177687919
2024-01-21 07:45:00,30.935859360914524
2024-01-21 07:50:00,29.32384604701481
2024-01-21 07:55:00,27.65735396323271
2024-01-21 08:00:00,29.6057033503231
2024-01-21 08:05:00,36.42772394417166
2024-01-21 08:10:00,37.296078772499
2024-01-21 08:15:00,35.97425191213915
2024-01-21 08:20:00,43.47362321082053
2024-01-21 08:25:00,43.41212086050443
2024-01-21 08:30:00,37.16078807229388
2024-01-21 08:35:00,31.324315569304037
2024-01-21 08:40:00,36.23317958985167
2024-01-21 08:45:00,36.10071444640364
2024-01-21 08:50:00,35.87146017295966
2024-01-21 08:55:00,35.70912440647891
2024-01-21 09:00:00,32.2363628851376
2024-01-21 09:05:00,33.30404800444579
2024-01-21 09:10:00,32.308050072774606
2024-01-21 09:15:00,35.6835045025392
2024-01-21 09:20:00,36.29168933165628
2024-01-21 09:25:00,31.207634119306874
2024-01-21 09:30:00,39.93447577206496
2024-01-21 09:35:00,30.929965260674376
2024-01-21 09:40:00,28.379012012775483
2024-01-21 09:45:00,36.37332675349704
2024-01-21 09:50:00,31.580581930379477
2024-01-21 09:55:00,36.13538035106638
2024-01-21 10:00:00,18.455402170290817
2024-01-21 10:05:00,33.63990034062521
2024-01-21 10:10:00,30.75925020685455
2024-01-21 10:15:00,22.06817037804093
2024-01-21 10:20:00,22.1549680793078
2024-01-21 10:25:00,34.75914019108305
2024-01-21 10:30:00,25.120556960701105
2024-01-21 10:35:00,24.733337179762444
2024-01-21 10:40:00,19.00586819809581
2024-01-21 10:45:00,26.666963752286723
2024-01-21 10:50:00,27.15919811534993
2024-01-21 10:55:00,30.93204896177088
2024-01-21 11:00:00,18.144470377339054
2024-01-21 11:05:00,17.659636921114522
2024-01-21 11:10:00,25.54463462918287
2024-01-21 11:15:00,27.76770437498522
2024-01-21 11:20:00,17.45617468560543
2024-01-21 11:25:00,28.066840435275925
2024-01-21 11:30:00,23.890951456024247
2024-01-21 11:35:00,28.108005446375543
2024-01-21 11:40:00,23.45990264400649
2024-01-21 11:45:00,13.65167242012516
2024-01-21 11:50:00,23.132914560812804
2024-01-21 11:55:00,27.98135936476204
2024-01-21 12:00:00,18.75376770970239
2024-01-21 12:05:00,20.77689191040744
2024-01-21 12:10:00,21.624217771833337
2024-01-21 12:15:00,10.73069626656332
2024-01-21 12:20:00,29.014142087787157
2024-01-21 12:25:00,18.72324906644855
2024-01-21 12:30:00,24.35169351592845
2024-01-21 12:35:00,21.981947241444413
2024-01-21 12:40:00,27.359228011474688
2024-01-21 12:45:00,23.95297627574957
2024-01-21 12:50:00,21.38905469995335
2024-01-21 12:55:00,18.754691415960128
2024-01-21 13:00:00,25.475095333496405
2024-01-21 13:05:00,14.789927312149384
2024-01-21 13:10:00,24.867254209071422
2024-01-21 13:15:00,17.88751352174836
2024-01-21 13:20:00,27.29282717579441
2024-01-21 13:25:00,22.92889069861863
2024-01-21 13:30:00,24.860187599368285
2024-01-21 13:35:00,22.61164778326673
2024-01-21 13:40:00,15.274184147403863
2024-01-21 13:45:00,18.840775874386495
2024-01-21 13:50:00,24.97324987841338
2024-01-21 13:55:00,22.950315797407228
2024-01-21 14:00:00,28.17523522071576
2024-01-21 14:05:00,25.064373851641754
2024-01-21 14:10:00,19.584468036682427
2024-01-21 14:15:00,20.26701904861053
2024-01-21 14:20:00,23.862945161586016
2024-01-21 14:25:00,14.195099335492644
2024-01-21 14:30:00,30.145043141985006
2024-01-21 14:35:00,25.21826254500329
2024-01-21 14:40:00,28.359413987688555
2024-01-21 14:45:00,17.12885983625639
2024-01-21 14:50:00,28.42953624091409
2024-01-21 14:55:00,32.377271243604056
2024-01-21 15:00:00,21.77490784903504
2024-01-21 15:05:00,30.14402845015937
2024-01-21 15:10:00,27.06286104929348
2024-01-21 15:15:00,20.88068587755133
2024-01-21 15:20:00,29.029957157951788
2024-01-21 15:25:00,30.3928340898937
2024-01-21 15:30:00,24.65391505986892
2024-01-21 15:35:00,31.7220873515652
2024-01-21 15:40:00,20.39136764338752
2024-01-21 15:45:00,21.07939668474573
2024-01-21 15:50:00,27.60481085289932
2024-01-21 15:55:00,27.159962382433395
2024-01-21 16:00:00,29.84221867036578
2024-01-21 16:05:00,35.94689036794975
2024-01-21 16:10:00,34.832089880926
2024-01-21 16:15:00,36.14106890779826
2024-01-21 16:20:00,32.215966882653134
2024-01-21 16:25:00,35.11883369597557
2024-01-21 16:30:00,30.925911411942224
2024-01-21 16:35:00,40.92378738440858
2024-01-21 16:40:00,29.45832954357426
2024-01-21 16:45:00,41.12970234189545
2024-01-21 16:50:00,32.84806441241984
2024-01-21 16:55:00,27.206469065787232
2024-01-21 17:00:00,41.22231742844067
2024-01-21 17:05:00,36.2536055800661
2024-01-21 17:10:00,39.15449642000721
2024-01-21 17:15:00,40.64542370065664
2024-01-21 17:20:00,37.101822243066366
2024-01-21 17:25:00,33.38103664723501
2024-01-21 17:30:00,39.65285353716326
2024-01-21 17:35:00,35.753022056304644
2024-01-21 17:40:00,38.49343130091994
2024-01-21 17:45:00,27.13507773132041
2024-01-21 17:50:00,37.53792689452567
2024-01-21 17:55:00,33.19565672590614
2024-01-21 18:00:00,39.32174931617509
2024-01-21 18:05:00,35.20086015901735
2024-01-21 18:10:00,33.667941750858155
2024-01-21 18:15:00,34.65375074086186
2024-01-21 18:20:00,28.7147473559541
2024-01-21 18:25:00,39.20153752957319
2024-01-21 18:30:00,40.67399244112859
2024-01-21 18:35:00,34.28016480965384
2024-01-21 18:40:00,39.07012504175552
2024-01-21 18:45:00,30.43191797277084
2024-01-21 18:50:00,29.520056502561047
2024-01-21 18:55:00,32.87220976237666
2024-01-21 19:00:00,28.798106469580134
2024-01-21 19:05:00,25.482395591136054
2024-01-21 19:10:00,29.209415077582477
2024-01-21 19:15:00,28.2839002444022
2024-01-21 19:20:00,23.06511521494432
2024-01-21 19:25:00,29.133514385915426
2024-01-21 19:30:00,30.512455286194623
2024-01-21 19:35:00,27.744219586470106
2024-01-21 19:40:00,31.66893472915531
2024-01-21 19:45:00,22.188727142120733
2024-01-21 19:50:00,28.930144004635945
2024-01-21 19:55:00,22.37721949052144
2024-01-21 20:00:00,18.99291390479329
2024-01-21 20:05:00,20.925516002774483
2024-01-21 20:10:00,19.680998603428662
2024-01-21 20:15:00,21.25725606276109
2024-01-21 20:20:00,22.59263809488089
2024-01-21 20:25:00,26.79785728305118
2024-01-21 20:30:00,22.164603182902837
2024-01-21 20:35:00,17.106736510647274
2024-01-21 20:40:00,28.009510723706285
2024-01-21 20:45:00,20.100878803265484
2024-01-21 20:50:00,23.214357629307127
2024-01-21 20:55:00,25.23538536548849
2024-01-21 21:00:00,23.050281708331227
2024-01-21 21:05:00,26.628558224806
2024-01-21 21:10:00,24.16785260829113
2024-01-21 21:15:00,18.806601715931663
2024-01-21 21:20:00,30.966088730686742
2024-01-21 21:25:00,23.02917388807303
2024-01-21 21:30:00,21.66247912823407
2024-01-21 21:35:00,26.10754172694238
2024-01-21 21:40:00,23.249643818440383
2024-01-21 21:45:00,23.848752806477407
2024-01-21 21:50:00,32.220576029122846
2024-01-21 21:55:00,21.15135432169991
2024-01-21 22:00:00,20.75550016830355
2024-01-21 22:05:00,22.49285779242299
2024-01-21 22:10:00,26.31260748669729
2024-01-21 22:15:00,16.000407623611537
2024-01-21 22:20:00,14.164320178467111
2024-01-21 22:25:00,19.678082661892542
2024-01-21 22:30:00,15.490851908135983
2024-01-21 22:35:00,20.327218354270578
2024-01-21 22:40:00,24.03654252889029
2024-01-21 22:45:00,18.46354829016408
2024-01-21 22:50:00,16.319237437247764
2024-01-21 22:55:00,22.303892391234523
2024-01-21 23:00:00,25.45187082326688
2024-01-21 23:05:00,15.221803130739747
2024-01-21 23:10:00,25.28262647803013
2024-01-21 23:15:00,25.2709216997595
2024-01-21 23:20:00,25.81803729343271
2024-01-21 23:25:00,26.875617744292946
2024-01-21 23:30:00,30.809752583444663
2024-01-21 23:35:00,20.577328690329978
2024-01-21 23:40:00,22.43998320511763
2024-01-21 23:45:00,20.335943151814096
2024-01-21 23:50:00,22.00960426382944
2024-01-21 23:55:00,28.133190307351445
2024-01-22 00:00:00,34.619945440332565
2024-01-22 00:05:00,36.555804687392936
2024-01-22 00:10:00,45.50872712207349
2024-01-22 00:15:00,44.0801494036636
2024-01-22 00:20:00,38.54747678878693
2024-01-22 00:25:00,43.41761138053812
2024-01-22 00:30:00,41.364866746023374
2024-01-22 00:35:00,46.00110181205919
2024-01-22 00:40:00,40.298041751362334
2024-01-22 00:45:00,44.10253183154557
2024-01-22 00:50:00,50.56805101802572
2024-01-22 00:55:00,42.3923999962451
2024-01-22 01:00:00,40.19745621670114
2024-01-22 01:05:00,42.88993149440569
2024-01-22 01:10:00,38.53902012070623
2024-01-22 01:15:00,49.55201437562069
2024-01-22 01:20:00,40.72042770430569
2024-01-22 01:25:00,38.90841027261972
2024-01-22 01:30:00,36.65738753344162
2024-01-22 01:35:00,44.38902431994752
2024-01-22 01:40:00,43.468893204832725
2024-01-22 01:45:00,38.01072606786539
2024-01-22 01:50:00,42.305948934011454
2024-01-22 01:55:00,33.96591968067034
2024-01-22 02:00:00,40.743584594415225
2024-01-22 02:05:00,41.81472770242937
2024-01-22 02:10:00,46.83302153235949
2024-01-22 02:15:00,36.92042708320784
2024-01-22 02:20:00,34.8902917789133
2024-01-22 02:25:00,36.42199045042243
2024-01-22 02:30:00,34.65742829286292
2024-01-22 02:35:00,45.350331725158526
2024-01-22 02:40:00,46.19825947421874
2024-01-22 02:45:00,41.28456860591791
2024-01-22 02:50:00,44.88888207686319
2024-01-22 02:55:00,40.53953581644354
2024-01-22 03:00:00,39.67746703328377
2024-01-22 03:05:00,38.72576314787178
2024-01-22 03:10:00,38.81634965857657
2024-01-22 03:15:00,33.86670739885071
2024-01-22 03:20:00,41.11493267851618
2024-01-22 03:25:00,39.89657798323066
2024-01-22 03:30:00,43.039356520398336
2024-01-22 03:35:00,40.43200760984127
2024-01-22 03:40:00,39.407098817810464
2024-01-22 03:45:00,36.57314150405631
2024-01-22 03:50:00,40.34652657137387
2024-01-22 03:55:00,43.01086254735148
2024-01-22 04:00:00,35.97611320232659
2024-01-22 04:05:00,40.89936418138498
2024-01-22 04:10:00,41.48164097277997
2024-01-22 04:15:00,37.677210032188974
2024-01-22 04:20:00,38.19804394703003
2024-01-22 04:25:00,41.47191256172689
2024-01-22 04:30:00,36.01578509349154
2024-01-22 04:35:00,41.9491640276596
2024-01-22 04:40:00,36.968051672025226
2024-01-22 04:45:00,44.8008839387949
2024-01-22 04:50:00,49.900780148215226
2024-01-22 04:55:00,37.10644195985475
2024-01-22 05:00:00,45.29880818635464
2024-01-22 05:05:00,40.255009117327866
2024-01-22 05:10:00,47.3257934320471
2024-01-22 05:15:00,38.10094310051508
2024-01-22 05:20:00,45.08432377056679
2024-01-22 05:25:00,39.67002086929853
2024-01-22 05:30:00,42.33403838046247
2024-01-22 05:35:00,39.03787563626671
2024-01-22 05:40:00,46.45137862043896
2024-01-22 05:45:00,39.81405531909759
2024-01-22 05:50:00,45.36983377418325
2024-01-22 05:55:00,41.785584623806606
2024-01-22 06:00:00,50.57849374794964
2024-01-22 06:05:00,51.6274068647456
2024-01-22 06:10:00,47.989084548509695
2024-01-22 06:15:00,51.87785168930864
2024-01-22 06:20:00,57.15772149256273
2024-01-22 06:25:00,47.92400409181423
2024-01-22 06:30:00,55.72362380824047
2024-01-22 06:35:00,57.02877376909623
2024-01-22 06:40:00,47.77176327903291
2024-01-22 06:45:00,45.21616481478288
2024-01-22 06:50:00,52.244226835832144
2024-01-22 06:55:00,48.8467531440776
2024-01-22 07:00:00,70.83843636914135
2024-01-22 07:05:00,63.503253654488674
2024-01-22 07:10:00,60.15522586034863
2024-01-22 07:15:00,58.7753854484425
2024-01-22 07:20:00,67.72364332885266
2024-01-22 07:25:00,61.0792875961526
2024-01-22 07:30:00,63.53933869033106
2024-01-22 07:35:00,67.18723447293927
2024-01-22 07:40:00,61.426990084766025
2024-01-22 07:45:00,63.1803081775287
2024-01-22 07:50:00,63.297749853199264
2024-01-22 07:55:00,66.09732153855371
2024-01-22 08:00:00,72.362977382172
2024-01-22 08:05:00,69.11954511511139
2024-01-22 08:10:00,70.25459628611677
2024-01-22 08:15:00,68.51288399403674
2024-01-22 08:20:00,64.08955041245292
2024-01-22 08:25:00,71.03040346972321
2024-01-22 08:30:00,77.56876708346297
2024-01-22 08:35:00,66.46512347736645
2024-01-22 08:40:00,66.90788120171989
2024-01-22 08:45:00,66.51708895355574
2024-01-22 08:50:00,72.8983671550232
2024-01-22 08:55:00,71.79394185691646
2024-01-22 09:00:00,62.72987553585568
2024-01-22 09:05:00,59.69195005896565
2024-01-22 09:10:00,63.73353347208121
2024-01-22 09:15:00,57.1055377961783
2024-01-22 09:20:00,63.93773257295149
2024-01-22 09:25:00,66.85012384987326
2024-01-22 09:30:00,58.3592297589868
2024-01-22 09:35:00,57.233953198202855
2024-01-22 09:40:00,69.68177787230096
2024-01-22 09:45:00,60.91698774750317
2024-01-22 09:50:00,67.9078176892968
2024-01-22 09:55:00,62.74803564473019
2024-01-22 10:00:00,50.38868359531276
2024-01-22 10:05:00,52.79015366106465
2024-01-22 10:10:00,47.50050743609231
2024-01-22 10:15:00,51.566491437060655
2024-01-22 10:20:00,49.510545203781696
2024-01-22 10:25:00,45.75452908945795
2024-01-22 10:30:00,52.38643116198367
2024-01-22 10:35:00,49.9832716355664
2024-01-22 10:40:00,50.40840354929924
2024-01-22 10:45:00,46.19585908942144
2024-01-22 10:50:00,57.40210433412928
2024-01-22 10:55:00,54.54335960862254
2024-01-22 11:00:00,47.02168551864602
2024-01-22 11:05:00,41.94328317219138
2024-01-22 11:10:00,36.24833042394442
2024-01-22 11:15:00,50.97673151191615
2024-01-22 11:20:00,42.92067194993463
2024-01-22 11:25:00,40.16986279787789
2024-01-22 11:30:00,44.83226827989056
2024-01-22 11:35:00,47.83354513397129
2024-01-22 11:40:00,43.07285975761624
2024-01-22 11:45:00,48.2793626537156
2024-01-22 11:50:00,47.49706173602558
2024-01-22 11:55:00,38.85953723234987
2024-01-22 12:00:00,37.902570097429816
2024-01-22 12:05:00,44.42787917318679
2024-01-22 12:10:00,29.747280264825967
2024-01-22 12:15:00,39.99990774740777
2024-01-22 12:20:00,34.87440571356903
2024-01-22 12:25:00,38.69151531433362
2024-01-22 12:30:00,39.4024501639509
2024-01-22 12:35:00,39.164753008437685
2024-01-22 12:40:00,38.38868551161729
2024-01-22 12:45:00,36.20915592155247
2024-01-22 12:50:00,49.76537558734246
2024-01-22 12:55:00,48.06757853671312
2024-01-22 13:00:00,35.86754131528005
2024-01-22 13:05:00,46.84427160151945
2024-01-22 13:10:00,38.91794263441377
2024-01-22 13:15:00,41.03255448963202
2024-01-22 13:20:00,40.26270875671752
2024-01-22 13:25:00,37.87681003128932
2024-01-22 13:30:00,44.45121397072977
2024-01-22 13:35:00,41.01935071861181
2024-01-22 13:40:00,38.60959890342821
2024-01-22 13:45:00,35.29744682110329
2024-01-22 13:50:00,36.9414245414287
2024-01-22 13:55:00,33.950284133896794
2024-01-22 14:00:00,42.68757710182989
2024-01-22 14:05:00,37.85202053903163
2024-01-22 14:10:00,41.57644085809504
2024-01-22 14:15:00,48.11909032261069
2024-01-22 14:20:00,47.43588119985555
2024-01-22 14:25:00,42.50957533175874
2024-01-22 14:30:00,42.29034400359661
2024-01-22 14:35:00,50.15818110585324
2024-01-22 14:40:00,44.721707389604056
2024-01-22 14:45:00,41.32745706866312
2024-01-22 14:50:00,36.93461043968741
2024-01-22 14:55:00,44.21417578082818
2024-01-22 15:00:00,52.51442467313928
2024-01-22 15:05:00,46.67052348475325
2024-01-22 15:10:00,50.36194060335996
2024-01-22 15:15:00,47.742836403147706
2024-01-22 15:20:00,48.46099998601181
2024-01-22 15:25:00,39.2458413525585
2024-01-22 15:30:00,48.31000396794328
2024-01-22 15:35:00,53.07460679244004
2024-01-22 15:40:00,46.6715193605416
2024-01-22 15:45:00,49.40723505566909
2024-01-22 15:50:00,46.17332675604014
2024-01-22 15:55:00,50.63889628797892
2024-01-22 16:00:00,58.60393016269568
2024-01-22 16:05:00,55.71305679011234
2024-01-22 16:10:00,64.80022882350087
2024-01-22 16:15:00,63.18575100696923
2024-01-22 16:20:00,57.05039589712767
2024-01-22 16:25:00,61.46117619051147
2024-01-22 16:30:00,61.61967096412189
2024-01-22 16:35:00,62.03922789288507
2024-01-22 16:40:00,52.69299936886006
2024-01-22 16:45:00,63.49644911697088
2024-01-22 16:50:00,57.19122710113744
2024-01-22 16:55:00,58.038711219075296
2024-01-22 17:00:00,75.55152705719763
2024-01-22 17:05:00,66.20749357104089
2024-01-22 17:10:00,63.454710146368136
2024-01-22 17:15:00,56.17882255713321
2024-01-22 17:20:00,70.55905658394225
2024-01-22 17:25:00,59.61916136492243
2024-01-22 17:30:00,60.98624443415882
2024-01-22 17:35:00,63.67459085180544
2024-01-22 17:40:00,70.665647214958
2024-01-22 17:45:00,68.09295999481988
2024-01-22 17:50:00,64.3686500087958
2024-01-22 17:55:00,66.23316830271212
2024-01-22 18:00:00,57.06847680571735
2024-01-22 18:05:00,60.02863433546317
2024-01-22 18:10:00,59.76336655631432
2024-01-22 18:15:00,63.34509915992718
2024-01-22 18:20:00,63.33873206695757
2024-01-22 18:25:00,61.44592910602434
2024-01-22 18:30:00,58.02062934701736
2024-01-22 18:35:00,62.43730875476228
2024-01-22 18:40:00,59.10214571238958
2024-01-22 18:45:00,55.14236210234924
2024-01-22 18:50:00,57.85686840955801
2024-01-22 18:55:00,59.80812751233906
2024-01-22 19:00:00,52.837849163947226
2024-01-22 19:05:00,48.462873340659634
2024-01-22 19:10:00,44.36019118432982
2024-01-22 19:15:00,49.42395276247552
2024-01-22 19:20:00,49.65081018951446
2024-01-22 19:25:00,49.94033654489926
2024-01-22 19:30:00,52.87647209310597
2024-01-22 19:35:00,53.27267898964784
2024-01-22 19:40:00,46.820142539761584
2024-01-22 19:45:00,46.73241219709247
2024-01-22 19:50:00,45.03619118546636
2024-01-22 19:55:00,51.99224871041015
2024-01-22 20:00:00,48.43026104739748
2024-01-22 20:05:00,41.37465290241092
2024-01-22 20:10:00,41.669258355146646
2024-01-22 20:15:00,48.50211084164252
2024-01-22 20:20:00,44.65721202690665
2024-01-22 20:25:00,44.37992343325084
2024-01-22 20:30:00,37.87131459015171
2024-01-22 20:35:00,45.349892891164295
2024-01-22 20:40:00,38.91843525200758
2024-01-22 20:45:00,38.09889987030679
2024-01-22 20:50:00,41.24789430697977
2024-01-22 20:55:00,40.291809720251855
2024-01-22 21:00:00,39.57149219467819
2024-01-22 21:05:00,34.69396443411868
2024-01-22 21:10:00,44.29315619808904
2024-01-22 21:15:00,44.96863615028407
2024-01-22 21:20:00,32.66852107565509
2024-01-22 21:25:00,44.37172219488456
2024-01-22 21:30:00,37.21577645293185
2024-01-22 21:35:00,43.88579312014949
2024-01-22 21:40:00,40.18410500155269
2024-01-22 21:45:00,40.57299322854234
2024-01-22 21:50:00,39.71750037453348
2024-01-22 21:55:00,45.306407789152296
2024-01-22 22:00:00,35.08990930330558
2024-01-22 22:05:00,42.47962270834573
2024-01-22 22:10:00,44.45358201296389
2024-01-22 22:15:00,42.913621675567335
2024-01-22 22:20:00,49.34705701069936
2024-01-22 22:25:00,37.9324743025069
2024-01-22 22:30:00,43.87748064377982
2024-01-22 22:35:00,39.62389881204001
2024-01-22 22:40:00,44.98188565881637
2024-01-22 22:45:00,40.01750537052021
2024-01-22 22:50:00,38.496758225955816
2024-01-22 22:55:00,45.27255016889221
2024-01-22 23:00:00,38.03683748902645
2024-01-22 23:05:00,34.352182209499944
2024-01-22 23:10:00,37.935697712406856
2024-01-22 23:15:00,42.4792170314563
2024-01-22 23:20:00,45.57124025145053
2024-01-22 23:25:00,40.44760274628822
2024-01-22 23:30:00,45.275873514038274
2024-01-22 23:35:00,34.5703855591918
2024-01-22 23:40:00,38.23003138583056
2024-01-22 23:45:00,38.848784776485765
2024-01-22 23:50:00,39.54484753521209
2024-01-22 23:55:00,40.33946279810296
2024-01-23 00:00:00,42.76364720562401
2024-01-23 00:05:00,38.22077602337328
2024-01-23 00:10:00,40.55611812386774
2024-01-23 00:15:00,39.81951181475903
2024-01-23 00:20:00,36.29644376049064
2024-01-23 00:25:00,39.5453366197295
2024-01-23 00:30:00,39.42536525646677
2024-01-23 00:35:00,39.33968111604305
2024-01-23 00:40:00,40.12704120238104
2024-01-23 00:45:00,40.30269753850878
2024-01-23 00:50:00,38.27082265962592
2024-01-23 00:55:00,45.0908623119403
2024-01-23 01:00:00,35.3222210367097
2024-01-23 01:05:00,37.11626311964218
2024-01-23 01:10:00,51.11999805041599
2024-01-23 01:15:00,35.84817813356484
2024-01-23 01:20:00,34.58512485468273
2024-01-23 01:25:00,42.93805053352664
2024-01-23 01:30:00,31.69166413842627
2024-01-23 01:35:00,39.059047913632014
2024-01-23 01:40:00,48.58344325382773
2024-01-23 01:45:00,33.82039986490817
2024-01-23 01:50:00,32.072285610566915
2024-01-23 01:55:00,34.00341874569097
2024-01-23 02:00:00,43.597140567510536
2024-01-23 02:05:00,44.502809174065845
2024-01-23 02:10:00,37.95334710620856
2024-01-23 02:15:00,42.73655191012687
2024-01-23 02:20:00,45.56472360417055
2024-01-23 02:25:00,47.1530879518419
2024-01-23 02:30:00,39.01836116940321
2024-01-23 02:35:00,30.79781542344265
2024-01-23 02:40:00,36.72018660448385
2024-01-23 02:45:00,38.296485514381565
2024-01-23 02:50:00,38.96794710780903
2024-01-23 02:55:00,39.25226469008772
2024-01-23 03:00:00,44.53349201580951
2024-01-23 03:05:00,45.15562733083716
2024-01-23 03:10:00,39.3712190083877
2024-01-23 03:15:00,44.4518531282941
2024-01-23 03:20:00,41.48855909061119
2024-01-23 03:25:00,40.31593751553712
2024-01-23 03:30:00,43.68409025252669
2024-01-23 03:35:00,40.34692181703849
2024-01-23 03:40:00,48.28915833247788
2024-01-23 03:45:00,34.304268956908594
2024-01-23 03:50:00,37.99723002771876
2024-01-23 03:55:00,39.55183803627103
2024-01-23 04:00:00,42.30727992849399
2024-01-23 04:05:00,45.621311115074384
2024-01-23 04:10:00,40.4518748977174
2024-01-23 04:15:00,34.8605505686372
2024-01-23 04:20:00,43.91952475248205
2024-01-23 04:25:00,43.569304231229886
2024-01-23 04:30:00,32.782034529144404
2024-01-23 04:35:00,40.53425263197883
2024-01-23 04:40:00,34.18890184394084
2024-01-23 04:45:00,37.89086477665378
2024-01-23 04:50:00,36.93823345881083
2024-01-23 04:55:00,43.78652795962997
2024-01-23 05:00:00,43.62929743354468
2024-01-23 05:05:00,38.01961273383183
2024-01-23 05:10:00,46.68224058868531
2024-01-23 05:15:00,37.42675344114228
2024-01-23 05:20:00,44.48243189873971
2024-01-23 05:25:00,39.90593405968972
2024-01-23 05:30:00,41.69926840673386
2024-01-23 05:35:00,45.179059729009474
2024-01-23 05:40:00,45.24777433309406
2024-01-23 05:45:00,48.509853031079786
2024-01-23 05:50:00,42.83296193817013
2024-01-23 05:55:00,44.3877801887093
2024-01-23 06:00:00,49.28543394552779
2024-01-23 06:05:00,51.76434276563628
2024-01-23 06:10:00,52.794327427179134
2024-01-23 06:15:00,50.64314384532759
2024-01-23 06:20:00,43.8213812987751
2024-01-23 06:25:00,52.36226682046867
2024-01-23 06:30:00,52.49462914456692
2024-01-23 06:35:00,48.31568932975328
2024-01-23 06:40:00,45.89883509085503
2024-01-23 06:45:00,56.93989983716095
2024-01-23 06:50:00,53.0021652787227
2024-01-23 06:55:00,50.12005911145825
2024-01-23 07:00:00,58.8158919598994
2024-01-23 07:05:00,60.07676417880396
2024-01-23 07:10:00,68.57438507963427
2024-01-23 07:15:00,63.91467125596153
2024-01-23 07:20:00,61.16167522448652
2024-01-23 07:25:00,65.40278041738797
2024-01-23 07:30:00,60.10643074270405
2024-01-23 07:35:00,69.36739561361085
2024-01-23 07:40:00,68.77522563207624
2024-01-23 07:45:00,61.49772720767824
2024-01-23 07:50:00,60.8493425043659
2024-01-23 07:55:00,52.89149069772023
2024-01-23 08:00:00,64.07367695392523
2024-01-23 08:05:00,64.64212094029968
2024-01-23 08:10:00,70.54076140408024
2024-01-23 08:15:00,68.69506522236526
2024-01-23 08:20:00,64.61865809046974
2024-01-23 08:25:00,68.87534387027247
2024-01-23 08:30:00,72.0213486307201
2024-01-23 08:35:00,72.11135743979305
2024-01-23 08:40:00,62.401318916695175
2024-01-23 08:45:00,69.48694611819538
2024-01-23 08:50:00,64.46663693224426
2024-01-23 08:55:00,73.6069148286918
2024-01-23 09:00:00,66.50061197093551
2024-01-23 09:05:00,59.77191740022368
2024-01-23 09:10:00,60.29984549591991
2024-01-23 09:15:00,61.51895810352829
2024-01-23 09:20:00,54.35285272659616
2024-01-23 09:25:00,64.70789899928381
2024-01-23 09:30:00,62.27264812016099
2024-01-23 09:35:00,67.24472663579294
2024-01-23 09:40:00,58.9703894336713
2024-01-23 09:45:00,60.88753451252179
2024-01-23 09:50:00,57.33792527336505
2024-01-23 09:55:00,59.3468640515445
2024-01-23 10:00:00,46.3085748788052
2024-01-23 10:05:00,55.02039757846385
2024-01-23 10:10:00,48.2434554680725
2024-01-23 10:15:00,51.533205602056526
2024-01-23 10:20:00,49.51344924763085
2024-01-23 10:25:00,45.95864179902682
2024-01-23 10:30:00,50.3633011703915
2024-01-23 10:35:00,53.432916190532445
2024-01-23 10:40:00,46.20546529290466
2024-01-23 10:45:00,54.27295402600358
2024-01-23 10:50:00,47.63761917716729
2024-01-23 10:55:00,49.10456715878671
2024-01-23 11:00:00,45.2877944739983
2024-01-23 11:05:00,40.51131735308015
2024-01-23 11:10:00,43.31536141930157
2024-01-23 11:15:00,41.90629866680573
2024-01-23 11:20:00,43.68253400877338
2024-01-23 11:25:00,33.64210555986411
2024-01-23 11:30:00,35.84633472112577
2024-01-23 11:35:00,45.62893000614546
2024-01-23 11:40:00,47.31378760455431
2024-01-23 11:45:00,39.52311516783202
2024-01-23 11:50:00,42.18894857327357
2024-01-23 11:55:00,44.34393899356731
2024-01-23 12:00:00,43.37060092670254
2024-01-23 12:05:00,32.48702143338433
2024-01-23 12:10:00,37.05356953215421
2024-01-23 12:15:00,39.26741300066822
2024-01-23 12:20:00,43.41029130901192
2024-01-23 12:25:00,50.591452454953696
2024-01-23 12:30:00,39.68570761282885
2024-01-23 12:35:00,34.96982067165177
2024-01-23 12:40:00,42.20680282887291
2024-01-23 12:45:00,45.88171367823056
2024-01-23 12:50:00,41.02978700398573
2024-01-23 12:55:00,36.97113633945055
2024-01-23 13:00:00,44.34778036222526
2024-01-23 13:05:00,43.16998707029892
2024-01-23 13:10:00,36.411481219522685
2024-01-23 13:15:00,42.04150706644255
2024-01-23 13:20:00,44.504866866940674
2024-01-23 13:25:00,45.24336476654076
2024-01-23 13:30:00,40.25000869506736
2024-01-23 13:35:00,39.0834868115879
2024-01-23 13:40:00,45.42489988463023
2024-01-23 13:45:00,35.67516258438164
2024-01-23 13:50:00,42.2701217599892
2024-01-23 13:55:00,35.03569808684746
2024-01-23 14:00:00,46.90018799720762
2024-01-23 14:05:00,41.60650084572456
2024-01-23 14:10:00,47.713015850759085
2024-01-23 14:15:00,44.60433393359131
2024-01-23 14:20:00,37.74580198792149
2024-01-23 14:25:00,48.33719383647818
2024-01-23 14:30:00,48.843663973880126
2024-01-23 14:35:00,46.16782887856607
2024-01-23 14:40:00,39.59233144802433
2024-01-23 14:45:00,41.41462709073957
2024-01-23 14:50:00,43.22039177779224
2024-01-23 14:55:00,39.82384131084348
2024-01-23 15:00:00,55.96651587266064
2024-01-23 15:05:00,49.774435469711975
2024-01-23 15:10:00,38.3837373943784
2024-01-23 15:15:00,50.55455283383271
2024-01-23 15:20:00,47.80449999553857
2024-01-23 15:25:00,48.89742335833403
2024-01-23 15:30:00,47.72265211966503
2024-01-23 15:35:00,52.42531524923457
2024-01-23 15:40:00,53.67588069702135
2024-01-23 15:45:00,50.32934223184244
2024-01-23 15:50:00,47.83988483425519
2024-01-23 15:55:00,49.03178076357114
2024-01-23 16:00:00,59.54842141915088
2024-01-23 16:05:00,56.26030279338102
2024-01-23 16:10:00,61.78573754712531
2024-01-23 16:15:00,61.31019224828224
2024-01-23 16:20:00,65.63178791194706
2024-01-23 16:25:00,64.49142207399427
2024-01-23 16:30:00,56.72732328247984
2024-01-23 16:35:00,62.75121645087623
2024-01-23 16:40:00,55.66620942046248
2024-01-23 16:45:00,62.253751356603765
2024-01-23 16:50:00,57.403566157799936
2024-01-23 16:55:00,55.377010059338026
2024-01-23 17:00:00,66.12018141894646
2024-01-23 17:05:00,54.30173153554027
2024-01-23 17:10:00,57.99609775053592
2024-01-23 17:15:00,64.2900325130597
2024-01-23 17:20:00,65.32976711469621
2024-01-23 17:25:00,63.52272496752408
2024-01-23 17:30:00,58.68225485328644
2024-01-23 17:35:00,61.72843267960281
2024-01-23 17:40:00,66.56483735710641
2024-01-23 17:45:00,67.32712713067029
2024-01-23 17:50:00,64.93510757777307
2024-01-23 17:55:00,69.6273351723048
2024-01-23 18:00:00,61.05960767103871
2024-01-23 18:05:00,56.48019696136892
2024-01-23 18:10:00,58.3480113635553
2024-01-23 18:15:00,53.85855494837035
2024-01-23 18:20:00,59.0374636156361
2024-01-23 18:25:00,63.91842205408712
2024-01-23 18:30:00,62.21117991604564
2024-01-23 18:35:00,65.07805688087825
2024-01-23 18:40:00,58.2584786020058
2024-01-23 18:45:00,64.85441875525879
2024-01-23 18:50:00,58.69680267140989
2024-01-23 18:55:00,65.35635990748135
2024-01-23 19:00:00,49.10955903951975
2024-01-23 19:05:00,52.02591152450536
2024-01-23 19:10:00,55.09743548652767
2024-01-23 19:15:00,48.42327551496342
2024-01-23 19:20:00,50.07054197946494
2024-01-23 19:25:00,54.35243973011346
2024-01-23 19:30:00,48.664973373568
2024-01-23 19:35:00,43.9134168992636
2024-01-23 19:40:00,57.76901424762789
2024-01-23 19:45:00,47.3179281719397
2024-01-23 19:50:00,49.83201023303842
2024-01-23 19:55:00,53.82101270709276
2024-01-23 20:00:00,40.20100499912181
2024-01-23 20:05:00,38.6035089611581
2024-01-23 20:10:00,43.64992980114595
2024-01-23 20:15:00,35.46267502239706
2024-01-23 20:20:00,41.48335630657494
2024-01-23 20:25:00,43.61513527130824
2024-01-23 20:30:00,41.55517302674596
2024-01-23 20:35:00,36.46117684130363
2024-01-23 20:40:00,49.01169243886267
2024-01-23 20:45:00,43.04913322984332
2024-01-23 20:50:00,48.35958908509358
2024-01-23 20:55:00,41.59483561332484
2024-01-23 21:00:00,36.937843045455296
2024-01-23 21:05:00,41.53461465323899
2024-01-23 21:10:00,39.59474246690547
2024-01-23 21:15:00,35.746845140252915
2024-01-23 21:20:00,46.33702800736833
2024-01-23 21:25:00,37.96881008064237
2024-01-23 21:30:00,33.096825433036074
2024-01-23 21:35:00,45.77055518804768
2024-01-23 21:40:00,38.44069890896786
2024-01-23 21:45:00,38.026595401755856
2024-01-23 21:50:00,33.39634062409846
2024-01-23 21:55:00,47.42165691860632
2024-01-23 22:00:00,34.89033900456694
2024-01-23 22:05:00,40.28205927622829
2024-01-23 22:10:00,43.698742643567456
2024-01-23 22:15:00,41.73512908541808
2024-01-23 22:20:00,39.80964410543693
2024-01-23 22:25:00,33.24159792025603
2024-01-23 22:30:00,36.80936201033656
2024-01-23 22:35:00,40.79946270557578
2024-01-23 22:40:00,36.89956507345771
2024-01-23 22:45:00,40.86169919340076
2024-01-23 22:50:00,42.775234988666256
2024-01-23 22:55:00,43.8982728966061
2024-01-23 23:00:00,35.09836781385144
2024-01-23 23:05:00,48.78966946501799
2024-01-23 23:10:00,43.07300262331869
2024-01-23 23:15:00,39.99622863042591
2024-01-23 23:20:00,44.36123157740873
2024-01-23 23:25:00,49.46471633310206
2024-01-23 23:30:00,34.24820484087469
2024-01-23 23:35:00,39.10203467513676
2024-01-23 23:40:00,30.489358605608857
2024-01-23 23:45:00,40.77369137569427
2024-01-23 23:50:00,41.464662212802736
2024-01-23 23:55:00,39.846436783331136
2024-01-24 00:00:00,37.381869092062
2024-01-24 00:05:00,31.80194531130194
2024-01-24 00:10:00,41.49413810970231
2024-01-24 00:15:00,45.821741311716536
2024-01-24 00:20:00,37.63592955312152
2024-01-24 00:25:00,41.76024309214782
2024-01-24 00:30:00,33.72742612237504
2024-01-24 00:35:00,41.828855630825295
2024-01-24 00:40:00,38.42647418507661
2024-01-24 00:45:00,36.95033157364358
2024-01-24 00:50:00,36.95854881119072
2024-01-24 00:55:00,38.4255570479232
2024-01-24 01:00:00,41.52987681629191
2024-01-24 01:05:00,34.7514907487397
2024-01-24 01:10:00,38.41168222725035
2024-01-24 01:15:00,39.83425644152518
2024-01-24 01:20:00,35.60398665539433
2024-01-24 01:25:00,47.18680436022184
2024-01-24 01:30:00,36.5861616332764
2024-01-24 01:35:00,37.32239589898781
2024-01-24 01:40:00,36.08691175423178
2024-01-24 01:45:00,47.19406390207424
2024-01-24 01:50:00,42.21176446791969
2024-01-24 01:55:00,36.2537755285472
2024-01-24 02:00:00,44.42862852956248
2024-01-24 02:05:00,40.80649707127811
2024-01-24 02:10:00,41.0327159785686
2024-01-24 02:15:00,38.62579345911279
2024-01-24 02:20:00,37.0060383462947
2024-01-24 02:25:00,41.354766690341
2024-01-24 02:30:00,37.82335337414023
2024-01-24 02:35:00,47.27072481242301
2024-01-24 02:40:00,34.92653787315018
2024-01-24 02:45:00,46.148329385542375
2024-01-24 02:50:00,39.558426898931394
2024-01-24 02:55:00,41.20004523020702
2024-01-24 03:00:00,43.39054469060457
2024-01-24 03:05:00,37.536916444069085
2024-01-24 03:10:00,43.51490716288138
2024-01-24 03:15:00,29.22773820256212
2024-01-24 03:20:00,37.17795549119907
2024-01-24 03:25:00,36.361662394722565
2024-01-24 03:30:00,35.04388957459978
2024-01-24 03:35:00,39.19809427177103
2024-01-24 03:40:00,41.60091349681361
2024-01-24 03:45:00,42.86855361808405
2024-01-24 03:50:00,41.02142065288846
2024-01-24 03:55:00,37.39513976451264
2024-01-24 04:00:00,42.025534917962695
2024-01-24 04:05:00,41.04661194606543
2024-01-24 04:10:00,44.29369383840609
2024-01-24 04:15:00,43.657215978388095
2024-01-24 04:20:00,40.67137482234455
2024-01-24 04:25:00,36.960457142017
2024-01-24 04:30:00,37.93766854333371
2024-01-24 04:35:00,38.35031172810989
2024-01-24 04:40:00,39.288403830997005
2024-01-24 04:45:00,41.62167087702104
2024-01-24 04:50:00,43.41016672717426
2024-01-24 04:55:00,40.34499439460052
2024-01-24 05:00:00,43.22647588845783
2024-01-24 05:05:00,43.73520195685595
2024-01-24 05:10:00,41.09835548432658
2024-01-24 05:15:00,39.46040770628412
2024-01-24 05:20:00,36.1402251476131
2024-01-24 05:25:00,40.38137930454845
2024-01-24 05:30:00,45.05455854992709
2024-01-24 05:35:00,40.35033098469767
2024-01-24 05:40:00,42.21074858715218
2024-01-24 05:45:00,45.027701886505206
2024-01-24 05:50:00,45.24473472254662
2024-01-24 05:55:00,38.84384532819178
2024-01-24 06:00:00,55.024620660959656
2024-01-24 06:05:00,55.54578359256703
2024-01-24 06:10:00,46.51698380627085
2024-01-24 06:15:00,47.74103575658047
2024-01-24 06:20:00,55.80074596772985
2024-01-24 06:25:00,50.44896915012389
2024-01-24 06:30:00,42.157271445337685
2024-01-24 06:35:00,45.43765721621434
2024-01-24 06:40:00,50.038904734455166
2024-01-24 06:45:00,46.38421263400668
2024-01-24 06:50:00,49.38268815259932
2024-01-24 06:55:00,51.16596808987941
2024-01-24 07:00:00,69.21304190862826
2024-01-24 07:05:00,62.20220782757819
2024-01-24 07:10:00,67.65419069078038
2024-01-24 07:15:00,69.07906414063643
2024-01-24 07:20:00,69.10126216989765
2024-01-24 07:25:00,64.50304186603162
2024-01-24 07:30:00,55.51086690113345
2024-01-24 07:35:00,65.20732295410481
2024-01-24 07:40:00,67.5576230437435
2024-01-24 07:45:00,63.03975507074768
2024-01-24 07:50:00,70.34235897279034
2024-01-24 07:55:00,66.80335773835918
2024-01-24 08:00:00,72.27309354874184
2024-01-24 08:05:00,74.34552288495405
2024-01-24 08:10:00,71.33347944517422
2024-01-24 08:15:00,60.028758042549285
2024-01-24 08:20:00,68.00344423424924
2024-01-24 08:25:00,74.78867214912212
2024-01-24 08:30:00,66.76963467973752
2024-01-24 08:35:00,69.10611001918295
2024-01-24 08:40:00,65.82065478451841
2024-01-24 08:45:00,77.13569042093778
2024-01-24 08:50:00,76.72596986980277
2024-01-24 08:55:00,66.46452445956778
2024-01-24 09:00:00,63.95321830707785
2024-01-24 09:05:00,60.64205011446532
2024-01-24 09:10:00,65.82380486164702
2024-01-24 09:15:00,65.40275861449084
2024-01-24 09:20:00,66.61084859197457
2024-01-24 09:25:00,64.69170009635306
2024-01-24 09:30:00,75.10565113107539
2024-01-24 09:35:00,59.25233124547856
2024-01-24 09:40:00,56.521612887775454
2024-01-24 09:45:00,61.79166550271567
2024-01-24 09:50:00,57.092073243280446
2024-01-24 09:55:00,57.39417722549754
2024-01-24 10:00:00,47.0312442462862
2024-01-24 10:05:00,47.34774724135156
2024-01-24 10:10:00,47.21803045527783
2024-01-24 10:15:00,53.10937866485972
2024-01-24 10:20:00,49.01174661873672
2024-01-24 10:25:00,50.31844456358815
2024-01-24 10:30:00,54.61343396108181
2024-01-24 10:35:00,47.971212763952366
2024-01-24 10:40:00,49.97831926825919
2024-01-24 10:45:00,52.499542807449735
2024-01-24 10:50:00,43.27023166059718
2024-01-24 10:55:00,41.49688082727574
2024-01-24 11:00:00,44.549531297149
2024-01-24 11:05:00,45.1331191042257
2024-01-24 11:10:00,51.42194252136775
2024-01-24 11:15:00,43.79744148542535
2024-01-24 11:20:00,46.44402085099048
2024-01-24 11:25:00,42.383171407614206
2024-01-24 11:30:00,44.35397086829845
2024-01-24 11:35:00,49.83408934895624
2024-01-24 11:40:00,34.66909070945556
2024-01-24 11:45:00,44.819527012244826
2024-01-24 11:50:00,51.70740890226757
2024-01-24 11:55:00,44.29319885879547
2024-01-24 12:00:00,47.20002237299912
2024-01-24 12:05:00,38.08088192194995
2024-01-24 12:10:00,40.46954054341287
2024-01-24 12:15:00,40.73182932962207
2024-01-24 12:20:00,31.72736620263264
2024-01-24 12:25:00,35.92501920866692
2024-01-24 12:30:00,36.210230202531775
2024-01-24 12:35:00,43.88599483219783
2024-01-24 12:40:00,44.08634294280394
2024-01-24 12:45:00,41.89387629089386
2024-01-24 12:50:00,43.89414210749055
2024-01-24 12:55:00,39.94113286918063
2024-01-24 13:00:00,45.32353127446336
2024-01-24 13:05:00,40.55095836683347
2024-01-24 13:10:00,40.747260786012205
2024-01-24 13:15:00,39.453434063255536
2024-01-24 13:20:00,43.25360650685089
2024-01-24 13:25:00,38.83100932985353
2024-01-24 13:30:00,44.42153010509745
2024-01-24 13:35:00,35.98720803344116
2024-01-24 13:40:00,36.12013957739241
2024-01-24 13:45:00,43.2655116168112
2024-01-24 13:50:00,40.16162773797313
2024-01-24 13:55:00,38.70023893169267
2024-01-24 14:00:00,46.19891383807105
2024-01-24 14:05:00,40.20963725182487
2024-01-24 14:10:00,41.83787789096773
2024-01-24 14:15:00,48.235594708453846
2024-01-24 14:20:00,48.79525229141181
2024-01-24 14:25:00,48.92827574925052
2024-01-24 14:30:00,41.51017980043356
2024-01-24 14:35:00,47.56149452810709
2024-01-24 14:40:00,38.84287159709449
2024-01-24 14:45:00,39.011071409280966
2024-01-24 14:50:00,33.236859497671766
2024-01-24 14:55:00,49.330155715763325
2024-01-24 15:00:00,45.74121018650352
2024-01-24 15:05:00,48.69099926381959
2024-01-24 15:10:00,45.55583221509469
2024-01-24 15:15:00,51.97779057612839
2024-01-24 15:20:00,47.69459493993846
2024-01-24 15:25:00,43.97786202107603
2024-01-24 15:30:00,50.96377983955207
2024-01-24 15:35:00,43.46220948356691
2024-01-24 15:40:00,45.84750668154586
2024-01-24 15:45:00,40.76957312430351
2024-01-24 15:50:00,43.5012971340174
2024-01-24 15:55:00,49.91124626168974
2024-01-24 16:00:00,51.61187880042867
2024-01-24 16:05:00,53.54544005435351
2024-01-24 16:10:00,59.46054728830914
2024-01-24 16:15:00,57.29559536846816
2024-01-24 16:20:00,67.4381694966776
2024-01-24 16:25:00,66.80560913693787
2024-01-24 16:30:00,55.99833310183576
2024-01-24 16:35:00,61.698573426454296
2024-01-24 16:40:00,62.467153180358174
2024-01-24 16:45:00,57.08010752074275
2024-01-24 16:50:00,53.48785680684755
2024-01-24 16:55:00,59.42082915560814
2024-01-24 17:00:00,64.3086173489004
2024-01-24 17:05:00,63.25694206027436
2024-01-24 17:10:00,66.76926752081478
2024-01-24 17:15:00,61.99708162013444
2024-01-24 17:20:00,60.39200985784026
2024-01-24 17:25:00,65.43633192955616
2024-01-24 17:30:00,66.54388041843234
2024-01-24 17:35:00,60.293420272556624
2024-01-24 17:40:00,68.71236249212116
2024-01-24 17:45:00,57.91807549705252
2024-01-24 17:50:00,62.68754621329426
2024-01-24 17:55:00,63.9679659033664
2024-01-24 18:00:00,56.92512472659405
2024-01-24 18:05:00,57.209777682997
2024-01-24 18:10:00,66.95431750643422
2024-01-24 18:15:00,56.06648322104617
2024-01-24 18:20:00,69.23490646708942
2024-01-24 18:25:00,61.21852669612598
2024-01-24 18:30:00,59.83824012644973
2024-01-24 18:35:00,61.374980990752434
2024-01-24 18:40:00,69.58973057420958
2024-01-24 18:45:00,55.49564756147598
2024-01-24 18:50:00,54.98834790145621
2024-01-24 18:55:00,56.45055479091408
2024-01-24 19:00:00,49.32555861714649
2024-01-24 19:05:00,42.29390153003796
2024-01-24 19:10:00,49.28634298656268
2024-01-24 19:15:00,55.97117456294293
2024-01-24 19:20:00,49.80261559178736
2024-01-24 19:25:00,48.02624419338714
2024-01-24 19:30:00,46.72434423455374
2024-01-24 19:35:00,52.791032847494506
2024-01-24 19:40:00,45.893654936336056
2024-01-24 19:45:00,56.58256971168524
2024-01-24 19:50:00,56.93042502014568
2024-01-24 19:55:00,50.2239892239354
2024-01-24 20:00:00,42.58892026174004
2024-01-24 20:05:00,46.757619847012855
2024-01-24 20:10:00,47.01417462295592
2024-01-24 20:15:00,39.41101368980896
2024-01-24 20:20:00,40.52876008149981
2024-01-24 20:25:00,37.34559087531344
2024-01-24 20:30:00,44.271240367382845
2024-01-24 20:35:00,45.30149214787418
2024-01-24 20:40:00,37.23527806260152
2024-01-24 20:45:00,40.81418499478198
2024-01-24 20:50:00,37.24596494372122
2024-01-24 20:55:00,39.03978137307127
2024-01-24 21:00:00,42.66195921312355
2024-01-24 21:05:00,37.523962705505234
2024-01-24 21:10:00,39.25458714808916
2024-01-24 21:15:00,33.94864406042909
2024-01-24 21:20:00,41.20585181111701
2024-01-24 21:25:00,40.28079769283976
2024-01-24 21:30:00,37.5420539720857
2024-01-24 21:35:00,39.70183378148845
2024-01-24 21:40:00,41.17907049423213
2024-01-24 21:45:00,37.198418376580975
2024-01-24 21:50:00,34.552840796211235
2024-01-24 21:55:00,47.68018870296561
2024-01-24 22:00:00,37.51517053456461
2024-01-24 22:05:00,39.66122094065813
2024-01-24 22:10:00,44.09162029348695
2024-01-24 22:15:00,54.16448210368763
2024-01-24 22:20:00,35.07031555385023
2024-01-24 22:25:00,41.84757020831173
2024-01-24 22:30:00,37.21805221222927
2024-01-24 22:35:00,37.89310013509885
2024-01-24 22:40:00,37.167413269378535
2024-01-24 22:45:00,35.54564148220335
2024-01-24 22:50:00,39.88309590626704
2024-01-24 22:55:00,34.15025060521275
2024-01-24 23:00:00,43.79031551114965
2024-01-24 23:05:00,40.22309698923567
2024-01-24 23:10:00,41.69282513670793
2024-01-24 23:15:00,38.13833079731728
2024-01-24 23:20:00,38.53426950825518
2024-01-24 23:25:00,41.15334086577148
2024-01-24 23:30:00,35.34688271547887
2024-01-24 23:35:00,38.57112350744882
2024-01-24 23:40:00,36.564631189588354
2024-01-24 23:45:00,36.44081000273811
2024-01-24 23:50:00,31.5637322825996
2024-01-24 23:55:00,45.360391603022165
2024-01-25 00:00:00,37.25384836344016
2024-01-25 00:05:00,44.65350759670944
2024-01-25 00:10:00,44.27517266163241
2024-01-25 00:15:00,34.856004549989265
2024-01-25 00:20:00,35.64635843336386
2024-01-25 00:25:00,50.24201521347798
2024-01-25 00:30:00,47.00370714376381
2024-01-25 00:35:00,39.873929322742825
2024-01-25 00:40:00,41.02949580172464
2024-01-25 00:45:00,37.476617764266486
2024-01-25 00:50:00,41.7294142328566
2024-01-25 00:55:00,37.13127577316536
2024-01-25 01:00:00,31.870728496328223
2024-01-25 01:05:00,34.71392040747756
2024-01-25 01:10:00,40.08451454492412
2024-01-25 01:15:00,35.475874611511415
2024-01-25 01:20:00,39.73103369386763
2024-01-25 01:25:00,35.701499395790314
2024-01-25 01:30:00,36.87072786351379
2024-01-25 01:35:00,43.412804779174536
2024-01-25 01:40:00,40.99006574408219
2024-01-25 01:45:00,39.961485868268376
2024-01-25 01:50:00,43.51599944580437
2024-01-25 01:55:00,41.92257792691115
2024-01-25 02:00:00,45.78995545912807
2024-01-25 02:05:00,38.16426524486204
2024-01-25 02:10:00,38.285162380012565
2024-01-25 02:15:00,34.79926522855722
2024-01-25 02:20:00,38.28777942463292
2024-01-25 02:25:00,43.86278187133238
2024-01-25 02:30:00,45.20365178317113
2024-01-25 02:35:00,43.84492296646927
2024-01-25 02:40:00,32.82693482792485
2024-01-25 02:45:00,44.33628314476553
2024-01-25 02:50:00,32.64962780103431
2024-01-25 02:55:00,43.59617159061199
2024-01-25 03:00:00,38.58677551780261
2024-01-25 03:05:00,42.86804687982225
2024-01-25 03:10:00,34.728120232508566
2024-01-25 03:15:00,44.74258415491141
2024-01-25 03:20:00,34.19801463966727
2024-01-25 03:25:00,37.38409398067412
2024-01-25 03:30:00,36.06553511301069
2024-01-25 03:35:00,33.04077421279683
2024-01-25 03:40:00,40.4360238944407
2024-01-25 03:45:00,47.28227009543468
2024-01-25 03:50:00,50.72553451336687
2024-01-25 03:55:00,40.44653677243182
2024-01-25 04:00:00,45.01619426693212
2024-01-25 04:05:00,41.477847718376175
2024-01-25 04:10:00,42.54500194573488
2024-01-25 04:15:00,39.18087456215307
2024-01-25 04:20:00,41.32977686835244
2024-01-25 04:25:00,42.69938398508774
2024-01-25 04:30:00,38.23563025115671
2024-01-25 04:35:00,40.23949196709008
2024-01-25 04:40:00,40.31574869067207
2024-01-25 04:45:00,43.85508243598413
2024-01-25 04:50:00,36.285340480151305
2024-01-25 04:55:00,40.34330033223142
2024-01-25 05:00:00,50.80999861306673
2024-01-25 05:05:00,47.81821734719969
2024-01-25 05:10:00,48.55869293241077
2024-01-25 05:15:00,43.25970409756808
2024-01-25 05:20:00,44.44596699160003
2024-01-25 05:25:00,47.17092140366764
2024-01-25 05:30:00,49.402998854979664
2024-01-25 05:35:00,35.35556508532439
2024-01-25 05:40:00,37.90021150865656
2024-01-25 05:45:00,48.39975314246653
2024-01-25 05:50:00,42.05441931378073
2024-01-25 05:55:00,40.47509357982363
2024-01-25 06:00:00,46.01973928716267
2024-01-25 06:05:00,48.81631642896865
2024-01-25 06:10:00,45.42690610144979
2024-01-25 06:15:00,59.400760326075
2024-01-25 06:20:00,50.9466390272228
2024-01-25 06:25:00,50.804581068094215
2024-01-25 06:30:00,53.388689935816416
2024-01-25 06:35:00,54.88576391221137
2024-01-25 06:40:00,54.819935861363646
2024-01-25 06:45:00,55.330871010775375
2024-01-25 06:50:00,48.51300103198166
2024-01-25 06:55:00,49.84491601531765
2024-01-25 07:00:00,66.44015011425844
2024-01-25 07:05:00,61.25446724593087
2024-01-25 07:10:00,63.343596964380446
2024-01-25 07:15:00,64.95907855018861
2024-01-25 07:20:00,66.50476382173085
2024-01-25 07:25:00,56.25329964300854
2024-01-25 07:30:00,66.22300609204513
2024-01-25 07:35:00,62.42912726108244
2024-01-25 07:40:00,66.19385433594687
2024-01-25 07:45:00,66.47175026190865
2024-01-25 07:50:00,69.79568373696597
2024-01-25 07:55:00,68.77783808297416
2024-01-25 08:00:00,75.38628669057188
2024-01-25 08:05:00,75.77468131679565
2024-01-25 08:10:00,71.16551597939448
2024-01-25 08:15:00,70.12874038827806
2024-01-25 08:20:00,73.49126837284403
2024-01-25 08:25:00,72.92832384586279
2024-01-25 08:30:00,68.76373509317766
2024-01-25 08:35:00,71.61929367536378
2024-01-25 08:40:00,69.85961417299232
2024-01-25 08:45:00,66.58426840629048
2024-01-25 08:50:00,75.1618430056361
2024-01-25 08:55:00,70.22079701025106
2024-01-25 09:00:00,71.55885933631691
2024-01-25 09:05:00,56.86205722472218
2024-01-25 09:10:00,61.13691121414805
2024-01-25 09:15:00,63.494581652285
2024-01-25 09:20:00,67.91355069603716
2024-01-25 09:25:00,64.96190379593025
2024-01-25 09:30:00,64.60591732224452
2024-01-25 09:35:00,58.85497113530492
2024-01-25 09:40:00,58.73626071660362
2024-01-25 09:45:00,64.65404494668113
2024-01-25 09:50:00,57.90760233024808
2024-01-25 09:55:00,61.2365153043642
2024-01-25 10:00:00,53.0401721794215
2024-01-25 10:05:00,47.10720577397097
2024-01-25 10:10:00,57.45792671252529
2024-01-25 10:15:00,55.93224824002963
2024-01-25 10:20:00,44.75082286972487
2024-01-25 10:25:00,47.30701789035013
2024-01-25 10:30:00,41.89339388509827
2024-01-25 10:35:00,47.906137412885535
2024-01-25 10:40:00,54.102056769367664
2024-01-25 10:45:00,49.380923093978645
2024-01-25 10:50:00,52.87969183754194
2024-01-25 10:55:00,44.94716558995109
2024-01-25 11:00:00,46.35696300028573
2024-01-25 11:05:00,40.94462507024471
2024-01-25 11:10:00,43.21374071108973
2024-01-25 11:15:00,42.79356397638589
2024-01-25 11:20:00,38.07886789838897
2024-01-25 11:25:00,38.552724654998975
2024-01-25 11:30:00,47.03623985797181
2024-01-25 11:35:00,44.76103061196488
2024-01-25 11:40:00,47.36525814817181
2024-01-25 11:45:00,44.46369492396818
2024-01-25 11:50:00,43.73702452119497
2024-01-25 11:55:00,36.26101950729104
2024-01-25 12:00:00,39.51626373302304
2024-01-25 12:05:00,40.488193238452745
2024-01-25 12:10:00,48.41015931315802
2024-01-25 12:15:00,43.34555704846243
2024-01-25 12:20:00,46.74197524690584
2024-01-25 12:25:00,42.98788134364664
2024-01-25 12:30:00,37.752517612269806
2024-01-25 12:35:00,41.06622738466712
2024-01-25 12:40:00,41.54262510512465
2024-01-25 12:45:00,36.841108240984994
2024-01-25 12:50:00,39.06018101369604
2024-01-25 12:55:00,39.77466254535904
2024-01-25 13:00:00,46.93828392656565
2024-01-25 13:05:00,32.19284249474127
2024-01-25 13:10:00,45.33907827916936
2024-01-25 13:15:00,36.768623656467646
2024-01-25 13:20:00,35.02748784722672
2024-01-25 13:25:00,45.23557311645904
2024-01-25 13:30:00,43.44339687324271
2024-01-25 13:35:00,45.53387940582994
2024-01-25 13:40:00,43.718612386487486
2024-01-25 13:45:00,48.75518460325479
2024-01-25 13:50:00,42.75069994408312
2024-01-25 13:55:00,39.88989509181255
2024-01-25 14:00:00,44.01038841745458
2024-01-25 14:05:00,47.612559421553065
2024-01-25 14:10:00,39.52118160712874
2024-01-25 14:15:00,40.031128578043685
2024-01-25 14:20:00,41.40284284977758
2024-01-25 14:25:00,34.22035171310788
2024-01-25 14:30:00,43.1909965418394
2024-01-25 14:35:00,35.0941680923651
2024-01-25 14:40:00,42.85092015989969
2024-01-25 14:45:00,46.099841932710206
2024-01-25 14:50:00,40.73117706559387
2024-01-25 14:55:00,49.34714638891669
2024-01-25 15:00:00,43.355125985133874
2024-01-25 15:05:00,53.96217230933516
2024-01-25 15:10:00,51.89767780843551
2024-01-25 15:15:00,42.33299658956507
2024-01-25 15:20:00,60.04030677896996
2024-01-25 15:25:00,48.94214844079196
2024-01-25 15:30:00,45.6871934941853
2024-01-25 15:35:00,43.56878080367176
2024-01-25 15:40:00,48.31705747216913
2024-01-25 15:45:00,48.68750209324799
2024-01-25 15:50:00,49.60771169696648
2024-01-25 15:55:00,48.00594495791199
2024-01-25 16:00:00,62.00292419330074
2024-01-25 16:05:00,57.91950362218738
2024-01-25 16:10:00,51.73016648387848
2024-01-25 16:15:00,58.8725769702418
2024-01-25 16:20:00,50.00011233934725
2024-01-25 16:25:00,60.885105476405926
2024-01-25 16:30:00,55.55282203170982
2024-01-25 16:35:00,60.12346437250357
2024-01-25 16:40:00,64.72632287893879
2024-01-25 16:45:00,55.67502817176837
2024-01-25 16:50:00,63.71504798688884
2024-01-25 16:55:00,57.73646468609575
2024-01-25 17:00:00,72.01277925641918
2024-01-25 17:05:00,63.53938959536398
2024-01-25 17:10:00,61.63802810613007
2024-01-25 17:15:00,67.74895384973799
2024-01-25 17:20:00,63.25684112966229
2024-01-25 17:25:00,61.6342019916408
2024-01-25 17:30:00,63.08864064534167
2024-01-25 17:35:00,64.82157391942484
2024-01-25 17:40:00,70.36872057313624
2024-01-25 17:45:00,57.26364906631853
2024-01-25 17:50:00,65.09232268395851
2024-01-25 17:55:00,67.49961442677301
2024-01-25 18:00:00,60.24381387716896
2024-01-25 18:05:00,64.7094802549359
2024-01-25 18:10:00,59.17263825816767
2024-01-25 18:15:00,58.73181380845799
2024-01-25 18:20:00,61.83933776525514
2024-01-25 18:25:00,59.867274837007166
2024-01-25 18:30:00,57.908384624079886
2024-01-25 18:35:00,61.534595735547285
2024-01-25 18:40:00,56.85990640433519
2024-01-25 18:45:00,57.02531096912446
2024-01-25 18:50:00,57.35804349013932
2024-01-25 18:55:00,64.88229621786739
2024-01-25 19:00:00,36.3129206053454
2024-01-25 19:05:00,50.77938136834002
2024-01-25 19:10:00,49.334073286089136
2024-01-25 19:15:00,42.47350419233577
2024-01-25 19:20:00,50.43589314583225
2024-01-25 19:25:00,51.09999399661437
2024-01-25 19:30:00,51.55554295471785
2024-01-25 19:35:00,38.58967377710845
2024-01-25 19:40:00,54.662543676706
2024-01-25 19:45:00,46.246039210548886
2024-01-25 19:50:00,51.94325701630096
2024-01-25 19:55:00,52.1612811520174
2024-01-25 20:00:00,39.128192271569446
2024-01-25 20:05:00,45.27682042345282
2024-01-25 20:10:00,41.09300765039718
2024-01-25 20:15:00,34.34947189669399
2024-01-25 20:20:00,47.30594831615773
2024-01-25 20:25:00,39.53480076198166
2024-01-25 20:30:00,39.2170067630944
2024-01-25 20:35:00,41.02271714189973
2024-01-25 20:40:00,43.72392751535617
2024-01-25 20:45:00,42.40589897075821
2024-01-25 20:50:00,44.8272483128753
2024-01-25 20:55:00,37.27702314793199
2024-01-25 21:00:00,37.48834549049541
2024-01-25 21:05:00,39.993902682932216
2024-01-25 21:10:00,48.04944014285317
2024-01-25 21:15:00,40.00264081856332
2024-01-25 21:20:00,44.79878002686488
2024-01-25 21:25:00,40.61211164735562
2024-01-25 21:30:00,38.52325642246808
2024-01-25 21:35:00,39.47099327576059
2024-01-25 21:40:00,39.78421212410283
2024-01-25 21:45:00,42.8724739280613
2024-01-25 21:50:00,45.95633604252457
2024-01-25 21:55:00,41.89661436296363
2024-01-25 22:00:00,44.79657206837271
2024-01-25 22:05:00,36.18910240288695
2024-01-25 22:10:00,38.38973931814957
2024-01-25 22:15:00,37.15105121657503
2024-01-25 22:20:00,41.306039716905104
2024-01-25 22:25:00,38.61242781268804
2024-01-25 22:30:00,42.96735310154247
2024-01-25 22:35:00,36.32425450687592
2024-01-25 22:40:00,40.22038524669082
2024-01-25 22:45:00,42.79569299745472
2024-01-25 22:50:00,31.78705025324325
2024-01-25 22:55:00,48.5347865827265
2024-01-25 23:00:00,38.870477705582665
2024-01-25 23:05:00,31.90292559039748
2024-01-25 23:10:00,40.63546083940931
2024-01-25 23:15:00,40.13685911699477
2024-01-25 23:20:00,39.6755077268122
2024-01-25 23:25:00,43.967849696808834
2024-01-25 23:30:00,42.9928651308104
2024-01-25 23:35:00,41.19459000919755
2024-01-25 23:40:00,41.80370778088876
2024-01-25 23:45:00,39.58565144734983
2024-01-25 23:50:00,47.10504864206237
2024-01-25 23:55:00,34.0863011716711
2024-01-26 00:00:00,40.558610072918825
2024-01-26 00:05:00,40.26010190081036
2024-01-26 00:10:00,43.25312500031361
2024-01-26 00:15:00,36.62458786635564
2024-01-26 00:20:00,33.025312966469095
2024-01-26 00:25:00,40.627295440448016
2024-01-26 00:30:00,41.12492534492966
2024-01-26 00:35:00,45.95840101384584
2024-01-26 00:40:00,34.918555190754894
2024-01-26 00:45:00,44.61877844292212
2024-01-26 00:50:00,49.469660832163726
2024-01-26 00:55:00,38.48894382596533
2024-01-26 01:00:00,34.83637467554887
2024-01-26 01:05:00,38.37224608802829
2024-01-26 01:10:00,40.05616342300729
2024-01-26 01:15:00,42.25529505354943
2024-01-26 01:20:00,37.63456463416958
2024-01-26 01:25:00,46.220937690111136
2024-01-26 01:30:00,35.54201429348952
2024-01-26 01:35:00,33.043322944830564
2024-01-26 01:40:00,44.42698525067104
2024-01-26 01:45:00,30.901659428696966
2024-01-26 01:50:00,39.1836244780309
2024-01-26 01:55:00,52.47086807035396
2024-01-26 02:00:00,39.95552808228287
2024-01-26 02:05:00,35.5206316913376
2024-01-26 02:10:00,39.77411243897542
2024-01-26 02:15:00,39.80049913964447
2024-01-26 02:20:00,40.64630205553506
2024-01-26 02:25:00,42.65275422276108
2024-01-26 02:30:00,35.84725762065164
2024-01-26 02:35:00,46.753894515069774
2024-01-26 02:40:00,40.984159431613065
2024-01-26 02:45:00,42.91087847972981
2024-01-26 02:50:00,37.49110469510003
2024-01-26 02:55:00,45.14923084210473
2024-01-26 03:00:00,39.02970398883457
2024-01-26 03:05:00,41.16812367806096
2024-01-26 03:10:00,36.3254893153384
2024-01-26 03:15:00,36.07018711847832
2024-01-26 03:20:00,42.81073484989836
2024-01-26 03:25:00,38.28348630325728
2024-01-26 03:30:00,36.64262127406932
2024-01-26 03:35:00,37.48518025597871
2024-01-26 03:40:00,42.85372591095651
2024-01-26 03:45:00,37.54176217927238
2024-01-26 03:50:00,39.58729389767817
2024-01-26 03:55:00,40.118024625235215
2024-01-26 04:00:00,32.880073622620834
2024-01-26 04:05:00,34.66496354516796
2024-01-26 04:10:00,41.89458072365228
2024-01-26 04:15:00,37.60135172205124
2024-01-26 04:20:00,44.776368811783705
2024-01-26 04:25:00,44.4166975836642
2024-01-26 04:30:00,43.426143832083774
2024-01-26 04:35:00,47.82855631591242
2024-01-26 04:40:00,40.217111855689296
2024-01-26 04:45:00,43.14499687027738
2024-01-26 04:50:00,38.211865260277904
2024-01-26 04:55:00,50.35894881813692
2024-01-26 05:00:00,51.09651134660002
2024-01-26 05:05:00,43.20949847492711
2024-01-26 05:10:00,44.70832165647671
2024-01-26 05:15:00,48.59916713431517
2024-01-26 05:20:00,42.57341871759952
2024-01-26 05:25:00,40.53548045365712
2024-01-26 05:30:00,46.657935740883474
2024-01-26 05:35:00,43.47573372119062
2024-01-26 05:40:00,43.89395453543698
2024-01-26 05:45:00,39.82489136458408
2024-01-26 05:50:00,36.29128814340236
2024-01-26 05:55:00,44.10654637637234
2024-01-26 06:00:00,54.656231401121886
2024-01-26 06:05:00,50.13315623884092
2024-01-26 06:10:00,56.78210131338056
2024-01-26 06:15:00,48.22071793348291
2024-01-26 06:20:00,46.81756541528141
2024-01-26 06:25:00,50.76746200636056
2024-01-26 06:30:00,50.70601293373993
2024-01-26 06:35:00,54.11625816048598
2024-01-26 06:40:00,47.936531938889146
2024-01-26 06:45:00,56.50876018240468
2024-01-26 06:50:00,58.9040510851781
2024-01-26 06:55:00,50.87980712727172
2024-01-26 07:00:00,68.36286517322662
2024-01-26 07:05:00,59.1380352099883
2024-01-26 07:10:00,67.66490965721701
2024-01-26 07:15:00,67.5531291267272
2024-01-26 07:20:00,66.81777261324886
2024-01-26 07:25:00,63.30177113700817
2024-01-26 07:30:00,51.54702772752122
2024-01-26 07:35:00,60.797114917880826
2024-01-26 07:40:00,60.860359421750935
2024-01-26 07:45:00,59.45100374024744
2024-01-26 07:50:00,63.85299551067761
2024-01-26 07:55:00,61.68816971040441
2024-01-26 08:00:00,66.70155200107061
2024-01-26 08:05:00,65.76479944713942
2024-01-26 08:10:00,67.13794809818978
2024-01-26 08:15:00,74.48599688753042
2024-01-26 08:20:00,67.35589982162072
2024-01-26 08:25:00,67.9402452143976
2024-01-26 08:30:00,68.17320958003772
2024-01-26 08:35:00,71.35597409536838
2024-01-26 08:40:00,71.82499799424482
2024-01-26 08:45:00,57.82137388315805
2024-01-26 08:50:00,74.08654089544113
2024-01-26 08:55:00,75.74547217710571
2024-01-26 09:00:00,59.16328015607483
2024-01-26 09:05:00,59.47483332658217
2024-01-26 09:10:00,61.563012754408426
2024-01-26 09:15:00,60.340010227695096
2024-01-26 09:20:00,64.25973380130795
2024-01-26 09:25:00,55.57792516008605
2024-01-26 09:30:00,58.89231587337456
2024-01-26 09:35:00,69.52081510622114
2024-01-26 09:40:00,59.65114643612944
2024-01-26 09:45:00,68.33773941793321
2024-01-26 09:50:00,64.78537908788206
2024-01-26 09:55:00,56.12695544716848
2024-01-26 10:00:00,53.577819643942895
2024-01-26 10:05:00,50.56583365430666
2024-01-26 10:10:00,49.214634638079104
2024-01-26 10:15:00,52.01633123576609
2024-01-26 10:20:00,52.93503680534524
2024-01-26 10:25:00,53.86687015097655
2024-01-26 10:30:00,55.74951425327008
2024-01-26 10:35:00,52.66904651419149
2024-01-26 10:40:00,45.53396650793263
2024-01-26 10:45:00,49.141921032473306
2024-01-26 10:50:00,62.80869620415256
2024-01-26 10:55:00,53.93446710460498
2024-01-26 11:00:00,52.64221118520409
2024-01-26 11:05:00,48.74679831075485
2024-01-26 11:10:00,44.132270268181095
2024-01-26 11:15:00,44.37069026108257
2024-01-26 11:20:00,43.01874182245072
2024-01-26 11:25:00,36.213843518572105
2024-01-26 11:30:00,43.23725099183101
2024-01-26 11:35:00,48.007760192126895
2024-01-26 11:40:00,40.76650200267329
2024-01-26 11:45:00,44.81287397820534
2024-01-26 11:50:00,46.571426165530895
2024-01-26 11:55:00,39.5263402247082
2024-01-26 12:00:00,38.79251906269306
2024-01-26 12:05:00,36.52608455815909
2024-01-26 12:10:00,37.309068093310096
2024-01-26 12:15:00,35.44730938545548
2024-01-26 12:20:00,36.995936674555615
2024-01-26 12:25:00,46.27555324325908
2024-01-26 12:30:00,36.93582240370655
2024-01-26 12:35:00,41.10356739631048
2024-01-26 12:40:00,38.586255505383896
2024-01-26 12:45:00,45.31319426821548
2024-01-26 12:50:00,45.84237970648218
2024-01-26 12:55:00,44.05401044862351
2024-01-26 13:00:00,41.7403428087162
2024-01-26 13:05:00,39.59156644894159
2024-01-26 13:10:00,35.74830577954018
2024-01-26 13:15:00,48.289920120793965
2024-01-26 13:20:00,37.47711252529497
2024-01-26 13:25:00,43.17038998443655
2024-01-26 13:30:00,44.75406688679877
2024-01-26 13:35:00,38.29468260868386
2024-01-26 13:40:00,44.66785470556903
2024-01-26 13:45:00,43.5726574096606
2024-01-26 13:50:00,47.42765993783224
2024-01-26 13:55:00,38.63841873059834
2024-01-26 14:00:00,37.495226839050346
2024-01-26 14:05:00,40.61672388639116
2024-01-26 14:10:00,43.474097078306535
2024-01-26 14:15:00,42.87153381650944
2024-01-26 14:20:00,41.06493132307101
2024-01-26 14:25:00,35.00189307226024
2024-01-26 14:30:00,44.52061489268564
2024-01-26 14:35:00,50.528060824498006
2024-01-26 14:40:00,44.49568786066122
2024-01-26 14:45:00,45.07522498438326
2024-01-26 14:50:00,44.928464132789614
2024-01-26 14:55:00,44.22686958769881
2024-01-26 15:00:00,52.92379345028021
2024-01-26 15:05:00,50.77862430755049
2024-01-26 15:10:00,47.94642090419472
2024-01-26 15:15:00,46.01317394277281
2024-01-26 15:20:00,48.20123496168512
2024-01-26 15:25:00,50.45364756861049
2024-01-26 15:30:00,47.932797738315934
2024-01-26 15:35:00,50.454484315333545
2024-01-26 15:40:00,50.953730117609496
2024-01-26 15:45:00,52.52984730788855
2024-01-26 15:50:00,54.328309458163744
2024-01-26 15:55:00,49.50915925672326
2024-01-26 16:00:00,54.23891669224973
2024-01-26 16:05:00,58.08960656556361
2024-01-26 16:10:00,59.64627322246677
2024-01-26 16:15:00,52.126947928132005
2024-01-26 16:20:00,65.02468103325029
2024-01-26 16:25:00,60.03953460288224
2024-01-26 16:30:00,60.99543429116151
2024-01-26 16:35:00,64.93212880294543
2024-01-26 16:40:00,56.94945163227098
2024-01-26 16:45:00,61.76619067637649
2024-01-26 16:50:00,59.030566460432624
2024-01-26 16:55:00,58.73367548477669
2024-01-26 17:00:00,61.91123049693932
2024-01-26 17:05:00,71.66241290290294
2024-01-26 17:10:00,63.49799988785456
2024-01-26 17:15:00,67.79785703573964
2024-01-26 17:20:00,57.49997049826909
2024-01-26 17:25:00,69.71995416691598
2024-01-26 17:30:00,69.20884467198508
2024-01-26 17:35:00,65.38973648934605
2024-01-26 17:40:00,64.09223018360514
2024-01-26 17:45:00,66.6000000706111
2024-01-26 17:50:00,74.15516269167799
2024-01-26 17:55:00,57.947053252542894
2024-01-26 18:00:00,62.59812912749828
2024-01-26 18:05:00,55.82355036858616
2024-01-26 18:10:00,59.39034599200284
2024-01-26 18:15:00,58.47849910088711
2024-01-26 18:20:00,57.756746546010746
2024-01-26 18:25:00,59.42815906099085
2024-01-26 18:30:00,54.93333499609061
2024-01-26 18:35:00,63.58674132171364
2024-01-26 18:40:00,52.29344553240737
2024-01-26 18:45:00,61.629077628515134
2024-01-26 18:50:00,58.163876167063485
2024-01-26 18:55:00,54.78632000197195
2024-01-26 19:00:00,50.00651951168303
2024-01-26 19:05:00,42.969181682462334
2024-01-26 19:10:00,49.35584131616679
2024-01-26 19:15:00,43.50547839804203
2024-01-26 19:20:00,51.042074366559575
2024-01-26 19:25:00,45.499556694766746
2024-01-26 19:30:00,47.39300996117101
2024-01-26 19:35:00,50.372783581060894
2024-01-26 19:40:00,46.1068175819193
2024-01-26 19:45:00,48.96513003061504
2024-01-26 19:50:00,43.14166402430883
2024-01-26 19:55:00,51.72048844367287
2024-01-26 20:00:00,49.6946358362497
2024-01-26 20:05:00,53.803816085686464
2024-01-26 20:10:00,42.99965320071237
2024-01-26 20:15:00,45.78779717723536
2024-01-26 20:20:00,35.512477922416664
2024-01-26 20:25:00,48.64591791926897
2024-01-26 20:30:00,45.73989463294304
2024-01-26 20:35:00,40.69924683424168
2024-01-26 20:40:00,47.583703815202654
2024-01-26 20:45:00,41.61707630746525
2024-01-26 20:50:00,40.80287988198839
2024-01-26 20:55:00,44.53632031575658
2024-01-26 21:00:00,36.20447297289708
2024-01-26 21:05:00,44.54439002981815
2024-01-26 21:10:00,36.23393172451098
2024-01-26 21:15:00,36.25767181292561
2024-01-26 21:20:00,36.81913181858501
2024-01-26 21:25:00,43.49589112228284
2024-01-26 21:30:00,37.99078952613952
2024-01-26 21:35:00,35.06590783474967
2024-01-26 21:40:00,38.03517097247516
2024-01-26 21:45:00,40.32972148949641
2024-01-26 21:50:00,35.73400103756081
2024-01-26 21:55:00,35.851166536080974
2024-01-26 22:00:00,48.49344668980403
2024-01-26 22:05:00,36.60599973815015
2024-01-26 22:10:00,38.75609187831367
2024-01-26 22:15:00,38.57931335020855
2024-01-26 22:20:00,38.362834122323925
2024-01-26 22:25:00,42.5336483132821
2024-01-26 22:30:00,43.84083315529389
2024-01-26 22:35:00,38.82444362727932
2024-01-26 22:40:00,35.1023482070363
2024-01-26 22:45:00,45.1460222648013
2024-01-26 22:50:00,39.66689698861896
2024-01-26 22:55:00,46.969548612834366
2024-01-26 23:00:00,31.02074165484152
2024-01-26 23:05:00,40.78469813023545
2024-01-26 23:10:00,47.677510580607
2024-01-26 23:15:00,38.59002870334954
2024-01-26 23:20:00,39.10111155176362
2024-01-26 23:25:00,41.18513201146352
2024-01-26 23:30:00,37.76790196956234
2024-01-26 23:35:00,38.75479751689124
2024-01-26 23:40:00,38.65182486833656
2024-01-26 23:45:00,37.49340230739668
2024-01-26 23:50:00,44.91851144590441
2024-01-26 23:55:00,41.84739737428791
2024-01-27 00:00:00,23.00251478524359
2024-01-27 00:05:00,25.23428588439085
2024-01-27 00:10:00,20.942578524016515
2024-01-27 00:15:00,18.90318658341878
2024-01-27 00:20:00,19.589504638372155
2024-01-27 00:25:00,22.00713402124882
2024-01-27 00:30:00,17.763155023338776
2024-01-27 00:35:00,19.998957790483683
2024-01-27 00:40:00,19.93553528934465
2024-01-27 00:45:00,30.49822677614644
2024-01-27 00:50:00,10.904742097094717
2024-01-27 00:55:00,21.28152297120785
2024-01-27 01:00:00,28.902854125696056
2024-01-27 01:05:00,22.487456810966787
2024-01-27 01:10:00,25.013748848121345
2024-01-27 01:15:00,22.399384214836044
2024-01-27 01:20:00,19.330745429571053
2024-01-27 01:25:00,13.03241521640132
2024-01-27 01:30:00,22.821901702582185
2024-01-27 01:35:00,18.897652536027408
2024-01-27 01:40:00,18.79873732977576
2024-01-27 01:45:00,20.004129930520524
2024-01-27 01:50:00,28.979524580930946
2024-01-27 01:55:00,31.619429123452864
2024-01-27 02:00:00,22.870868011881036
2024-01-27 02:05:00,20.14296736612052
2024-01-27 02:10:00,17.293130591962587
2024-01-27 02:15:00,23.876196907951705
2024-01-27 02:20:00,29.133658662028004
2024-01-27 02:25:00,21.0126747136668
2024-01-27 02:30:00,12.486052098754532
2024-01-27 02:35:00,24.682234949029525
2024-01-27 02:40:00,25.943635107567623
2024-01-27 02:45:00,15.65865370022404
2024-01-27 02:50:00,22.70797299641924
2024-01-27 02:55:00,23.806940326311825
2024-01-27 03:00:00,21.73942328521201
2024-01-27 03:05:00,18.868768816906343
2024-01-27 03:10:00,26.095601387501983
2024-01-27 03:15:00,20.418333509373028
2024-01-27 03:20:00,16.09110784244803
2024-01-27 03:25:00,13.833954550569034
2024-01-27 03:30:00,27.075250573245
2024-01-27 03:35:00,24.49850839913223
2024-01-27 03:40:00,22.383746681764435
2024-01-27 03:45:00,20.270753945844543
2024-01-27 03:50:00,19.91585883643525
2024-01-27 03:55:00,17.728905899481312
2024-01-27 04:00:00,20.57638546342457
2024-01-27 04:05:00,13.821859181183418
2024-01-27 04:10:00,19.357953427790054
2024-01-27 04:15:00,21.058457976259746
2024-01-27 04:20:00,24.741728230425792
2024-01-27 04:25:00,22.14250218817066
2024-01-27 04:30:00,25.48190049716635
2024-01-27 04:35:00,27.698748462117837
2024-01-27 04:40:00,26.534888416960523
2024-01-27 04:45:00,24.184247431178346
2024-01-27 04:50:00,22.349658758387253
2024-01-27 04:55:00,18.37905600800988
2024-01-27 05:00:00,26.69886341078804
2024-01-27 05:05:00,30.458076734156887
2024-01-27 05:10:00,25.107511363872444
2024-01-27 05:15:00,31.40812379897526
2024-01-27 05:20:00,17.636800373026436
2024-01-27 05:25:00,19.12243366615261
2024-01-27 05:30:00,27.15989323626382
2024-01-27 05:35:00,24.79624804588377
2024-01-27 05:40:00,28.994215911558
2024-01-27 05:45:00,23.67720064236381
2024-01-27 05:50:00,20.267185515157443
2024-01-27 05:55:00,22.8847142364506
2024-01-27 06:00:00,21.939274895634867
2024-01-27 06:05:00,23.555648086941662
2024-01-27 06:10:00,31.959786771001845
2024-01-27 06:15:00,31.561160437208244
2024-01-27 06:20:00,29.52202791855411
2024-01-27 06:25:00,21.185700695487924
2024-01-27 06:30:00,26.636396477278247
2024-01-27 06:35:00,23.1700112246896
2024-01-27 06:40:00,32.776143794480866
2024-01-27 06:45:00,25.735122245079395
2024-01-27 06:50:00,23.727019936203604
2024-01-27 06:55:00,28.1891954398155
2024-01-27 07:00:00,32.28959509353069
2024-01-27 07:05:00,40.78518856168397
2024-01-27 07:10:00,31.910969330732375
2024-01-27 07:15:00,29.253299883970616
2024-01-27 07:20:00,26.23855885783908
2024-01-27 07:25:00,34.72706691121548
2024-01-27 07:30:00,32.60249246543744
2024-01-27 07:35:00,29.13459449482223
2024-01-27 07:40:00,39.60711876589228
2024-01-27 07:45:00,37.519193510586106
2024-01-27 07:50:00,34.73734140512022
2024-01-27 07:55:00,40.30751789755261
2024-01-27 08:00:00,41.15014415566634
2024-01-27 08:05:00,35.20857641599816
2024-01-27 08:10:00,34.34311936610882
2024-01-27 08:15:00,41.77192619988733
2024-01-27 08:20:00,40.08546784794129
2024-01-27 08:25:00,39.17899109395454
2024-01-27 08:30:00,35.11400881059626
2024-01-27 08:35:00,40.9317902900949
2024-01-27 08:40:00,35.47800448953609
2024-01-27 08:45:00,38.09205340369718
2024-01-27 08:50:00,44.28777660761981
2024-01-27 08:55:00,35.8566630788313
2024-01-27 09:00:00,28.55825743974539
2024-01-27 09:05:00,30.64002570055639
2024-01-27 09:10:00,38.82740977478733
2024-01-27 09:15:00,35.86913901755767
2024-01-27 09:20:00,34.334704953281815
2024-01-27 09:25:00,32.81383924679055
2024-01-27 09:30:00,36.7916540982496
2024-01-27 09:35:00,31.453795064075937
2024-01-27 09:40:00,36.072876742607214
2024-01-27 09:45:00,31.925196192785005
2024-01-27 09:50:00,31.259576926936617
2024-01-27 09:55:00,32.300264728736785
2024-01-27 10:00:00,26.568446788757093
2024-01-27 10:05:00,27.874757230958128
2024-01-27 10:10:00,29.0118997551374
2024-01-27 10:15:00,13.316615408979164
2024-01-27 10:20:00,24.83947434370588
2024-01-27 10:25:00,26.503796665268784
2024-01-27 10:30:00,34.09032472912626
2024-01-27 10:35:00,23.75006614116441
2024-01-27 10:40:00,28.72126304709259
2024-01-27 10:45:00,34.05019781363629
2024-01-27 10:50:00,22.818202454903847
2024-01-27 10:55:00,29.64597747815055
2024-01-27 11:00:00,20.53169675433888
2024-01-27 11:05:00,21.722249120920026
2024-01-27 11:10:00,20.528340754263706
2024-01-27 11:15:00,20.81335485641342
2024-01-27 11:20:00,34.62843268170293
2024-01-27 11:25:00,27.118607578363623
2024-01-27 11:30:00,28.1477355372218
2024-01-27 11:35:00,25.708758037422943
2024-01-27 11:40:00,17.31575693646913
2024-01-27 11:45:00,25.320615971370188
2024-01-27 11:50:00,28.032502548106347
2024-01-27 11:55:00,20.327186193920515
2024-01-27 12:00:00,26.190058454681758
2024-01-27 12:05:00,25.146096625453563
2024-01-27 12:10:00,29.736911965291927
2024-01-27 12:15:00,20.65761973598277
2024-01-27 12:20:00,17.93830785693434
2024-01-27 12:25:00,20.882239348547067
2024-01-27 12:30:00,28.071035758691743
2024-01-27 12:35:00,15.015128262669396
2024-01-27 12:40:00,14.05524892431312
2024-01-27 12:45:00,22.686332901763706
2024-01-27 12:50:00,20.558394614940624
2024-01-27 12:55:00,22.359663358739983
2024-01-27 13:00:00,26.06493961291131
2024-01-27 13:05:00,20.07341514349244
2024-01-27 13:10:00,14.79166920424537
2024-01-27 13:15:00,30.461618756767628
2024-01-27 13:20:00,18.294779378212745
2024-01-27 13:25:00,18.04754403991946
2024-01-27 13:30:00,26.69857258285824
2024-01-27 13:35:00,20.74573604380178
2024-01-27 13:40:00,22.03013311982861
2024-01-27 13:45:00,24.214853024209123
2024-01-27 13:50:00,26.618024940407835
2024-01-27 13:55:00,20.949849755240763
2024-01-27 14:00:00,29.531083623150263
2024-01-27 14:05:00,14.908076204553844
2024-01-27 14:10:00,26.490424547305373
2024-01-27 14:15:00,20.09316536742244
2024-01-27 14:20:00,28.94036086592503
2024-01-27 14:25:00,24.019453514815247
2024-01-27 14:30:00,20.75965427145546
2024-01-27 14:35:00,26.102639971579595
2024-01-27 14:40:00,27.024028988322076
2024-01-27 14:45:00,26.01885209092762
2024-01-27 14:50:00,19.332490640960824
2024-01-27 14:55:00,21.515207105004727
2024-01-27 15:00:00,27.042129922058567
2024-01-27 15:05:00,26.893382659944063
2024-01-27 15:10:00,30.057403172297697
2024-01-27 15:15:00,18.99881634051788
2024-01-27 15:20:00,28.39572948875832
2024-01-27 15:25:00,25.898495852797748
2024-01-27 15:30:00,23.704418805008498
2024-01-27 15:35:00,24.08847415946591
2024-01-27 15:40:00,26.20027061247245
2024-01-27 15:45:00,12.654080852706237
2024-01-27 15:50:00,24.253262987378108
2024-01-27 15:55:00,23.555161971959134
2024-01-27 16:00:00,34.839645461352696
2024-01-27 16:05:00,29.48640589402012
2024-01-27 16:10:00,31.848057423380244
2024-01-27 16:15:00,38.87761913470741
2024-01-27 16:20:00,36.68591870332389
2024-01-27 16:25:00,36.317598223836015
2024-01-27 16:30:00,30.709022902418795
2024-01-27 16:35:00,34.88064174122081
2024-01-27 16:40:00,31.772921422247823
2024-01-27 16:45:00,31.92413978135445
2024-01-27 16:50:00,34.3472539990484
2024-01-27 16:55:00,30.32053827037847
2024-01-27 17:00:00,41.72201244425908
2024-01-27 17:05:00,35.10947946809451
2024-01-27 17:10:00,38.22344229152492
2024-01-27 17:15:00,41.57240194351545
2024-01-27 17:20:00,39.876615124786966
2024-01-27 17:25:00,30.114323615724164
2024-01-27 17:30:00,37.5295836065258
2024-01-27 17:35:00,39.15287760432885
2024-01-27 17:40:00,39.31745211512926
2024-01-27 17:45:00,31.296820690027737
2024-01-27 17:50:00,33.12185907841697
2024-01-27 17:55:00,39.72823296945275
2024-01-27 18:00:00,29.661469284730387
2024-01-27 18:05:00,31.509726540803715
2024-01-27 18:10:00,39.01201400546885
2024-01-27 18:15:00,32.51731376592181
2024-01-27 18:20:00,29.8014142161256
2024-01-27 18:25:00,29.19804134000935
2024-01-27 18:30:00,34.039388085801725
2024-01-27 18:35:00,27.375918733552137
2024-01-27 18:40:00,31.7191669118753
2024-01-27 18:45:00,34.04143290742106
2024-01-27 18:50:00,37.90511004965164
2024-01-27 18:55:00,35.37870308894095
2024-01-27 19:00:00,24.202081844179823
2024-01-27 19:05:00,31.77201958636342
2024-01-27 19:10:00,25.86028216591863
2024-01-27 19:15:00,22.115530227910902
2024-01-27 19:20:00,26.37017687904665
2024-01-27 19:25:00,32.81101912069135
2024-01-27 19:30:00,27.71930251636824
2024-01-27 19:35:00,27.108429773427684
2024-01-27 19:40:00,33.60718889491995
2024-01-27 19:45:00,21.33292292789083
2024-01-27 19:50:00,21.91594585989745
2024-01-27 19:55:00,20.59495643224121
2024-01-27 20:00:00,24.939832083645864
2024-01-27 20:05:00,24.115211846186146
2024-01-27 20:10:00,29.620184806844748
2024-01-27 20:15:00,24.423139646272723
2024-01-27 20:20:00,21.832610699808438
2024-01-27 20:25:00,23.45641882923807
2024-01-27 20:30:00,23.920069011569478
2024-01-27 20:35:00,16.762194244412974
2024-01-27 20:40:00,34.290565915065216
2024-01-27 20:45:00,25.52872341013329
2024-01-27 20:50:00,24.289272569816
2024-01-27 20:55:00,25.909895274839965
2024-01-27 21:00:00,25.08948395706652
2024-01-27 21:05:00,21.68962609271037
2024-01-27 21:10:00,19.72687548975729
2024-01-27 21:15:00,24.649642780006918
2024-01-27 21:20:00,23.794683396845905
2024-01-27 21:25:00,19.012279638362465
2024-01-27 21:30:00,27.92798248018915
2024-01-27 21:35:00,23.42524818001203
2024-01-27 21:40:00,25.17111748379062
2024-01-27 21:45:00,27.81952358543977
2024-01-27 21:50:00,22.339395319379435
2024-01-27 21:55:00,23.51964806265656
2024-01-27 22:00:00,25.2666526983976
2024-01-27 22:05:00,19.127099409172924
2024-01-27 22:10:00,22.24275039575713
2024-01-27 22:15:00,22.52873809097773
2024-01-27 22:20:00,18.202309537639557
2024-01-27 22:25:00,31.29709089906865
2024-01-27 22:30:00,16.397369970403524
2024-01-27 22:35:00,16.834128129624503
2024-01-27 22:40:00,27.28345004718745
2024-01-27 22:45:00,24.879608747559303
2024-01-27 22:50:00,17.922684474450023
2024-01-27 22:55:00,24.455699804779904
2024-01-27 23:00:00,27.873098664795435
2024-01-27 23:05:00,21.88064465441825
2024-01-27 23:10:00,32.39698848510453
2024-01-27 23:15:00,15.105449641334054
2024-01-27 23:20:00,24.776990700242607
2024-01-27 23:25:00,26.66781022969021
2024-01-27 23:30:00,25.567072491227183
2024-01-27 23:35:00,21.184273978223604
2024-01-27 23:40:00,20.8399309567616
2024-01-27 23:45:00,23.778277569155225
2024-01-27 23:50:00,25.264714831414476
2024-01-27 23:55:00,24.41159062993565
2024-01-28 00:00:00,26.16023342000394
2024-01-28 00:05:00,17.924522028563445
2024-01-28 00:10:00,21.088917940335847
2024-01-28 00:15:00,18.239938128335368
2024-01-28 00:20:00,20.455550752485816
2024-01-28 00:25:00,26.060885424087605
2024-01-28 00:30:00,22.431937539731297
2024-01-28 00:35:00,32.427438509429464
2024-01-28 00:40:00,22.773627325589253
2024-01-28 00:45:00,22.23876937914933
2024-01-28 00:50:00,22.424733534591248
2024-01-28 00:55:00,19.44876708539064
2024-01-28 01:00:00,21.7687325049266
2024-01-28 01:05:00,26.51123106288356
2024-01-28 01:10:00,22.45596162694806
2024-01-28 01:15:00,18.826240034903087
2024-01-28 01:20:00,18.29974047252243
2024-01-28 01:25:00,20.1992713877736
2024-01-28 01:30:00,22.29553269208049
2024-01-28 01:35:00,26.77442509634202
2024-01-28 01:40:00,16.638124388971224
2024-01-28 01:45:00,20.720773842881947
2024-01-28 01:50:00,22.57731903217729
2024-01-28 01:55:00,14.665255883919231
2024-01-28 02:00:00,18.667643129901805
2024-01-28 02:05:00,19.282482102822684
2024-01-28 02:10:00,18.818154766365435
2024-01-28 02:15:00,22.769594441854014
2024-01-28 02:20:00,21.35979782376024
2024-01-28 02:25:00,19.78089185136329
2024-01-28 02:30:00,23.713886767977968
2024-01-28 02:35:00,28.894335132352428
2024-01-28 02:40:00,28.55906232873444
2024-01-28 02:45:00,14.310949173518084
2024-01-28 02:50:00,24.310324997107987
2024-01-28 02:55:00,21.28994310151208
2024-01-28 03:00:00,22.652473864709183
2024-01-28 03:05:00,20.438720359077564
2024-01-28 03:10:00,22.502207012796568
2024-01-28 03:15:00,22.637482077535832
2024-01-28 03:20:00,19.716045463852065
2024-01-28 03:25:00,18.44638230194704
2024-01-28 03:30:00,20.23706976276982
2024-01-28 03:35:00,22.96888955107482
2024-01-28 03:40:00,24.42783785998481
2024-01-28 03:45:00,25.445248402608343
2024-01-28 03:50:00,20.055092400980108
2024-01-28 03:55:00,23.167230762458704
2024-01-28 04:00:00,26.15221840947731
2024-01-28 04:05:00,26.96458762224063
2024-01-28 04:10:00,22.066876625138026
2024-01-28 04:15:00,21.418481141905666
2024-01-28 04:20:00,23.066704977009685
2024-01-28 04:25:00,17.703378150074492
2024-01-28 04:30:00,21.52776999752208
2024-01-28 04:35:00,25.28055363555664
2024-01-28 04:40:00,24.86999655943892
2024-01-28 04:45:00,21.22113762420856
2024-01-28 04:50:00,23.173080846012784
2024-01-28 04:55:00,19.003606680501367
2024-01-28 05:00:00,26.55305579817087
2024-01-28 05:05:00,23.42780146072488
2024-01-28 05:10:00,22.635281398486217
2024-01-28 05:15:00,22.292191860897223
2024-01-28 05:20:00,23.487511737671337
2024-01-28 05:25:00,21.947576625542936
2024-01-28 05:30:00,26.371659349281025
2024-01-28 05:35:00,22.157953013206047
2024-01-28 05:40:00,30.11094358938029
2024-01-28 05:45:00,29.59992921919629
2024-01-28 05:50:00,20.17291324585275
2024-01-28 05:55:00,24.01790428298789
2024-01-28 06:00:00,25.467384293985024
2024-01-28 06:05:00,26.76342052657536
2024-01-28 06:10:00,36.07972064990899
2024-01-28 06:15:00,26.83972511086661
2024-01-28 06:20:00,29.51091492763952
2024-01-28 06:25:00,30.235295955362915
2024-01-28 06:30:00,24.06749328939684
2024-01-28 06:35:00,24.649628881692983
2024-01-28 06:40:00,23.24592129369733
2024-01-28 06:45:00,24.526127843738696
2024-01-28 06:50:00,16.669890342061073
2024-01-28 06:55:00,30.248340382504317
2024-01-28 07:00:00,43.066988285893416
2024-01-28 07:05:00,35.44149587701525
2024-01-28 07:10:00,29.18513748350671
2024-01-28 07:15:00,32.27910738926935
2024-01-28 07:20:00,33.01470554076915
2024-01-28 07:25:00,30.77987381201564
2024-01-28 07:30:00,38.29094347444977
2024-01-28 07:35:00,38.09125309837047
2024-01-28 07:40:00,30.2284057455985
2024-01-28 07:45:00,37.75053709865917
2024-01-28 07:50:00,40.9574635751782
2024-01-28 07:55:00,42.46044574178738
2024-01-28 08:00:00,49.96084811441574
2024-01-28 08:05:00,34.892029424299096
2024-01-28 08:10:00,49.7968817276527
2024-01-28 08:15:00,37.08317446803673
2024-01-28 08:20:00,36.13013820054983
2024-01-28 08:25:00,39.80828952158327
2024-01-28 08:30:00,36.17175468569984
2024-01-28 08:35:00,40.09617658465799
2024-01-28 08:40:00,33.219691271122684
2024-01-28 08:45:00,37.54498961381815
2024-01-28 08:50:00,43.64232895951861
2024-01-28 08:55:00,38.27175485634727
2024-01-28 09:00:00,35.41659761499636
2024-01-28 09:05:00,36.75124888690608
2024-01-28 09:10:00,39.53286098530747
2024-01-28 09:15:00,28.2293156192791
2024-01-28 09:20:00,37.18831067538657
2024-01-28 09:25:00,33.77765791106978
2024-01-28 09:30:00,35.516766049284186
2024-01-28 09:35:00,39.09001514708633
2024-01-28 09:40:00,30.073467862389457
2024-01-28 09:45:00,30.799636702264472
2024-01-28 09:50:00,27.108494629181607
2024-01-28 09:55:00,32.653578700981726
2024-01-28 10:00:00,33.39180595220821
2024-01-28 10:05:00,27.587727820799063
2024-01-28 10:10:00,22.7095769920738
2024-01-28 10:15:00,26.127361596392756
2024-01-28 10:20:00,22.11862976073045
2024-01-28 10:25:00,23.56933216776829
2024-01-28 10:30:00,29.625352215747792
2024-01-28 10:35:00,23.374583269468825
2024-01-28 10:40:00,32.52061379550615
2024-01-28 10:45:00,27.785595411371595
2024-01-28 10:50:00,28.41245539047104
2024-01-28 10:55:00,26.956584704261363
2024-01-28 11:00:00,26.832175444251853
2024-01-28 11:05:00,26.873423641185003
2024-01-28 11:10:00,25.081001497725648
2024-01-28 11:15:00,25.999940513707557
2024-01-28 11:20:00,22.89242541039526
2024-01-28 11:25:00,25.909596117713157
2024-01-28 11:30:00,22.38927298818173
2024-01-28 11:35:00,23.749710578726567
2024-01-28 11:40:00,22.64220909261177
2024-01-28 11:45:00,21.911909932800175
2024-01-28 11:50:00,20.9843368991898
2024-01-28 11:55:00,25.6115445055125
2024-01-28 12:00:00,27.571175437291103
2024-01-28 12:05:00,27.013159672715485
2024-01-28 12:10:00,17.302490442255507
2024-01-28 12:15:00,27.48556399166474
2024-01-28 12:20:00,21.056117779565533
2024-01-28 12:25:00,24.73168384661961
2024-01-28 12:30:00,18.7038904578484
2024-01-28 12:35:00,22.896671441533268
2024-01-28 12:40:00,23.58364451762488
2024-01-28 12:45:00,16.390332618358638
2024-01-28 12:50:00,24.761820451414007
2024-01-28 12:55:00,27.712491817390507
2024-01-28 13:00:00,21.585100745241338
2024-01-28 13:05:00,27.724365051279904
2024-01-28 13:10:00,21.52491855415822
2024-01-28 13:15:00,25.68203065215432
2024-01-28 13:20:00,13.409412664163453
2024-01-28 13:25:00,31.958803645221707
2024-01-28 13:30:00,28.26552550893968
2024-01-28 13:35:00,21.14519051095313
2024-01-28 13:40:00,14.395336421392578
2024-01-28 13:45:00,23.435806001189807
2024-01-28 13:50:00,16.507990339672823
2024-01-28 13:55:00,24.063106678197805
2024-01-28 14:00:00,25.097538476150195
2024-01-28 14:05:00,19.68566292348497
2024-01-28 14:10:00,27.93514369395057
2024-01-28 14:15:00,26.67357441071776
2024-01-28 14:20:00,27.35456894864732
2024-01-28 14:25:00,23.486706414168648
2024-01-28 14:30:00,17.78917933183824
2024-01-28 14:35:00,27.362764688337617
2024-01-28 14:40:00,22.3697900029499
2024-01-28 14:45:00,17.89215502672239
2024-01-28 14:50:00,28.85943306339037
2024-01-28 14:55:00,31.848905681503105
2024-01-28 15:00:00,26.893428754627497
2024-01-28 15:05:00,35.69490588895748
2024-01-28 15:10:00,27.423680184989703
2024-01-28 15:15:00,25.536597653878903
2024-01-28 15:20:00,24.5365874538024
2024-01-28 15:25:00,33.60675090251528
2024-01-28 15:30:00,23.937845744993226
2024-01-28 15:35:00,29.99949851044426
2024-01-28 15:40:00,24.821765930307475
2024-01-28 15:45:00,25.217194220246856
2024-01-28 15:50:00,31.17942004642257
2024-01-28 15:55:00,25.538273885386893
2024-01-28 16:00:00,31.089331106381028
2024-01-28 16:05:00,37.23973141276143
2024-01-28 16:10:00,39.0981017969487
2024-01-28 16:15:00,35.287271837199135
2024-01-28 16:20:00,30.08943352156641
2024-01-28 16:25:00,30.666078626871883
2024-01-28 16:30:00,33.02817367902235
2024-01-28 16:35:00,33.992232871764834
2024-01-28 16:40:00,28.757048983503115
2024-01-28 16:45:00,35.60066438238166
2024-01-28 16:50:00,33.0505659426206
2024-01-28 16:55:00,25.845679349509684
2024-01-28 17:00:00,32.03429409664334
2024-01-28 17:05:00,33.733485331879606
2024-01-28 17:10:00,35.458569271122045
2024-01-28 17:15:00,43.307115208502246
2024-01-28 17:20:00,36.70268525104478
2024-01-28 17:25:00,32.386912466891765
2024-01-28 17:30:00,36.632523243714914
2024-01-28 17:35:00,34.34164903667074
2024-01-28 17:40:00,37.04903298462043
2024-01-28 17:45:00,38.07227077462872
2024-01-28 17:50:00,40.586922615382015
2024-01-28 17:55:00,35.65285404380616
2024-01-28 18:00:00,39.264352877860304
2024-01-28 18:05:00,36.34060141760574
2024-01-28 18:10:00,29.87875258821222
2024-01-28 18:15:00,41.547933430454826
2024-01-28 18:20:00,34.01648882054136
2024-01-28 18:25:00,29.36801275157203
2024-01-28 18:30:00,39.32016297238266
2024-01-28 18:35:00,41.01962110825475
2024-01-28 18:40:00,32.57640971258273
2024-01-28 18:45:00,30.693909725958587
2024-01-28 18:50:00,32.01901093764632
2024-01-28 18:55:00,35.56743767753177
2024-01-28 19:00:00,32.1697689362306
2024-01-28 19:05:00,29.340291639562835
2024-01-28 19:10:00,27.465235149995618
2024-01-28 19:15:00,33.05038939732625
2024-01-28 19:20:00,25.80699642390245
2024-01-28 19:25:00,31.182019669576167
2024-01-28 19:30:00,25.906091122703423
2024-01-28 19:35:00,28.782434148152117
2024-01-28 19:40:00,26.604092056946733
2024-01-28 19:45:00,26.834933585497296
2024-01-28 19:50:00,25.548796246259705
2024-01-28 19:55:00,32.43775844083132
2024-01-28 20:00:00,20.517535185291504
2024-01-28 20:05:00,20.48831032753081
2024-01-28 20:10:00,31.933213601106083
2024-01-28 20:15:00,27.360629596342967
2024-01-28 20:20:00,13.908784542953498
2024-01-28 20:25:00,21.18820438088403
2024-01-28 20:30:00,16.201281987477426
2024-01-28 20:35:00,19.646476564064624
2024-01-28 20:40:00,10.895180672789484
2024-01-28 20:45:00,22.901281026949874
2024-01-28 20:50:00,18.8814720610804
2024-01-28 20:55:00,23.688860364911395
2024-01-28 21:00:00,15.751354999189996
2024-01-28 21:05:00,22.583487447408256
2024-01-28 21:10:00,20.592174922238787
2024-01-28 21:15:00,28.25965189547448
2024-01-28 21:20:00,27.897267481702595
2024-01-28 21:25:00,25.39322244676123
2024-01-28 21:30:00,20.945384912075248
2024-01-28 21:35:00,30.19336161576127
2024-01-28 21:40:00,16.039698923360813
2024-01-28 21:45:00,16.637605516465445
2024-01-28 21:50:00,21.91670763516384
2024-01-28 21:55:00,31.26799247040457
2024-01-28 22:00:00,21.217188116892785
2024-01-28 22:05:00,21.293562771536003
2024-01-28 22:10:00,16.258902319925895
2024-01-28 22:15:00,25.81026208545465
2024-01-28 22:20:00,25.83924876169055
2024-01-28 22:25:00,25.18284454997277
2024-01-28 22:30:00,19.50966105298368
2024-01-28 22:35:00,19.19971667088111
2024-01-28 22:40:00,16.85405474275325
2024-01-28 22:45:00,22.362033751416867
2024-01-28 22:50:00,17.704914427259126
2024-01-28 22:55:00,17.316877723375978
2024-01-28 23:00:00,20.30693401716349
2024-01-28 23:05:00,20.045072184069333
2024-01-28 23:10:00,19.849782769518377
2024-01-28 23:15:00,23.86747527216724
2024-01-28 23:20:00,22.31788809340732
2024-01-28 23:25:00,20.849072762761725
2024-01-28 23:30:00,22.733748598052124
2024-01-28 23:35:00,18.03558872038767
2024-01-28 23:40:00,22.42281138044491
2024-01-28 23:45:00,22.60410685618473
2024-01-28 23:50:00,15.989509447376276
2024-01-28 23:55:00,25.984471902287645
2024-01-29 00:00:00,36.474268555147255
2024-01-29 00:05:00,40.36124257288098
2024-01-29 00:10:00,44.65765033819632
2024-01-29 00:15:00,43.70271040691072
2024-01-29 00:20:00,40.13733693033058
2024-01-29 00:25:00,38.55000736452696
2024-01-29 00:30:00,43.79005101035751
2024-01-29 00:35:00,42.69878328728972
2024-01-29 00:40:00,37.52654329587872
2024-01-29 00:45:00,36.82042878804848
2024-01-29 00:50:00,31.710582649271245
2024-01-29 00:55:00,40.61613074278959
2024-01-29 01:00:00,39.66935257344817
2024-01-29 01:05:00,44.54490905209194
2024-01-29 01:10:00,41.43636392744323
2024-01-29 01:15:00,45.33706033021253
2024-01-29 01:20:00,37.21068664185708
2024-01-29 01:25:00,44.55274487739224
2024-01-29 01:30:00,37.88447803710314
2024-01-29 01:35:00,43.11052780069085
2024-01-29 01:40:00,34.16510998339899
2024-01-29 01:45:00,40.94068475098652
2024-01-29 01:50:00,32.061391787738124
2024-01-29 01:55:00,38.93159360975475
2024-01-29 02:00:00,41.76511826963425
2024-01-29 02:05:00,37.91982808919821
2024-01-29 02:10:00,35.80195177909873
2024-01-29 02:15:00,43.388176171306334
2024-01-29 02:20:00,39.5898511347349
2024-01-29 02:25:00,38.04541970599991
2024-01-29 02:30:00,40.1712859787397
2024-01-29 02:35:00,50.55037886190495
2024-01-29 02:40:00,44.61771369324877
2024-01-29 02:45:00,44.65399696687396
2024-01-29 02:50:00,41.74588757009205
2024-01-29 02:55:00,40.66964338443118
2024-01-29 03:00:00,30.473584470765164
2024-01-29 03:05:00,37.3419922382343
2024-01-29 03:10:00,38.13561597127693
2024-01-29 03:15:00,32.5583453678967
2024-01-29 03:20:00,35.4282504632251
2024-01-29 03:25:00,32.13456774039629
2024-01-29 03:30:00,39.90461828129734
2024-01-29 03:35:00,43.33297750748209
2024-01-29 03:40:00,44.48501169858415
2024-01-29 03:45:00,41.7170514724038
2024-01-29 03:50:00,36.20432825929255
2024-01-29 03:55:00,32.32965299000699
2024-01-29 04:00:00,33.52199436905602
2024-01-29 04:05:00,35.47353885764404
2024-01-29 04:10:00,36.994030374519326
2024-01-29 04:15:00,39.91047517469568
2024-01-29 04:20:00,36.49281229415416
2024-01-29 04:25:00,41.90537274133507
2024-01-29 04:30:00,39.62037515546414
2024-01-29 04:35:00,40.59165201362613
2024-01-29 04:40:00,45.11047137734685
2024-01-29 04:45:00,35.828542229860545
2024-01-29 04:50:00,42.2242874798315
2024-01-29 04:55:00,40.49357625275773
2024-01-29 05:00:00,41.82803161297716
2024-01-29 05:05:00,46.70300202031978
2024-01-29 05:10:00,46.67803335508397
2024-01-29 05:15:00,39.37601355290223
2024-01-29 05:20:00,42.43333440142425
2024-01-29 05:25:00,44.2868234671922
2024-01-29 05:30:00,42.0699497447656
2024-01-29 05:35:00,45.502062066007134
2024-01-29 05:40:00,44.28674480849704
2024-01-29 05:45:00,50.49222169827999
2024-01-29 05:50:00,37.0408601931368
2024-01-29 05:55:00,42.67223277786635
2024-01-29 06:00:00,47.40237318909632
2024-01-29 06:05:00,53.45281305690126
2024-01-29 06:10:00,44.56769567496291
2024-01-29 06:15:00,52.42163407604463
2024-01-29 06:20:00,48.516189509751726
2024-01-29 06:25:00,48.09973577066104
2024-01-29 06:30:00,45.25039042098234
2024-01-29 06:35:00,49.17607945034106
2024-01-29 06:40:00,55.37438535630879
2024-01-29 06:45:00,50.93562850102717
2024-01-29 06:50:00,53.547104906642986
2024-01-29 06:55:00,57.69495052301019
2024-01-29 07:00:00,64.41904583177964
2024-01-29 07:05:00,61.12882520423998
2024-01-29 07:10:00,65.23303235322051
2024-01-29 07:15:00,61.18683890723218
2024-01-29 07:20:00,61.346332759300665
2024-01-29 07:25:00,57.284452294013406
2024-01-29 07:30:00,67.06905345682691
2024-01-29 07:35:00,61.82001318989159
2024-01-29 07:40:00,64.0924164757528
2024-01-29 07:45:00,59.22017577806279
2024-01-29 07:50:00,65.10781401135124
2024-01-29 07:55:00,60.31625853994901
2024-01-29 08:00:00,69.4331651533234
2024-01-29 08:05:00,73.51130416508721
2024-01-29 08:10:00,73.16303728906082
2024-01-29 08:15:00,69.91187975006294
2024-01-29 08:20:00,62.92747590930383
2024-01-29 08:25:00,81.97124232037326
2024-01-29 08:30:00,76.98343592122325
2024-01-29 08:35:00,72.89069933968389
2024-01-29 08:40:00,66.98718491376681
2024-01-29 08:45:00,69.54563139332284
2024-01-29 08:50:00,67.82631832102463
2024-01-29 08:55:00,75.05542379651625
2024-01-29 09:00:00,64.41403786892884
2024-01-29 09:05:00,60.22737087208218
2024-01-29 09:10:00,61.48100590902239
2024-01-29 09:15:00,67.84877887580113
2024-01-29 09:20:00,69.76441769280342
2024-01-29 09:25:00,69.4773525594665
2024-01-29 09:30:00,66.39215456573743
2024-01-29 09:35:00,62.35352683031097
2024-01-29 09:40:00,50.39797100420503
2024-01-29 09:45:00,64.5526664007544
2024-01-29 09:50:00,63.35671127014511
2024-01-29 09:55:00,63.92395469080693
2024-01-29 10:00:00,51.2520922512109
2024-01-29 10:05:00,45.731454215281445
2024-01-29 10:10:00,53.266137090482815
2024-01-29 10:15:00,53.56536811920547
2024-01-29 10:20:00,53.76585799131671
2024-01-29 10:25:00,54.822810877371616
2024-01-29 10:30:00,53.452709442764565
2024-01-29 10:35:00,49.396385216922425
2024-01-29 10:40:00,50.753155471413706
2024-01-29 10:45:00,51.40100233209158
2024-01-29 10:50:00,51.46730065950455
2024-01-29 10:55:00,55.029373486964985
2024-01-29 11:00:00,45.73973699404807
2024-01-29 11:05:00,51.47443574023792
2024-01-29 11:10:00,51.99093790149679
2024-01-29 11:15:00,43.48366031241381
2024-01-29 11:20:00,27.818439788120628
2024-01-29 11:25:00,48.11239184646717
2024-01-29 11:30:00,41.00355662600989
2024-01-29 11:35:00,39.95912629463408
2024-01-29 11:40:00,41.57128088200064
2024-01-29 11:45:00,41.37848979469968
2024-01-29 11:50:00,45.61414122237967
2024-01-29 11:55:00,36.9273188654532
2024-01-29 12:00:00,36.28684753690131
2024-01-29 12:05:00,41.97036473685738
2024-01-29 12:10:00,43.08950664172095
2024-01-29 12:15:00,43.16389709981177
2024-01-29 12:20:00,37.44958540433453
2024-01-29 12:25:00,36.68466792300276
2024-01-29 12:30:00,38.571191184916046
2024-01-29 12:35:00,41.55722152920662
2024-01-29 12:40:00,46.53963999715792
2024-01-29 12:45:00,32.40798177698472
2024-01-29 12:50:00,39.71481549223425
2024-01-29 12:55:00,35.26701675596691
2024-01-29 13:00:00,33.90683388689122
2024-01-29 13:05:00,44.38363117768445
2024-01-29 13:10:00,42.69430289430254
2024-01-29 13:15:00,42.31353866009423
2024-01-29 13:20:00,44.19990795522915
2024-01-29 13:25:00,38.59692900924064
2024-01-29 13:30:00,38.785254530971066
2024-01-29 13:35:00,49.25872706319548
2024-01-29 13:40:00,39.52952037926688
2024-01-29 13:45:00,43.45633304852154
2024-01-29 13:50:00,40.54133076015844
2024-01-29 13:55:00,33.12277047599152
2024-01-29 14:00:00,34.46016689296414
2024-01-29 14:05:00,40.32274602840959
2024-01-29 14:10:00,46.86308791484917
2024-01-29 14:15:00,45.79184953471322
2024-01-29 14:20:00,46.29499156506535
2024-01-29 14:25:00,38.690498192423945
2024-01-29 14:30:00,49.102172868658464
2024-01-29 14:35:00,38.77910970742367
2024-01-29 14:40:00,43.489980502849086
2024-01-29 14:45:00,42.59727374853826
2024-01-29 14:50:00,41.94318762691086
2024-01-29 14:55:00,47.993051461351634
2024-01-29 15:00:00,46.37668750214398
2024-01-29 15:05:00,43.79870855996011
2024-01-29 15:10:00,49.2771115276335
2024-01-29 15:15:00,47.59782264566172
2024-01-29 15:20:00,62.70666125913841
2024-01-29 15:25:00,51.90315948856773
2024-01-29 15:30:00,47.559767281933325
2024-01-29 15:35:00,44.97268330605948
2024-01-29 15:40:00,41.67597594053269
2024-01-29 15:45:00,45.09625323985809
2024-01-29 15:50:00,49.65689666984435
2024-01-29 15:55:00,54.9064441891869
2024-01-29 16:00:00,63.95677952239204
2024-01-29 16:05:00,60.38640227942589
2024-01-29 16:10:00,58.17735229003043
2024-01-29 16:15:00,60.54527237848898
2024-01-29 16:20:00,57.39547096290206
2024-01-29 16:25:00,66.34347893589587
2024-01-29 16:30:00,58.713262227740046
2024-01-29 16:35:00,59.12467151985346
2024-01-29 16:40:00,50.60673325275769
2024-01-29 16:45:00,58.68828356674931
2024-01-29 16:50:00,62.81595950470013
2024-01-29 16:55:00,55.19913264468619
2024-01-29 17:00:00,61.99711871018558
2024-01-29 17:05:00,68.1708441190915
2024-01-29 17:10:00,59.09337115408462
2024-01-29 17:15:00,69.23120407832451
2024-01-29 17:20:00,62.87142448746442
2024-01-29 17:25:00,63.44572716619202
2024-01-29 17:30:00,60.504486427654456
2024-01-29 17:35:00,66.51218508986837
2024-01-29 17:40:00,74.83948798827436
2024-01-29 17:45:00,68.12598900599936
2024-01-29 17:50:00,61.54285900039469
2024-01-29 17:55:00,69.54248239012274
2024-01-29 18:00:00,58.20330139346477
2024-01-29 18:05:00,64.96795950291201
2024-01-29 18:10:00,62.69672518585922
2024-01-29 18:15:00,47.69745331531483
2024-01-29 18:20:00,55.453701045381656
2024-01-29 18:25:00,63.24756046854333
2024-01-29 18:30:00,60.07664866578184
2024-01-29 18:35:00,55.37499578637036
2024-01-29 18:40:00,56.93566151522651
2024-01-29 18:45:00,51.845073096844246
2024-01-29 18:50:00,59.11652642709618
2024-01-29 18:55:00,68.31277848126483
2024-01-29 19:00:00,52.41671959221755
2024-01-29 19:05:00,57.95865403404194
2024-01-29 19:10:00,52.72657438844817
2024-01-29 19:15:00,53.30690340269901
2024-01-29 19:20:00,57.09330078026834
2024-01-29 19:25:00,50.70603906665716
2024-01-29 19:30:00,48.44807674326073
2024-01-29 19:35:00,53.32761609577629
2024-01-29 19:40:00,55.012346977775785
2024-01-29 19:45:00,47.27712745843941
2024-01-29 19:50:00,46.31070969992813
2024-01-29 19:55:00,49.75241015901177
2024-01-29 20:00:00,45.96097608177327
2024-01-29 20:05:00,45.827344808692864
2024-01-29 20:10:00,36.93831021329622
2024-01-29 20:15:00,50.2814048822999
2024-01-29 20:20:00,40.070320896459215
2024-01-29 20:25:00,41.5747206264923
2024-01-29 20:30:00,39.02436317409534
2024-01-29 20:35:00,53.42829595779497
2024-01-29 20:40:00,43.60326329519849
2024-01-29 20:45:00,39.23108029132036
2024-01-29 20:50:00,46.0906748138964
2024-01-29 20:55:00,45.71152373128675
2024-01-29 21:00:00,39.70698287789882
2024-01-29 21:05:00,43.820317823351886
2024-01-29 21:10:00,37.156723128894896
2024-01-29 21:15:00,38.48621787242134
2024-01-29 21:20:00,32.4170243539541
2024-01-29 21:25:00,35.1620866353401
2024-01-29 21:30:00,47.68841419490109
2024-01-29 21:35:00,47.02360548310761
2024-01-29 21:40:00,40.721045566814205
2024-01-29 21:45:00,47.1096167609777
2024-01-29 21:50:00,39.81759302578513
2024-01-29 21:55:00,39.48424976194672
2024-01-29 22:00:00,40.27430394726792
2024-01-29 22:05:00,39.54857497211143
2024-01-29 22:10:00,39.18747605916497
2024-01-29 22:15:00,44.6218537820039
2024-01-29 22:20:00,40.64880396923051
2024-01-29 22:25:00,42.89818841114091
2024-01-29 22:30:00,44.17378345451502
2024-01-29 22:35:00,41.60100453602463
2024-01-29 22:40:00,36.167176049772735
2024-01-29 22:45:00,34.636797797549534
2024-01-29 22:50:00,40.64338389263492
2024-01-29 22:55:00,39.363236134105954
2024-01-29 23:00:00,40.352650960782654
2024-01-29 23:05:00,39.93886908810782
2024-01-29 23:10:00,50.33737988576844
2024-01-29 23:15:00,34.682180222536815
2024-01-29 23:20:00,32.04330016581767
2024-01-29 23:25:00,41.332592579180606
2024-01-29 23:30:00,38.49739502674939
2024-01-29 23:35:00,41.26735672402197
2024-01-29 23:40:00,42.33861733423817
2024-01-29 23:45:00,45.13950402581776
2024-01-29 23:50:00,33.974181963566416
2024-01-29 23:55:00,37.77621365367352
2024-01-30 00:00:00,41.71504841157829
2024-01-30 00:05:00,43.08185775880415
2024-01-30 00:10:00,48.77380157720879
2024-01-30 00:15:00,43.82281926051071
2024-01-30 00:20:00,39.77284899251013
2024-01-30 00:25:00,36.4382603642846
2024-01-30 00:30:00,37.74284396517916
2024-01-30 00:35:00,37.629192084226815
2024-01-30 00:40:00,42.62093789011029
2024-01-30 00:45:00,41.02799315839856
2024-01-30 00:50:00,34.705405092686526
2024-01-30 00:55:00,38.25639749969351
2024-01-30 01:00:00,43.51033376732745
2024-01-30 01:05:00,41.406792973418
2024-01-30 01:10:00,42.27472201757285
2024-01-30 01:15:00,41.531830393750816
2024-01-30 01:20:00,46.50586649195721
2024-01-30 01:25:00,40.94431580881925
2024-01-30 01:30:00,38.456052362038974
2024-01-30 01:35:00,36.33712338898752
2024-01-30 01:40:00,40.99858138636061
2024-01-30 01:45:00,30.23732749442143
2024-01-30 01:50:00,39.26298754619092
2024-01-30 01:55:00,39.17678411383639
2024-01-30 02:00:00,34.545818879653474
2024-01-30 02:05:00,36.29063893949861
2024-01-30 02:10:00,43.24233241471556
2024-01-30 02:15:00,40.92654929042245
2024-01-30 02:20:00,40.41085562895191
2024-01-30 02:25:00,41.22909242985069
2024-01-30 02:30:00,40.37421264591829
2024-01-30 02:35:00,44.97515254555586
2024-01-30 02:40:00,40.4974190209372
2024-01-30 02:45:00,34.170849838847595
2024-01-30 02:50:00,46.52422215362024
2024-01-30 02:55:00,41.48506336343798
2024-01-30 03:00:00,37.70089870090656
2024-01-30 03:05:00,35.04430675090676
2024-01-30 03:10:00,41.64157050791901
2024-01-30 03:15:00,39.58922560418933
2024-01-30 03:20:00,46.35450076821647
2024-01-30 03:25:00,38.67428450141952
2024-01-30 03:30:00,36.70839046535696
2024-01-30 03:35:00,43.64109849703054
2024-01-30 03:40:00,43.75904119495416
2024-01-30 03:45:00,40.73251909452761
2024-01-30 03:50:00,42.76334181478647
2024-01-30 03:55:00,39.90716514111788
2024-01-30 04:00:00,41.484929570699016
2024-01-30 04:05:00,45.20943269691772
2024-01-30 04:10:00,43.05074250274805
2024-01-30 04:15:00,39.87237141333153
2024-01-30 04:20:00,45.95891935036663
2024-01-30 04:25:00,31.09004767549598
2024-01-30 04:30:00,48.75776241234977
2024-01-30 04:35:00,33.72563278709909
2024-01-30 04:40:00,38.04109786757285
2024-01-30 04:45:00,40.38579902588175
2024-01-30 04:50:00,39.96354648374938
2024-01-30 04:55:00,44.575113326768246
2024-01-30 05:00:00,38.930630262415
2024-01-30 05:05:00,44.20504400678819
2024-01-30 05:10:00,40.84912834397692
2024-01-30 05:15:00,44.34254065420561
2024-01-30 05:20:00,42.90288769766443
2024-01-30 05:25:00,43.533719347587855
2024-01-30 05:30:00,40.96227740699856
2024-01-30 05:35:00,41.12172093647161
2024-01-30 05:40:00,44.31106679296565
2024-01-30 05:45:00,46.93683875988012
2024-01-30 05:50:00,40.76885940006455
2024-01-30 05:55:00,39.6869065585643
2024-01-30 06:00:00,53.49022389783244
2024-01-30 06:05:00,50.90636766291433
2024-01-30 06:10:00,54.358375771088895
2024-01-30 06:15:00,47.413194381660496
2024-01-30 06:20:00,43.91862753345136
2024-01-30 06:25:00,48.90436690783975
2024-01-30 06:30:00,47.97097279808502
2024-01-30 06:35:00,50.721229634823885
2024-01-30 06:40:00,48.48900237806353
2024-01-30 06:45:00,54.00045104049089
2024-01-30 06:50:00,49.88378218545503
2024-01-30 06:55:00,51.63828123024069
2024-01-30 07:00:00,63.99456172625312
2024-01-30 07:05:00,64.1438438621381
2024-01-30 07:10:00,63.26750705066945
2024-01-30 07:15:00,65.4064262541306
2024-01-30 07:20:00,60.18140295718612
2024-01-30 07:25:00,68.96169519910488
2024-01-30 07:30:00,62.4178739590152
2024-01-30 07:35:00,58.117826940894616
2024-01-30 07:40:00,64.11631692045644
2024-01-30 07:45:00,59.9593015626994
2024-01-30 07:50:00,66.02536163052484
2024-01-30 07:55:00,72.20244579665885
2024-01-30 08:00:00,66.8537116738993
2024-01-30 08:05:00,71.32948937302665
2024-01-30 08:10:00,62.97797768531219
2024-01-30 08:15:00,71.81562095789609
2024-01-30 08:20:00,66.45714484093195
2024-01-30 08:25:00,67.50066156639276
2024-01-30 08:30:00,65.59485408077138
2024-01-30 08:35:00,72.92860494434964
2024-01-30 08:40:00,74.02921747002375
2024-01-30 08:45:00,70.09354089876473
2024-01-30 08:50:00,66.54229321878782
2024-01-30 08:55:00,76.35809218454615
2024-01-30 09:00:00,60.362385794502885
2024-01-30 09:05:00,54.71589710581176
2024-01-30 09:10:00,65.19758234534979
2024-01-30 09:15:00,58.944927610955446
2024-01-30 09:20:00,67.3184614795182
2024-01-30 09:25:00,61.83947551882784
2024-01-30 09:30:00,65.7788792676983
2024-01-30 09:35:00,68.97002769173014
2024-01-30 09:40:00,58.52859084703863
2024-01-30 09:45:00,61.10027778195189
2024-01-30 09:50:00,63.061342014893256
2024-01-30 09:55:00,69.51423158165889
2024-01-30 10:00:00,48.402971991316285
2024-01-30 10:05:00,48.65848807928205
2024-01-30 10:10:00,52.949065165301306
2024-01-30 10:15:00,48.72758796023579
2024-01-30 10:20:00,51.64660639466854
2024-01-30 10:25:00,44.83035317920556
2024-01-30 10:30:00,59.89382263330445
2024-01-30 10:35:00,45.645665941840456
2024-01-30 10:40:00,49.74949204711724
2024-01-30 10:45:00,50.90657871970969
2024-01-30 10:50:00,58.68725540050525
2024-01-30 10:55:00,45.73711973934711
2024-01-30 11:00:00,51.09987852387311
2024-01-30 11:05:00,46.1937692663662
2024-01-30 11:10:00,44.833443279651085
2024-01-30 11:15:00,39.22652723388628
2024-01-30 11:20:00,45.4496269501104
2024-01-30 11:25:00,40.2711154922789
2024-01-30 11:30:00,48.23170699475176
2024-01-30 11:35:00,39.28081386552717
2024-01-30 11:40:00,42.71242800413377
2024-01-30 11:45:00,40.94396962990542
2024-01-30 11:50:00,39.21497013225012
2024-01-30 11:55:00,46.13034124958976
2024-01-30 12:00:00,42.73956550970625
2024-01-30 12:05:00,45.433771315671706
2024-01-30 12:10:00,33.47823008723505
2024-01-30 12:15:00,44.85441332943189
2024-01-30 12:20:00,50.6195261414953
2024-01-30 12:25:00,38.79116616335993
2024-01-30 12:30:00,48.1783249685036
2024-01-30 12:35:00,39.54508543182841
2024-01-30 12:40:00,35.10809156982249
2024-01-30 12:45:00,39.37520075044054
2024-01-30 12:50:00,44.79054639076882
2024-01-30 12:55:00,37.24502459074159
2024-01-30 13:00:00,38.11444996027923
2024-01-30 13:05:00,42.889962325477946
2024-01-30 13:10:00,40.52804506325947
2024-01-30 13:15:00,42.85429640625215
2024-01-30 13:20:00,41.46712275933852
2024-01-30 13:25:00,42.43430587451147
2024-01-30 13:30:00,38.78659985306702
2024-01-30 13:35:00,41.44272836442675
2024-01-30 13:40:00,36.806312573521446
2024-01-30 13:45:00,45.669539086318736
2024-01-30 13:50:00,37.97870572903592
2024-01-30 13:55:00,45.03119454650274
2024-01-30 14:00:00,41.70425506423775
2024-01-30 14:05:00,43.44667895119849
2024-01-30 14:10:00,40.6588247046064
2024-01-30 14:15:00,38.57470118349709
2024-01-30 14:20:00,35.659641357748
2024-01-30 14:25:00,38.41738627379937
2024-01-30 14:30:00,41.34304749530552
2024-01-30 14:35:00,43.48619962348474
2024-01-30 14:40:00,46.68020016130226
2024-01-30 14:45:00,40.855653068981816
2024-01-30 14:50:00,39.11083985110052
2024-01-30 14:55:00,36.86782376415836
2024-01-30 15:00:00,51.11738405442424
2024-01-30 15:05:00,54.7299076441252
2024-01-30 15:10:00,54.26245065463298
2024-01-30 15:15:00,52.03686057539677
2024-01-30 15:20:00,51.75130285187822
2024-01-30 15:25:00,55.98762470164519
2024-01-30 15:30:00,50.52545542847507
2024-01-30 15:35:00,51.78164828690451
2024-01-30 15:40:00,47.91399413539983
2024-01-30 15:45:00,43.74895609938879
2024-01-30 15:50:00,46.46173398080952
2024-01-30 15:55:00,49.160493428669206
2024-01-30 16:00:00,59.71316444284558
2024-01-30 16:05:00,67.17516637226194
2024-01-30 16:10:00,59.79513162320464
2024-01-30 16:15:00,64.18539672894295
2024-01-30 16:20:00,57.7297139865351
2024-01-30 16:25:00,58.22331940977943
2024-01-30 16:30:00,54.153992403946575
2024-01-30 16:35:00,56.50071090133408
2024-01-30 16:40:00,61.57794851829538
2024-01-30 16:45:00,59.5002636744169
2024-01-30 16:50:00,63.2417774324293
2024-01-30 16:55:00,60.19503874622057
2024-01-30 17:00:00,63.59018512160587
2024-01-30 17:05:00,73.59318750330468
2024-01-30 17:10:00,64.62438577330465
2024-01-30 17:15:00,69.65200392697805
2024-01-30 17:20:00,63.39516322197812
2024-01-30 17:25:00,67.8383979656911
2024-01-30 17:30:00,68.71206268476358
2024-01-30 17:35:00,65.83396793045915
2024-01-30 17:40:00,55.58206835737042
2024-01-30 17:45:00,65.0730098915813
2024-01-30 17:50:00,69.92184023919674
2024-01-30 17:55:00,67.10992338026776
2024-01-30 18:00:00,61.25337507811875
2024-01-30 18:05:00,52.58099184137169
2024-01-30 18:10:00,56.588199294501536
2024-01-30 18:15:00,61.115450101807525
2024-01-30 18:20:00,61.11155268434933
2024-01-30 18:25:00,64.32868669773337
2024-01-30 18:30:00,58.89055255661739
2024-01-30 18:35:00,61.09331592389702
2024-01-30 18:40:00,59.53551654492694
2024-01-30 18:45:00,55.52224863119554
2024-01-30 18:50:00,50.44685425282277
2024-01-30 18:55:00,61.19405834572208
2024-01-30 19:00:00,49.89277486293949
2024-01-30 19:05:00,46.72428586088757
2024-01-30 19:10:00,42.72029380322479
2024-01-30 19:15:00,51.7159440869232
2024-01-30 19:20:00,48.13330573250604
2024-01-30 19:25:00,51.42448491876083
2024-01-30 19:30:00,56.653180150935285
2024-01-30 19:35:00,40.63126250800943
2024-01-30 19:40:00,46.39858279447879
2024-01-30 19:45:00,48.3594835760406
2024-01-30 19:50:00,55.01629072587485
2024-01-30 19:55:00,42.65137395246231
2024-01-30 20:00:00,50.37842471676904
2024-01-30 20:05:00,43.17840422031178
2024-01-30 20:10:00,42.25097796711118
2024-01-30 20:15:00,41.842741561171
2024-01-30 20:20:00,40.8899284853265
2024-01-30 20:25:00,46.82744765112324
2024-01-30 20:30:00,38.360897597716864
2024-01-30 20:35:00,44.01663734062203
2024-01-30 20:40:00,41.09825395121872
2024-01-30 20:45:00,39.58644681999023
2024-01-30 20:50:00,52.9788813167822
2024-01-30 20:55:00,44.31118355306046
2024-01-30 21:00:00,42.91095315086292
2024-01-30 21:05:00,45.008998094893
2024-01-30 21:10:00,34.772491190944166
2024-01-30 21:15:00,47.46705860870648
2024-01-30 21:20:00,30.42206225823805
2024-01-30 21:25:00,37.38282533206427
2024-01-30 21:30:00,38.62176427950275
2024-01-30 21:35:00,42.78478443210037
2024-01-30 21:40:00,41.33276403678431
2024-01-30 21:45:00,39.790632009424776
2024-01-30 21:50:00,40.40990159370745
2024-01-30 21:55:00,36.54579887812808
2024-01-30 22:00:00,34.059331775469
2024-01-30 22:05:00,42.954307842749934
2024-01-30 22:10:00,42.823085803550434
2024-01-30 22:15:00,46.38623885403393
2024-01-30 22:20:00,36.88819296614486
2024-01-30 22:25:00,42.81952219460938
2024-01-30 22:30:00,38.91343443994676
2024-01-30 22:35:00,44.81016129417962
2024-01-30 22:40:00,44.136112460118255
2024-01-30 22:45:00,40.89309895030352
2024-01-30 22:50:00,38.69014072674175
2024-01-30 22:55:00,43.89199006783874
2024-01-30 23:00:00,42.59070333812844
2024-01-30 23:05:00,37.26532363675744
2024-01-30 23:10:00,34.69189055118444
2024-01-30 23:15:00,38.84895364237499
2024-01-30 23:20:00,46.064740506495006
2024-01-30 23:25:00,44.58903388003432
2024-01-30 23:30:00,35.55377536641985
2024-01-30 23:35:00,35.33205558150249
2024-01-30 23:40:00,45.10182064382012
2024-01-30 23:45:00,35.46054162607086
2024-01-30 23:50:00,42.0402665396702
2024-01-30 23:55:00,37.53880038375688
2024-01-31 00:00:00,46.46818307414197
2024-01-31 00:05:00,36.91830417950372
2024-01-31 00:10:00,44.57344949687855
2024-01-31 00:15:00,40.7394379922967
2024-01-31 00:20:00,41.00878279299239
2024-01-31 00:25:00,32.11876905064963
2024-01-31 00:30:00,31.18834996323237
2024-01-31 00:35:00,39.11773961498599
2024-01-31 00:40:00,40.987627629721686
2024-01-31 00:45:00,35.499212065104345
2024-01-31 00:50:00,35.64522973414987
2024-01-31 00:55:00,42.24589389535977
2024-01-31 01:00:00,42.251561475350286
2024-01-31 01:05:00,39.449179311970056
2024-01-31 01:10:00,43.120950438266064
2024-01-31 01:15:00,35.30333437064118
2024-01-31 01:20:00,38.57640388517388
2024-01-31 01:25:00,46.59165397665646
2024-01-31 01:30:00,40.27343207328104
2024-01-31 01:35:00,40.50539361186976
2024-01-31 01:40:00,49.22392989739272
2024-01-31 01:45:00,34.402774890126686
2024-01-31 01:50:00,43.185865020090205
2024-01-31 01:55:00,46.656088672754166
2024-01-31 02:00:00,38.70427058812841
2024-01-31 02:05:00,43.44222544154198
2024-01-31 02:10:00,36.07562430527898
2024-01-31 02:15:00,37.25677271185319
2024-01-31 02:20:00,41.54356795831313
2024-01-31 02:25:00,43.19796898656496
2024-01-31 02:30:00,44.48744834374758
2024-01-31 02:35:00,46.28221664188057
2024-01-31 02:40:00,39.733916059901865
2024-01-31 02:45:00,44.77814931481295
2024-01-31 02:50:00,38.634482920326
2024-01-31 02:55:00,43.61206754047567
2024-01-31 03:00:00,40.88786881549556
2024-01-31 03:05:00,41.840625252414526
2024-01-31 03:10:00,41.75194512017498
2024-01-31 03:15:00,33.63909358489558
2024-01-31 03:20:00,35.561426188643736
2024-01-31 03:25:00,40.46807938335692
2024-01-31 03:30:00,33.308797305522155
2024-01-31 03:35:00,43.38275803688585
2024-01-31 03:40:00,43.5441374892394
2024-01-31 03:45:00,41.36659583559799
2024-01-31 03:50:00,35.57337757305514
2024-01-31 03:55:00,45.578469379560886
2024-01-31 04:00:00,48.69831172553546
2024-01-31 04:05:00,41.13777647644592
2024-01-31 04:10:00,42.59161068046697
2024-01-31 04:15:00,41.35642378584621
2024-01-31 04:20:00,42.670945922657225
2024-01-31 04:25:00,40.07123414015644
2024-01-31 04:30:00,40.411212207286816
2024-01-31 04:35:00,44.17233956865149
2024-01-31 04:40:00,49.93196581424779
2024-01-31 04:45:00,34.94918422905507
2024-01-31 04:50:00,40.13421922905016
2024-01-31 04:55:00,35.8276272257337
2024-01-31 05:00:00,49.530076331160274
2024-01-31 05:05:00,40.81102485957635
2024-01-31 05:10:00,37.38917356171277
2024-01-31 05:15:00,45.71472473225023
2024-01-31 05:20:00,50.139221195828384
2024-01-31 05:25:00,45.81636821109899
2024-01-31 05:30:00,43.98116824598361
2024-01-31 05:35:00,44.79854042795992
2024-01-31 05:40:00,48.82133938815816
2024-01-31 05:45:00,39.66517965679934
2024-01-31 05:50:00,42.714588320510686
2024-01-31 05:55:00,41.351216142817805
2024-01-31 06:00:00,46.36492200597824
2024-01-31 06:05:00,49.72288219747788
2024-01-31 06:10:00,55.46726761907488
2024-01-31 06:15:00,53.30279182871599
2024-01-31 06:20:00,53.61362523557789
2024-01-31 06:25:00,51.62228568175836
2024-01-31 06:30:00,53.12967836605944
2024-01-31 06:35:00,47.83402186575267
2024-01-31 06:40:00,49.79834369143617
2024-01-31 06:45:00,51.804400183019794
2024-01-31 06:50:00,52.146446670672645
2024-01-31 06:55:00,52.31713465483258
2024-01-31 07:00:00,62.81068236442383
2024-01-31 07:05:00,61.85432988796803
2024-01-31 07:10:00,75.99510862466654
2024-01-31 07:15:00,66.99117258421894
2024-01-31 07:20:00,65.01661339629983
2024-01-31 07:25:00,62.431189499663766
2024-01-31 07:30:00,61.55914818471384
2024-01-31 07:35:00,62.84082111758152
2024-01-31 07:40:00,64.53533886683609
2024-01-31 07:45:00,55.84228131623702
2024-01-31 07:50:00,57.08646511099061
2024-01-31 07:55:00,60.81649393673352
2024-01-31 08:00:00,70.82855778724497
2024-01-31 08:05:00,69.04290745152329
2024-01-31 08:10:00,75.91248494452864
2024-01-31 08:15:00,64.07041289214763
2024-01-31 08:20:00,66.99461816171721
2024-01-31 08:25:00,76.08036700409511
2024-01-31 08:30:00,70.52447733883129
2024-01-31 08:35:00,73.53937037133534
2024-01-31 08:40:00,78.20498781320856
2024-01-31 08:45:00,67.2247823685234
2024-01-31 08:50:00,69.60274268896258
2024-01-31 08:55:00,68.91029243640722
2024-01-31 09:00:00,55.54565428758841
2024-01-31 09:05:00,62.12243909049764
2024-01-31 09:10:00,66.88827505504418
2024-01-31 09:15:00,65.52638447277047
2024-01-31 09:20:00,65.84035898307356
2024-01-31 09:25:00,61.86199038296351
2024-01-31 09:30:00,60.73963736149895
2024-01-31 09:35:00,68.441048993116
2024-01-31 09:40:00,61.374757720090834
2024-01-31 09:45:00,64.54035446069437
2024-01-31 09:50:00,64.01736502823167
2024-01-31 09:55:00,69.21089437054998
2024-01-31 10:00:00,54.92215229376751
2024-01-31 10:05:00,45.85546838040959
2024-01-31 10:10:00,46.28629019597791
2024-01-31 10:15:00,53.352142135354605
2024-01-31 10:20:00,50.7791522735614
2024-01-31 10:25:00,49.21581572726301
2024-01-31 10:30:00,55.09901439905595
2024-01-31 10:35:00,51.78634039143371
2024-01-31 10:40:00,51.24633241063584
2024-01-31 10:45:00,54.15581742609827
2024-01-31 10:50:00,49.53606688330381
2024-01-31 10:55:00,57.31057880496829
2024-01-31 11:00:00,40.01287148902607
2024-01-31 11:05:00,45.79277824732645
2024-01-31 11:10:00,48.90039333659748
2024-01-31 11:15:00,37.6558800248697
2024-01-31 11:20:00,41.79172127854831
2024-01-31 11:25:00,47.733891553500335
2024-01-31 11:30:00,47.794040172882205
2024-01-31 11:35:00,42.47907958040515
2024-01-31 11:40:00,40.22637760725067
2024-01-31 11:45:00,46.98880527128115
2024-01-31 11:50:00,47.89925839228452
2024-01-31 11:55:00,38.50640858790853
2024-01-31 12:00:00,35.7820759242022
2024-01-31 12:05:00,41.49875724800212
2024-01-31 12:10:00,43.11517305378329
2024-01-31 12:15:00,39.4014541791475
2024-01-31 12:20:00,43.31490579999712
2024-01-31 12:25:00,37.75718409271819
2024-01-31 12:30:00,32.13895612377278
2024-01-31 12:35:00,38.90212623073734
2024-01-31 12:40:00,40.850659106120126
2024-01-31 12:45:00,39.49437068048189
2024-01-31 12:50:00,35.96331746542978
2024-01-31 12:55:00,33.33513461655245
2024-01-31 13:00:00,38.45944937883359
2024-01-31 13:05:00,44.10642768290416
2024-01-31 13:10:00,45.54059435395991
2024-01-31 13:15:00,45.266658132859
2024-01-31 13:20:00,37.25216645571097
2024-01-31 13:25:00,35.90097930178372
2024-01-31 13:30:00,42.50234305622476
2024-01-31 13:35:00,43.05620464269688
2024-01-31 13:40:00,42.11648301710717
2024-01-31 13:45:00,32.45955149935413
2024-01-31 13:50:00,37.04826625677131
2024-01-31 13:55:00,40.397049435161264
2024-01-31 14:00:00,44.58755568669092
2024-01-31 14:05:00,45.70791235857916
2024-01-31 14:10:00,43.21569699729737
2024-01-31 14:15:00,43.96181813432215
2024-01-31 14:20:00,42.978144741613626
2024-01-31 14:25:00,45.38116040504314
2024-01-31 14:30:00,43.89014551413285
2024-01-31 14:35:00,42.90163354835836
2024-01-31 14:40:00,41.565207711619685
2024-01-31 14:45:00,42.963848608339134
2024-01-31 14:50:00,44.57704842352631
2024-01-31 14:55:00,43.708584463761454
2024-01-31 15:00:00,50.72043525618884
2024-01-31 15:05:00,54.568017028212566
2024-01-31 15:10:00,50.25778527379418
2024-01-31 15:15:00,46.60113550091519
2024-01-31 15:20:00,52.7315567267845
2024-01-31 15:25:00,43.73233623213216
2024-01-31 15:30:00,44.87147605985068
2024-01-31 15:35:00,50.5405186416881
2024-01-31 15:40:00,51.26271625395414
2024-01-31 15:45:00,44.21692468879185
2024-01-31 15:50:00,47.665859658860825
2024-01-31 15:55:00,46.77279425392919
2024-01-31 16:00:00,57.52331766131398
2024-01-31 16:05:00,63.24441405793215
2024-01-31 16:10:00,62.296044807029375
2024-01-31 16:15:00,59.393534233425534
2024-01-31 16:20:00,57.28617524438066
2024-01-31 16:25:00,54.071424271959806
2024-01-31 16:30:00,65.15076270796816
2024-01-31 16:35:00,61.83847855398004
2024-01-31 16:40:00,56.6433465365478
2024-01-31 16:45:00,62.34842094333993
2024-01-31 16:50:00,59.18912847054187
2024-01-31 16:55:00,58.321584933390994
2024-01-31 17:00:00,66.74084616131525
2024-01-31 17:05:00,62.034007048505934
2024-01-31 17:10:00,63.62497397011639
2024-01-31 17:15:00,65.48584430495502
2024-01-31 17:20:00,63.00219527661598
2024-01-31 17:25:00,67.67634088922694
2024-01-31 17:30:00,72.47626606286988
2024-01-31 17:35:00,61.98280751772826
2024-01-31 17:40:00,58.33949886294066
2024-01-31 17:45:00,56.99303937825179
2024-01-31 17:50:00,64.3981274821769
2024-01-31 17:55:00,62.3473416876521
2024-01-31 18:00:00,60.30146158147009
2024-01-31 18:05:00,60.00041026530617
2024-01-31 18:10:00,53.05715219074538
2024-01-31 18:15:00,52.21048425927614
2024-01-31 18:20:00,60.65375253858615
2024-01-31 18:25:00,60.01173491608159
2024-01-31 18:30:00,57.766747583735565
2024-01-31 18:35:00,52.84144523667255
2024-01-31 18:40:00,61.35558462826173
2024-01-31 18:45:00,64.55761775889754
2024-01-31 18:50:00,60.58194933807746
2024-01-31 18:55:00,56.08012401494151
2024-01-31 19:00:00,49.37519469157285
2024-01-31 19:05:00,43.73252970555351
2024-01-31 19:10:00,53.428828884643416
2024-01-31 19:15:00,49.5243633674064
2024-01-31 19:20:00,42.12435838227532
2024-01-31 19:25:00,47.99428858751352
2024-01-31 19:30:00,51.05019207022517
2024-01-31 19:35:00,47.86479554538616
2024-01-31 19:40:00,48.09340314352755
2024-01-31 19:45:00,44.29937720109916
2024-01-31 19:50:00,51.46314997761487
2024-01-31 19:55:00,46.6031092292117
2024-01-31 20:00:00,34.009199106026486
2024-01-31 20:05:00,41.14995113136504
2024-01-31 20:10:00,46.55957947632803
2024-01-31 20:15:00,41.08726282764683
2024-01-31 20:20:00,49.5869205545407
2024-01-31 20:25:00,44.35085240824069
2024-01-31 20:30:00,43.99001326316808
2024-01-31 20:35:00,42.12138755037618
2024-01-31 20:40:00,42.36183578298946
2024-01-31 20:45:00,41.581286073568606
2024-01-31 20:50:00,41.42590304571651
2024-01-31 20:55:00,44.75844926231521
2024-01-31 21:00:00,36.71456605305609
2024-01-31 21:05:00,36.15431565732131
2024-01-31 21:10:00,35.96511076871684
2024-01-31 21:15:00,48.64050916292697
2024-01-31 21:20:00,42.57926257890067
2024-01-31 21:25:00,41.67585977893893
2024-01-31 21:30:00,36.22783229104463
2024-01-31 21:35:00,42.951260174917664
2024-01-31 21:40:00,39.99160558640504
2024-01-31 21:45:00,41.31456673674535
2024-01-31 21:50:00,36.551409708764126
2024-01-31 21:55:00,41.09896640188866
2024-01-31 22:00:00,38.35292720057976
2024-01-31 22:05:00,36.98581672528494
2024-01-31 22:10:00,42.98468669663469
2024-01-31 22:15:00,33.89743011928568
2024-01-31 22:20:00,42.3073664106623
2024-01-31 22:25:00,42.78620588761768
2024-01-31 22:30:00,36.52968665120073
2024-01-31 22:35:00,36.76694750887582
2024-01-31 22:40:00,39.15615862834008
2024-01-31 22:45:00,41.17640619525457
2024-01-31 22:50:00,39.43684138614879
2024-01-31 22:55:00,41.78251119417321
2024-01-31 23:00:00,47.05500385525177
2024-01-31 23:05:00,37.97221816850332
2024-01-31 23:10:00,33.14236536228849
2024-01-31 23:15:00,43.30677957722478
2024-01-31 23:20:00,46.736343548812286
2024-01-31 23:25:00,41.574158697306665
2024-01-31 23:30:00,35.6520905436875
2024-01-31 23:35:00,39.50751579216136
2024-01-31 23:40:00,35.52899130825564
2024-01-31 23:45:00,42.57450722095396
2024-01-31 23:50:00,34.59792363430843
2024-01-31 23:55:00,38.80257009778937
2024-02-01 00:00:00,35.98265207087962
2024-02-01 00:05:00,40.507302116595085
2024-02-01 00:10:00,38.53463666750421
2024-02-01 00:15:00,40.70705178905629
2024-02-01 00:20:00,40.0894055959207
2024-02-01 00:25:00,36.0533672651588
2024-02-01 00:30:00,42.50751163017133
2024-02-01 00:35:00,39.804940768682776
2024-02-01 00:40:00,36.04588734459164
2024-02-01 00:45:00,48.96370960087841
2024-02-01 00:50:00,41.90572404292374
2024-02-01 00:55:00,39.386961162458014
2024-02-01 01:00:00,45.66096166032906
2024-02-01 01:05:00,47.3674059910682
2024-02-01 01:10:00,39.41874586426623
2024-02-01 01:15:00,41.389733499260814
2024-02-01 01:20:00,36.04813228151
2024-02-01 01:25:00,39.41137255044972
2024-02-01 01:30:00,39.20389333848229
2024-02-01 01:35:00,40.73945168800838
2024-02-01 01:40:00,41.331185468069805
2024-02-01 01:45:00,42.23945734883401
2024-02-01 01:50:00,40.9507141787216
2024-02-01 01:55:00,35.15717304700511
2024-02-01 02:00:00,36.24983387115826
2024-02-01 02:05:00,37.8180718162679
2024-02-01 02:10:00,38.87473992642968
2024-02-01 02:15:00,44.20679945601105
2024-02-01 02:20:00,35.351946346710946
2024-02-01 02:25:00,38.5740421014398
2024-02-01 02:30:00,43.8157402869788
2024-02-01 02:35:00,38.80419239613615
2024-02-01 02:40:00,41.84536489349389
2024-02-01 02:45:00,39.44553412241098
2024-02-01 02:50:00,41.030835323421485
2024-02-01 02:55:00,39.08981211888443
2024-02-01 03:00:00,42.72617551500024
2024-02-01 03:05:00,33.87768799446109
2024-02-01 03:10:00,38.60466559053265
2024-02-01 03:15:00,41.24420433086407
2024-02-01 03:20:00,42.1926946161116
2024-02-01 03:25:00,46.02972411510214
2024-02-01 03:30:00,38.493814956624526
2024-02-01 03:35:00,45.97584067153032
2024-02-01 03:40:00,37.42181831744815
2024-02-01 03:45:00,45.37249927026541
2024-02-01 03:50:00,43.32778213088032
2024-02-01 03:55:00,36.404079305557936
2024-02-01 04:00:00,41.777626115669314
2024-02-01 04:05:00,40.344525824533264
2024-02-01 04:10:00,43.05180754136203
2024-02-01 04:15:00,39.65638281292879
2024-02-01 04:20:00,39.3204842640151
2024-02-01 04:25:00,46.02584749771344
2024-02-01 04:30:00,40.15458558883934
2024-02-01 04:35:00,43.85515846342909
2024-02-01 04:40:00,39.64806322648523
2024-02-01 04:45:00,47.21612220357212
2024-02-01 04:50:00,37.83613064932005
2024-02-01 04:55:00,38.09289504167329
2024-02-01 05:00:00,49.26004546131955
2024-02-01 05:05:00,41.38219117327493
2024-02-01 05:10:00,49.56627396151351
2024-02-01 05:15:00,46.7293390552352
2024-02-01 05:20:00,42.543377910612605
2024-02-01 05:25:00,35.9088028487873
2024-02-01 05:30:00,43.0847035197686
2024-02-01 05:35:00,43.56849695098964
2024-02-01 05:40:00,47.83084767007343
2024-02-01 05:45:00,49.515765441816384
2024-02-01 05:50:00,40.42202802028095
2024-02-01 05:55:00,46.36670379280867
2024-02-01 06:00:00,54.09799185919849
2024-02-01 06:05:00,55.33003404478687
2024-02-01 06:10:00,53.03114288368727
2024-02-01 06:15:00,43.266392471298005
2024-02-01 06:20:00,50.41469350503405
2024-02-01 06:25:00,46.41355293547743
2024-02-01 06:30:00,50.22596014347279
2024-02-01 06:35:00,54.95640017968066
2024-02-01 06:40:00,52.25698657864498
2024-02-01 06:45:00,55.62874670073482
2024-02-01 06:50:00,52.40339891799925
2024-02-01 06:55:00,45.84307947646948
2024-02-01 07:00:00,53.280635466198405
2024-02-01 07:05:00,63.95925853920771
2024-02-01 07:10:00,62.508317627084686
2024-02-01 07:15:00,59.456240534961815
2024-02-01 07:20:00,56.56151449388384
2024-02-01 07:25:00,60.425050638598506
2024-02-01 07:30:00,62.58605755303024
2024-02-01 07:35:00,66.0275347873149
2024-02-01 07:40:00,64.11854781876127
2024-02-01 07:45:00,69.79629248118026
2024-02-01 07:50:00,59.22160726830776
2024-02-01 07:55:00,66.88825906071908
2024-02-01 08:00:00,70.18919501264561
2024-02-01 08:05:00,72.77867653660503
2024-02-01 08:10:00,68.25394058706853
2024-02-01 08:15:00,74.28672153569306
2024-02-01 08:20:00,71.18089907351167
2024-02-01 08:25:00,67.2822201004597
2024-02-01 08:30:00,69.95190392447795
2024-02-01 08:35:00,69.0417766043823
2024-02-01 08:40:00,71.95671344268187
2024-02-01 08:45:00,65.28089304263267
2024-02-01 08:50:00,69.88259323166793
2024-02-01 08:55:00,71.58122905072803
2024-02-01 09:00:00,63.49611953429365
2024-02-01 09:05:00,68.7517912830775
2024-02-01 09:10:00,66.46011740180572
2024-02-01 09:15:00,63.33410311855853
2024-02-01 09:20:00,64.2307826955122
2024-02-01 09:25:00,64.54668851144952
2024-02-01 09:30:00,64.97722472218881
2024-02-01 09:35:00,56.06139432286308
2024-02-01 09:40:00,62.15792112244412
2024-02-01 09:45:00,57.42627003274781
2024-02-01 09:50:00,68.47715009535946
2024-02-01 09:55:00,63.120628225509805
2024-02-01 10:00:00,50.26313906435958
2024-02-01 10:05:00,54.62369219121101
2024-02-01 10:10:00,52.72580205287757
2024-02-01 10:15:00,46.52196480556124
2024-02-01 10:20:00,50.75288141296859
2024-02-01 10:25:00,49.69583497017253
2024-02-01 10:30:00,44.058371308653854
2024-02-01 10:35:00,48.27539793012925
2024-02-01 10:40:00,50.30234157501221
2024-02-01 10:45:00,50.5766991371107
2024-02-01 10:50:00,45.107577168368834
2024-02-01 10:55:00,55.64316519526797
2024-02-01 11:00:00,42.75664974639235
2024-02-01 11:05:00,43.31527428860036
2024-02-01 11:10:00,44.76762853531745
2024-02-01 11:15:00,40.01275696634342
2024-02-01 11:20:00,44.99048587448889
2024-02-01 11:25:00,41.69676339788537
2024-02-01 11:30:00,39.57871981936934
2024-02-01 11:35:00,45.4588519553797
2024-02-01 11:40:00,49.13175741716533
2024-02-01 11:45:00,46.06437947590143
2024-02-01 11:50:00,46.85697224251983
2024-02-01 11:55:00,41.082539555708905
2024-02-01 12:00:00,34.20725160339389
2024-02-01 12:05:00,46.558280608467086
2024-02-01 12:10:00,48.81579007768676
2024-02-01 12:15:00,46.76895761514645
2024-02-01 12:20:00,39.25458676414872
2024-02-01 12:25:00,35.979193165152346
2024-02-01 12:30:00,36.334999728789455
2024-02-01 12:35:00,33.862800249611524
2024-02-01 12:40:00,40.16821604642754
2024-02-01 12:45:00,47.02044235239754
2024-02-01 12:50:00,40.031079992578746
2024-02-01 12:55:00,41.80702212146082
2024-02-01 13:00:00,46.01819245352201
2024-02-01 13:05:00,38.89942334897558
2024-02-01 13:10:00,48.65793042318356
2024-02-01 13:15:00,48.48418222629499
2024-02-01 13:20:00,39.99135924158325
2024-02-01 13:25:00,38.205667540228326
2024-02-01 13:30:00,43.30475678186643
2024-02-01 13:35:00,39.12570482622975
2024-02-01 13:40:00,35.88958372803584
2024-02-01 13:45:00,45.6407592103971
2024-02-01 13:50:00,45.3815941454135
2024-02-01 13:55:00,41.13785101135942
2024-02-01 14:00:00,37.5872238932565
2024-02-01 14:05:00,37.72057790329966
2024-02-01 14:10:00,43.067600061845816
2024-02-01 14:15:00,40.63919877014908
2024-02-01 14:20:00,41.274311179602776
2024-02-01 14:25:00,46.72653552840922
2024-02-01 14:30:00,45.57140017785944
2024-02-01 14:35:00,48.15125363015966
2024-02-01 14:40:00,38.67619001466018
2024-02-01 14:45:00,41.26591663342237
2024-02-01 14:50:00,45.67460969000966
2024-02-01 14:55:00,44.43099627222077
2024-02-01 15:00:00,55.32665111315831
2024-02-01 15:05:00,50.8792764064241
2024-02-01 15:10:00,56.58956599923003
2024-02-01 15:15:00,51.35720078970039
2024-02-01 15:20:00,53.44579937316247
2024-02-01 15:25:00,47.90306979567
2024-02-01 15:30:00,49.25427843034378
2024-02-01 15:35:00,52.84090719816572
2024-02-01 15:40:00,55.64904226518004
2024-02-01 15:45:00,52.11407738005084
2024-02-01 15:50:00,48.86444249506935
2024-02-01 15:55:00,54.70646970092119
2024-02-01 16:00:00,50.70210832772084
2024-02-01 16:05:00,53.78108494681288
2024-02-01 16:10:00,62.196559847513925
2024-02-01 16:15:00,59.52645637785287
2024-02-01 16:20:00,61.89207755733703
2024-02-01 16:25:00,59.727653042568136
2024-02-01 16:30:00,61.75380573125586
2024-02-01 16:35:00,56.2124116688676
2024-02-01 16:40:00,61.751967297159126
2024-02-01 16:45:00,63.44768106567071
2024-02-01 16:50:00,64.3522253685653
2024-02-01 16:55:00,67.52424013143516
2024-02-01 17:00:00,65.97639382216639
2024-02-01 17:05:00,66.09564439554555
2024-02-01 17:10:00,58.90731019146144
2024-02-01 17:15:00,62.87435444360314
2024-02-01 17:20:00,64.22767175213039
2024-02-01 17:25:00,69.20127825726226
2024-02-01 17:30:00,62.55599555179832
2024-02-01 17:35:00,68.18536012715217
2024-02-01 17:40:00,64.99351318030331
2024-02-01 17:45:00,64.2913275876978
2024-02-01 17:50:00,65.99557592468986
2024-02-01 17:55:00,63.435374559145465
2024-02-01 18:00:00,57.75387058483111
2024-02-01 18:05:00,52.65087595404131
2024-02-01 18:10:00,58.47820274789021
2024-02-01 18:15:00,57.55014699260686
2024-02-01 18:20:00,57.40609561980545
2024-02-01 18:25:00,61.13751182756193
2024-02-01 18:30:00,62.104547388363805
2024-02-01 18:35:00,60.39879759577108
2024-02-01 18:40:00,63.45168033899967
2024-02-01 18:45:00,61.77226728052323
2024-02-01 18:50:00,58.2897948179792
2024-02-01 18:55:00,57.618594434344246
2024-02-01 19:00:00,50.448274976355634
2024-02-01 19:05:00,51.49205446889585
2024-02-01 19:10:00,54.78836325741424
2024-02-01 19:15:00,53.96167820904863
2024-02-01 19:20:00,47.03109400325957
2024-02-01 19:25:00,48.7889609087792
2024-02-01 19:30:00,51.88105724895933
2024-02-01 19:35:00,53.468977141524135
2024-02-01 19:40:00,52.95286390410742
2024-02-01 19:45:00,48.94147469796286
2024-02-01 19:50:00,44.180895419574185
2024-02-01 19:55:00,45.20124052430588
2024-02-01 20:00:00,43.72551467132428
2024-02-01 20:05:00,44.003882931744
2024-02-01 20:10:00,38.24026312030908
2024-02-01 20:15:00,42.8132590576037
2024-02-01 20:20:00,45.15987804193375
2024-02-01 20:25:00,38.030073984018046
2024-02-01 20:30:00,47.05496942126428
2024-02-01 20:35:00,41.12485601980732
2024-02-01 20:40:00,47.66543306435322
2024-02-01 20:45:00,40.50117083094302
2024-02-01 20:50:00,38.5284786825099
2024-02-01 20:55:00,40.80243265467974
2024-02-01 21:00:00,40.07729847990907
2024-02-01 21:05:00,38.903971345132426
2024-02-01 21:10:00,39.5938852859259
2024-02-01 21:15:00,41.79375157092311
2024-02-01 21:20:00,39.77317349303275
2024-02-01 21:25:00,40.19344139641032
2024-02-01 21:30:00,33.62098537540797
2024-02-01 21:35:00,42.02468303626024
2024-02-01 21:40:00,40.10107778145168
2024-02-01 21:45:00,46.89906289414984
2024-02-01 21:50:00,36.69963030320252
2024-02-01 21:55:00,33.22470965822029
2024-02-01 22:00:00,42.52053532912586
2024-02-01 22:05:00,41.434369426657696
2024-02-01 22:10:00,36.014529271281106
2024-02-01 22:15:00,33.92926553338933
2024-02-01 22:20:00,46.19784827614285
2024-02-01 22:25:00,45.70470291583282
2024-02-01 22:30:00,30.098434318581177
2024-02-01 22:35:00,38.215369236379686
2024-02-01 22:40:00,46.70502957254129
2024-02-01 22:45:00,38.14401112229422
2024-02-01 22:50:00,38.08581241729908
2024-02-01 22:55:00,38.91722404288822
2024-02-01 23:00:00,35.51949735002953
2024-02-01 23:05:00,33.18398226818999
2024-02-01 23:10:00,44.213274488041165
2024-02-01 23:15:00,32.631337620111466
2024-02-01 23:20:00,40.99217105353719
2024-02-01 23:25:00,43.54940321613277
2024-02-01 23:30:00,34.19818004949754
2024-02-01 23:35:00,36.30601163472189
2024-02-01 23:40:00,44.85580199866853
2024-02-01 23:45:00,42.13465212601033
2024-02-01 23:50:00,37.53394241758662
2024-02-01 23:55:00,44.81208125854685
2024-02-02 00:00:00,44.82614626987245
2024-02-02 00:05:00,41.07621414811807
2024-02-02 00:10:00,36.39936246456059
2024-02-02 00:15:00,38.34620856216806
2024-02-02 00:20:00,41.1455503518768
2024-02-02 00:25:00,39.245624059465285
2024-02-02 00:30:00,43.75583208899464
2024-02-02 00:35:00,33.8809070556179
2024-02-02 00:40:00,34.02294925979029
2024-02-02 00:45:00,40.72348782198497
2024-02-02 00:50:00,38.03382572082762
2024-02-02 00:55:00,37.49180891726428
2024-02-02 01:00:00,32.927916676824175
2024-02-02 01:05:00,40.078326932714496
2024-02-02 01:10:00,39.78912312151871
2024-02-02 01:15:00,42.61405948132873
2024-02-02 01:20:00,40.275768086005655
2024-02-02 01:25:00,39.46972724055978
2024-02-02 01:30:00,44.70814610068312
2024-02-02 01:35:00,34.75027433972757
2024-02-02 01:40:00,42.14570042891207
2024-02-02 01:45:00,33.31555489434037
2024-02-02 01:50:00,36.64669603351854
2024-02-02 01:55:00,35.14951502302851
2024-02-02 02:00:00,43.13147243593027
2024-02-02 02:05:00,39.74206135974102
2024-02-02 02:10:00,39.94968931575069
2024-02-02 02:15:00,35.57677034320479
2024-02-02 02:20:00,38.80492831039104
2024-02-02 02:25:00,36.94984108088615
2024-02-02 02:30:00,41.53752235353946
2024-02-02 02:35:00,36.03933775279614
2024-02-02 02:40:00,45.3228797549429
2024-02-02 02:45:00,33.30138049562622
2024-02-02 02:50:00,36.77762296429635
2024-02-02 02:55:00,46.712504333986985
2024-02-02 03:00:00,38.31735863223869
2024-02-02 03:05:00,34.79839896646918
2024-02-02 03:10:00,40.93419987423751
2024-02-02 03:15:00,38.15634465522866
2024-02-02 03:20:00,36.71443260161361
2024-02-02 03:25:00,35.67443038089196
2024-02-02 03:30:00,51.1314080465906
2024-02-02 03:35:00,39.051706023350285
2024-02-02 03:40:00,32.35564418275532
2024-02-02 03:45:00,46.03275266010897
2024-02-02 03:50:00,42.50219724452912
2024-02-02 03:55:00,36.99204790000768
2024-02-02 04:00:00,36.81699281191746
2024-02-02 04:05:00,43.24336035129495
2024-02-02 04:10:00,39.56179585670421
2024-02-02 04:15:00,32.84555789288162
2024-02-02 04:20:00,47.6984290250807
2024-02-02 04:25:00,38.8135073177982
2024-02-02 04:30:00,46.53175611259174
2024-02-02 04:35:00,45.66320899852489
2024-02-02 04:40:00,36.54543098873077
2024-02-02 04:45:00,44.68222862411462
2024-02-02 04:50:00,37.9436989672073
2024-02-02 04:55:00,33.08266681944626
2024-02-02 05:00:00,41.46358407276737
2024-02-02 05:05:00,44.752526743961056
2024-02-02 05:10:00,41.31103014487059
2024-02-02 05:15:00,41.933783373155535
2024-02-02 05:20:00,47.7362409165704
2024-02-02 05:25:00,43.58795265801631
2024-02-02 05:30:00,39.78878349171613
2024-02-02 05:35:00,45.97009803152525
2024-02-02 05:40:00,43.95267900467292
2024-02-02 05:45:00,33.07555753100777
2024-02-02 05:50:00,44.87538839194173
2024-02-02 05:55:00,44.729291567720345
2024-02-02 06:00:00,51.116867753468526
2024-02-02 06:05:00,54.60318555942339
2024-02-02 06:10:00,48.34680889783908
2024-02-02 06:15:00,52.38238239042869
2024-02-02 06:20:00,44.76854575047568
2024-02-02 06:25:00,52.66474476874041
2024-02-02 06:30:00,58.84862201730468
2024-02-02 06:35:00,47.05695782527492
2024-02-02 06:40:00,47.997174707193984
2024-02-02 06:45:00,48.19632146357888
2024-02-02 06:50:00,51.55637613835147
2024-02-02 06:55:00,46.78423814373021
2024-02-02 07:00:00,65.04901300725327
2024-02-02 07:05:00,66.751383274366
2024-02-02 07:10:00,65.50141234630448
2024-02-02 07:15:00,56.29036178993705
2024-02-02 07:20:00,67.34469415312377
2024-02-02 07:25:00,67.11349314950407
2024-02-02 07:30:00,66.68466898187457
2024-02-02 07:35:00,64.85539248711264
2024-02-02 07:40:00,64.24478074930988
2024-02-02 07:45:00,67.49358108499493
2024-02-02 07:50:00,71.05807744290317
2024-02-02 07:55:00,59.55186163902994
2024-02-02 08:00:00,74.31250162330979
2024-02-02 08:05:00,69.65513164810089
2024-02-02 08:10:00,69.4813078320163
2024-02-02 08:15:00,63.85387727860255
2024-02-02 08:20:00,68.86084240206912
2024-02-02 08:25:00,66.01094020825704
2024-02-02 08:30:00,68.14458232210691
2024-02-02 08:35:00,65.6072545050181
2024-02-02 08:40:00,68.20436649087867
2024-02-02 08:45:00,68.37555861203708
2024-02-02 08:50:00,70.3870197138859
2024-02-02 08:55:00,63.541000590965375
2024-02-02 09:00:00,57.58195371454022
2024-02-02 09:05:00,64.81168338844363
2024-02-02 09:10:00,60.17427383724112
2024-02-02 09:15:00,67.66214546644123
2024-02-02 09:20:00,64.2651051935817
2024-02-02 09:25:00,65.79107490634715
2024-02-02 09:30:00,69.00679558720509
2024-02-02 09:35:00,62.12518305829522
2024-02-02 09:40:00,61.06607948385641
2024-02-02 09:45:00,66.85083664791676
2024-02-02 09:50:00,65.40208056124025
2024-02-02 09:55:00,62.61470506623631
2024-02-02 10:00:00,56.60233473090184
2024-02-02 10:05:00,50.18752562371835
2024-02-02 10:10:00,51.1675974133012
2024-02-02 10:15:00,51.12139346641511
2024-02-02 10:20:00,47.298127283484185
2024-02-02 10:25:00,51.34684442102363
2024-02-02 10:30:00,56.623543572672034
2024-02-02 10:35:00,52.81637612458277
2024-02-02 10:40:00,51.1607565686738
2024-02-02 10:45:00,50.38943373841539
2024-02-02 10:50:00,52.35997097670347
2024-02-02 10:55:00,54.03556937703481
2024-02-02 11:00:00,45.60201730551712
2024-02-02 11:05:00,41.83760253467019
2024-02-02 11:10:00,44.46418835839856
2024-02-02 11:15:00,45.08482094655122
2024-02-02 11:20:00,39.13628203185019
2024-02-02 11:25:00,43.83798414669288
2024-02-02 11:30:00,34.51984643674866
2024-02-02 11:35:00,45.09519682124285
2024-02-02 11:40:00,45.80643420020883
2024-02-02 11:45:00,46.155246485103945
2024-02-02 11:50:00,41.58487457327983
2024-02-02 11:55:00,44.40124932205424
2024-02-02 12:00:00,46.29354590223239
2024-02-02 12:05:00,46.25280911323276
2024-02-02 12:10:00,40.48103972316148
2024-02-02 12:15:00,41.15500904298596
2024-02-02 12:20:00,45.04137509900545
2024-02-02 12:25:00,34.59452245901902
2024-02-02 12:30:00,39.30542754935962
2024-02-02 12:35:00,45.94001234221474
2024-02-02 12:40:00,44.49853268680678
2024-02-02 12:45:00,42.07478563066734
2024-02-02 12:50:00,34.57440089874524
2024-02-02 12:55:00,40.39808958790307
2024-02-02 13:00:00,38.156143011305446
2024-02-02 13:05:00,41.83996020757404
2024-02-02 13:10:00,37.27841785712566
2024-02-02 13:15:00,36.41291101640675
2024-02-02 13:20:00,32.25634348557061
2024-02-02 13:25:00,45.40302333621199
2024-02-02 13:30:00,38.91672255053295
2024-02-02 13:35:00,41.14438773111532
2024-02-02 13:40:00,40.50685213040845
2024-02-02 13:45:00,36.24606886446318
2024-02-02 13:50:00,35.479544950512405
2024-02-02 13:55:00,36.49454409231624
2024-02-02 14:00:00,39.746009152851634
2024-02-02 14:05:00,44.105107896224425
2024-02-02 14:10:00,39.455812254086766
2024-02-02 14:15:00,49.624645434547695
2024-02-02 14:20:00,46.74728705174181
2024-02-02 14:25:00,45.87212110683204
2024-02-02 14:30:00,42.16004729827661
2024-02-02 14:35:00,48.69580585105114
2024-02-02 14:40:00,41.76666038368471
2024-02-02 14:45:00,42.51363725155223
2024-02-02 14:50:00,43.318581067166285
2024-02-02 14:55:00,45.44597507034258
2024-02-02 15:00:00,51.74476189881977
2024-02-02 15:05:00,47.296628469029415
2024-02-02 15:10:00,47.06515470510401
2024-02-02 15:15:00,51.756741411416165
2024-02-02 15:20:00,52.05807591837276
2024-02-02 15:25:00,47.623725083516334
2024-02-02 15:30:00,42.84837730409401
2024-02-02 15:35:00,48.36786519877485
2024-02-02 15:40:00,51.69123277811126
2024-02-02 15:45:00,56.418796968486944
2024-02-02 15:50:00,44.40529773344518
2024-02-02 15:55:00,47.49084457148553
2024-02-02 16:00:00,57.91240870673886
2024-02-02 16:05:00,64.89324431056637
2024-02-02 16:10:00,59.33025695100584
2024-02-02 16:15:00,55.840716715351306
2024-02-02 16:20:00,61.704804084527645
2024-02-02 16:25:00,57.85146887267658
2024-02-02 16:30:00,54.57247385940855
2024-02-02 16:35:00,55.89892972373576
2024-02-02 16:40:00,66.40619077053084
2024-02-02 16:45:00,61.00685983943821
2024-02-02 16:50:00,59.90106317465054
2024-02-02 16:55:00,58.47044800959218
2024-02-02 17:00:00,66.16859541663203
2024-02-02 17:05:00,66.12094383216682
2024-02-02 17:10:00,66.16867536098614
2024-02-02 17:15:00,65.45938040926785
2024-02-02 17:20:00,68.47519340137903
2024-02-02 17:25:00,65.09241743215976
2024-02-02 17:30:00,61.08824470594628
2024-02-02 17:35:00,62.55030848455336
2024-02-02 17:40:00,57.08392527419799
2024-02-02 17:45:00,73.1072685123264
2024-02-02 17:50:00,68.45101841596758
2024-02-02 17:55:00,61.67971806763989
2024-02-02 18:00:00,58.34264017961337
2024-02-02 18:05:00,56.92251368037604
2024-02-02 18:10:00,65.64020842269824
2024-02-02 18:15:00,53.79051092011805
2024-02-02 18:20:00,59.92792381247688
2024-02-02 18:25:00,59.03590820694237
2024-02-02 18:30:00,62.77737410003822
2024-02-02 18:35:00,59.053982666302986
2024-02-02 18:40:00,52.43718407058003
2024-02-02 18:45:00,58.465548238632
2024-02-02 18:50:00,55.58137070542847
2024-02-02 18:55:00,59.78833776342801
2024-02-02 19:00:00,54.93369417536955
2024-02-02 19:05:00,42.239285052359136
2024-02-02 19:10:00,45.99609508768863
2024-02-02 19:15:00,46.98621421415426
2024-02-02 19:20:00,47.6704616476354
2024-02-02 19:25:00,52.157488685709225
2024-02-02 19:30:00,48.502808359042696
2024-02-02 19:35:00,50.86019693217003
2024-02-02 19:40:00,46.69389385436114
2024-02-02 19:45:00,50.11668341096
2024-02-02 19:50:00,52.308176552799104
2024-02-02 19:55:00,46.26778783033989
2024-02-02 20:00:00,45.76041309327268
2024-02-02 20:05:00,42.844471688956894
2024-02-02 20:10:00,46.81682157597563
2024-02-02 20:15:00,41.82930101373872
2024-02-02 20:20:00,44.159959234695016
2024-02-02 20:25:00,42.4725556873325
2024-02-02 20:30:00,42.2501315658843
2024-02-02 20:35:00,43.670702326949375
2024-02-02 20:40:00,44.78221049094624
2024-02-02 20:45:00,37.6367209663506
2024-02-02 20:50:00,48.36951504931813
2024-02-02 20:55:00,35.19632845184742
2024-02-02 21:00:00,37.718642533262766
2024-02-02 21:05:00,40.08081468915875
2024-02-02 21:10:00,42.10731484856214
2024-02-02 21:15:00,46.76258108318387
2024-02-02 21:20:00,33.02472501931792
2024-02-02 21:25:00,38.42711445865951
2024-02-02 21:30:00,31.95055702102129
2024-02-02 21:35:00,40.58437886785934
2024-02-02 21:40:00,41.54462531021847
2024-02-02 21:45:00,46.82107394090336
2024-02-02 21:50:00,40.94043001579217
2024-02-02 21:55:00,44.63399148998787
2024-02-02 22:00:00,42.38360967956193
2024-02-02 22:05:00,38.307268565385016
2024-02-02 22:10:00,34.41241836623753
2024-02-02 22:15:00,41.14827054657294
2024-02-02 22:20:00,34.07985328482424
2024-02-02 22:25:00,45.22908964408427
2024-02-02 22:30:00,39.4000129452584
2024-02-02 22:35:00,44.82897099945136
2024-02-02 22:40:00,38.127403616876094
2024-02-02 22:45:00,41.123664499009664
2024-02-02 22:50:00,40.88565678274445
2024-02-02 22:55:00,39.868084881362
2024-02-02 23:00:00,38.2724471915158
2024-02-02 23:05:00,41.57290931898425
2024-02-02 23:10:00,36.29843219116934
2024-02-02 23:15:00,35.16534392926594
2024-02-02 23:20:00,44.97439281840949
2024-02-02 23:25:00,42.91175720067057
2024-02-02 23:30:00,40.26665167951113
2024-02-02 23:35:00,46.663654775277294
2024-02-02 23:40:00,38.93202317020279
2024-02-02 23:45:00,45.293898125058085
2024-02-02 23:50:00,40.70538158480546
2024-02-02 23:55:00,35.90408224479661
2024-02-03 00:00:00,29.392162623913784
2024-02-03 00:05:00,25.96284524332673
2024-02-03 00:10:00,21.51591773279213
2024-02-03 00:15:00,24.90868689496618
2024-02-03 00:20:00,20.385188120838755
2024-02-03 00:25:00,25.316597997068552
2024-02-03 00:30:00,12.435687595694546
2024-02-03 00:35:00,17.920796522052008
2024-02-03 00:40:00,25.917040833978238
2024-02-03 00:45:00,21.001379703954708
2024-02-03 00:50:00,22.83017103638535
2024-02-03 00:55:00,16.612859208368647
2024-02-03 01:00:00,29.391546937245383
2024-02-03 01:05:00,26.76219752930768
2024-02-03 01:10:00,21.19733808093565
2024-02-03 01:15:00,20.381295526983667
2024-02-03 01:20:00,26.118496400115745
2024-02-03 01:25:00,29.92996075511268
2024-02-03 01:30:00,25.815119977682382
2024-02-03 01:35:00,30.68728962402338
2024-02-03 01:40:00,18.3106736381893
2024-02-03 01:45:00,18.72253163244181
2024-02-03 01:50:00,17.24431448222358
2024-02-03 01:55:00,23.76712155303489
2024-02-03 02:00:00,22.70445046098491
2024-02-03 02:05:00,21.39423176787949
2024-02-03 02:10:00,25.239070774260625
2024-02-03 02:15:00,26.93135068262609
2024-02-03 02:20:00,15.89938662462006
2024-02-03 02:25:00,19.61414815016297
2024-02-03 02:30:00,25.28261063825967
2024-02-03 02:35:00,20.1310815263331
2024-02-03 02:40:00,18.809211956334813
2024-02-03 02:45:00,26.076185972369007
2024-02-03 02:50:00,16.84403598287151
2024-02-03 02:55:00,20.795717030603008
2024-02-03 03:00:00,23.346428596466996
2024-02-03 03:05:00,19.736572837607284
2024-02-03 03:10:00,25.16447511730046
2024-02-03 03:15:00,19.756344592458284
2024-02-03 03:20:00,27.66633046703144
2024-02-03 03:25:00,21.52886730326467
2024-02-03 03:30:00,24.71693304006917
2024-02-03 03:35:00,25.015948305179023
2024-02-03 03:40:00,19.52169248227147
2024-02-03 03:45:00,13.817906298624203
2024-02-03 03:50:00,23.474875511903097
2024-02-03 03:55:00,22.32100588174724
2024-02-03 04:00:00,24.525512151964627
2024-02-03 04:05:00,21.396098152132765
2024-02-03 04:10:00,20.580497246461253
2024-02-03 04:15:00,30.336100085590918
2024-02-03 04:20:00,16.412791795621004
2024-02-03 04:25:00,25.23800995512107
2024-02-03 04:30:00,20.00380060893055
2024-02-03 04:35:00,20.95909357070243
2024-02-03 04:40:00,21.03379671136825
2024-02-03 04:45:00,19.08847094497909
2024-02-03 04:50:00,24.58710488260908
2024-02-03 04:55:00,27.864782425463943
2024-02-03 05:00:00,25.619141850257417
2024-02-03 05:05:00,24.15261519011915
2024-02-03 05:10:00,19.793325208873785
2024-02-03 05:15:00,25.806388268568572
2024-02-03 05:20:00,32.364485732187966
2024-02-03 05:25:00,22.2163087100904
2024-02-03 05:30:00,22.235152887863308
2024-02-03 05:35:00,21.49473068134678
2024-02-03 05:40:00,21.78143026729309
2024-02-03 05:45:00,12.757888990581232
2024-02-03 05:50:00,25.35922874869362
2024-02-03 05:55:00,20.356878499852314
2024-02-03 06:00:00,21.6289583041626
2024-02-03 06:05:00,31.08277057826
2024-02-03 06:10:00,23.74193963916206
2024-02-03 06:15:00,26.715334563794773
2024-02-03 06:20:00,33.93578034408412
2024-02-03 06:25:00,22.433147587231748
2024-02-03 06:30:00,21.939617840938755
2024-02-03 06:35:00,29.14723553757916
2024-02-03 06:40:00,32.667960235371275
2024-02-03 06:45:00,21.77264390840195
2024-02-03 06:50:00,29.700769726678512
2024-02-03 06:55:00,30.39400893917657
2024-02-03 07:00:00,26.61357098609986
2024-02-03 07:05:00,38.04421827249802
2024-02-03 07:10:00,38.35663644023786
2024-02-03 07:15:00,33.60307062784504
2024-02-03 07:20:00,39.85959837006117
2024-02-03 07:25:00,39.39603521816852
2024-02-03 07:30:00,35.26268462373796
2024-02-03 07:35:00,33.04443135956941
2024-02-03 07:40:00,30.95890135053731
2024-02-03 07:45:00,34.69995888340438
2024-02-03 07:50:00,37.12924859968586
2024-02-03 07:55:00,33.553505476706576
2024-02-03 08:00:00,29.709996001023768
2024-02-03 08:05:00,43.57485560037817
2024-02-03 08:10:00,39.26089290945146
2024-02-03 08:15:00,36.98150203536455
2024-02-03 08:20:00,41.92863357576504
2024-02-03 08:25:00,44.59855440800291
2024-02-03 08:30:00,27.29235374412032
2024-02-03 08:35:00,40.23705462176017
2024-02-03 08:40:00,32.7934031788305
2024-02-03 08:45:00,40.49644204926765
2024-02-03 08:50:00,39.0117088315702
2024-02-03 08:55:00,41.04290612783409
2024-02-03 09:00:00,32.85322401005821
2024-02-03 09:05:00,27.357254020760223
2024-02-03 09:10:00,33.04874170301016
2024-02-03 09:15:00,36.477605008595965
2024-02-03 09:20:00,38.91178378273773
2024-02-03 09:25:00,30.16288926614673
2024-02-03 09:30:00,38.9584561755289
2024-02-03 09:35:00,32.258725309450746
2024-02-03 09:40:00,36.30001399441494
2024-02-03 09:45:00,32.8106386565743
2024-02-03 09:50:00,35.57889697888524
2024-02-03 09:55:00,38.41772500631793
2024-02-03 10:00:00,23.1620202655388
2024-02-03 10:05:00,25.350452987705616
2024-02-03 10:10:00,28.809926924061287
2024-02-03 10:15:00,37.67641121881435
2024-02-03 10:20:00,24.61731772602563
2024-02-03 10:25:00,36.23061211868062
2024-02-03 10:30:00,36.087769789393626
2024-02-03 10:35:00,27.680831971886576
2024-02-03 10:40:00,26.87746646989334
2024-02-03 10:45:00,25.301815780034172
2024-02-03 10:50:00,27.797266453362266
2024-02-03 10:55:00,22.44319884445471
2024-02-03 11:00:00,23.43582802079457
2024-02-03 11:05:00,29.728305185480387
2024-02-03 11:10:00,21.29644384017009
2024-02-03 11:15:00,22.77788687412076
2024-02-03 11:20:00,16.936222193007993
2024-02-03 11:25:00,25.237032442601134
2024-02-03 11:30:00,24.798710829882456
2024-02-03 11:35:00,23.995593529140045
2024-02-03 11:40:00,22.873475889188388
2024-02-03 11:45:00,22.569752414987143
2024-02-03 11:50:00,25.74838502487965
2024-02-03 11:55:00,23.625517683722467
2024-02-03 12:00:00,23.588639272258572
2024-02-03 12:05:00,23.18868305585544
2024-02-03 12:10:00,26.822460934420292
2024-02-03 12:15:00,25.036728175537466
2024-02-03 12:20:00,23.10019915863801
2024-02-03 12:25:00,28.402439908645967
2024-02-03 12:30:00,24.009825902263493
2024-02-03 12:35:00,27.548602541198925
2024-02-03 12:40:00,24.7565222195838
2024-02-03 12:45:00,14.961075470311076
2024-02-03 12:50:00,27.54809083931457
2024-02-03 12:55:00,22.869456751407924
2024-02-03 13:00:00,22.07587344436474
2024-02-03 13:05:00,23.40908591792616
2024-02-03 13:10:00,20.90375988013958
2024-02-03 13:15:00,23.191807969523637
2024-02-03 13:20:00,19.916188262595483
2024-02-03 13:25:00,27.38078156290533
2024-02-03 13:30:00,21.82934007348365
2024-02-03 13:35:00,20.75335715707812
2024-02-03 13:40:00,18.58398926509076
2024-02-03 13:45:00,23.358795684562416
2024-02-03 13:50:00,23.032120928468217
2024-02-03 13:55:00,23.83739098267788
2024-02-03 14:00:00,19.34226804947255
2024-02-03 14:05:00,17.046550804246774
2024-02-03 14:10:00,25.953640809519307
2024-02-03 14:15:00,29.389843046999097
2024-02-03 14:20:00,19.34586110993348
2024-02-03 14:25:00,29.80904073373986
2024-02-03 14:30:00,24.58691983443859
2024-02-03 14:35:00,23.423023981289745
2024-02-03 14:40:00,21.861080813309957
2024-02-03 14:45:00,17.91320352179308
2024-02-03 14:50:00,27.402189663191464
2024-02-03 14:55:00,20.348850153742653
2024-02-03 15:00:00,23.93919456759391
2024-02-03 15:05:00,31.026126510092126
2024-02-03 15:10:00,19.5264874838574
2024-02-03 15:15:00,20.96403002787164
2024-02-03 15:20:00,26.98588429651198
2024-02-03 15:25:00,28.23155898656372
2024-02-03 15:30:00,28.997359862420005
2024-02-03 15:35:00,25.851227296959298
2024-02-03 15:40:00,37.17989994511107
2024-02-03 15:45:00,26.14685103548097
2024-02-03 15:50:00,26.13527666213342
2024-02-03 15:55:00,23.8704745952888
2024-02-03 16:00:00,33.204139890146486
2024-02-03 16:05:00,35.1683575522493
2024-02-03 16:10:00,37.52282484219605
2024-02-03 16:15:00,26.75137556630133
2024-02-03 16:20:00,31.7245312706394
2024-02-03 16:25:00,34.49532706729878
2024-02-03 16:30:00,35.056742762440344
2024-02-03 16:35:00,32.734707255280355
2024-02-03 16:40:00,34.87820850219061
2024-02-03 16:45:00,29.472657052359
2024-02-03 16:50:00,38.94013435333563
2024-02-03 16:55:00,36.67902503597992
2024-02-03 17:00:00,30.370288878225573
2024-02-03 17:05:00,31.44958783401924
2024-02-03 17:10:00,31.56231302605864
2024-02-03 17:15:00,38.461879910072376
2024-02-03 17:20:00,30.611088960816392
2024-02-03 17:25:00,34.42590268965394
2024-02-03 17:30:00,37.56881761215336
2024-02-03 17:35:00,35.48533628830052
2024-02-03 17:40:00,36.785550089337086
2024-02-03 17:45:00,31.48678918109123
2024-02-03 17:50:00,38.12941752007524
2024-02-03 17:55:00,33.297152456582275
2024-02-03 18:00:00,31.410032069869207
2024-02-03 18:05:00,33.65943767908492
2024-02-03 18:10:00,33.12082365358437
2024-02-03 18:15:00,32.80443084352334
2024-02-03 18:20:00,29.70600347955395
2024-02-03 18:25:00,31.510313122664204
2024-02-03 18:30:00,32.71724513080912
2024-02-03 18:35:00,27.20816983479263
2024-02-03 18:40:00,30.858378902207452
2024-02-03 18:45:00,34.25923028359236
2024-02-03 18:50:00,27.5987643520796
2024-02-03 18:55:00,37.33483737383793
2024-02-03 19:00:00,32.13679536650791
2024-02-03 19:05:00,22.0777400122682
2024-02-03 19:10:00,32.488820848309096
2024-02-03 19:15:00,26.484015961260003
2024-02-03 19:20:00,28.73240055273676
2024-02-03 19:25:00,25.071738107595557
2024-02-03 19:30:00,30.750521625015587
2024-02-03 19:35:00,28.682718391503208
2024-02-03 19:40:00,23.801729289718125
2024-02-03 19:45:00,22.397534316247388
2024-02-03 19:50:00,21.21713257527165
2024-02-03 19:55:00,27.810109421839567
2024-02-03 20:00:00,25.739124984844587
2024-02-03 20:05:00,26.05310205284341
2024-02-03 20:10:00,22.97731495929613
2024-02-03 20:15:00,18.821253515068182
2024-02-03 20:20:00,20.72094014563051
2024-02-03 20:25:00,28.058633893573347
2024-02-03 20:30:00,21.51072507932532
2024-02-03 20:35:00,24.02290986045155
2024-02-03 20:40:00,19.14663740342609
2024-02-03 20:45:00,24.795571519561783
2024-02-03 20:50:00,21.61850109100933
2024-02-03 20:55:00,27.636090192828696
2024-02-03 21:00:00,25.34607085954735
2024-02-03 21:05:00,20.2690162484205
2024-02-03 21:10:00,21.74518392532944
2024-02-03 21:15:00,20.047375074557586
2024-02-03 21:20:00,16.57410724854006
2024-02-03 21:25:00,18.82207031653123
2024-02-03 21:30:00,23.044709345603376
2024-02-03 21:35:00,23.552878027638425
2024-02-03 21:40:00,22.84603164909065
2024-02-03 21:45:00,21.044907818885555
2024-02-03 21:50:00,25.98410645760404
2024-02-03 21:55:00,22.506007652963845
2024-02-03 22:00:00,24.83955905675692
2024-02-03 22:05:00,14.931443215563055
2024-02-03 22:10:00,6.336942737899763
2024-02-03 22:15:00,23.16169585572545
2024-02-03 22:20:00,16.327481129487175
2024-02-03 22:25:00,21.176736933520907
2024-02-03 22:30:00,20.81815558027471
2024-02-03 22:35:00,28.37614615403528
2024-02-03 22:40:00,23.62652995614756
2024-02-03 22:45:00,22.689979851567823
2024-02-03 22:50:00,25.374508362907825
2024-02-03 22:55:00,23.50053409172929
2024-02-03 23:00:00,20.170988912852465
2024-02-03 23:05:00,26.28760060582444
2024-02-03 23:10:00,17.5626963732531
2024-02-03 23:15:00,23.294685634940446
2024-02-03 23:20:00,15.811417708260953
2024-02-03 23:25:00,22.817472314870177
2024-02-03 23:30:00,22.77365545189792
2024-02-03 23:35:00,28.70751673246485
2024-02-03 23:40:00,15.74180131103908
2024-02-03 23:45:00,19.598148181390947
2024-02-03 23:50:00,25.29242659110277
2024-02-03 23:55:00,23.342965910395428
2024-02-04 00:00:00,22.721222062180395
2024-02-04 00:05:00,18.175459044996227
2024-02-04 00:10:00,19.636728464464667
2024-02-04 00:15:00,26.98016588972341
2024-02-04 00:20:00,21.793965081814672
2024-02-04 00:25:00,23.50144064140828
2024-02-04 00:30:00,21.53924854172447
2024-02-04 00:35:00,17.26765979583132
2024-02-04 00:40:00,25.73524356113037
2024-02-04 00:45:00,24.01293139496037
2024-02-04 00:50:00,31.222549206299146
2024-02-04 00:55:00,17.937676338228204
2024-02-04 01:00:00,25.29037063923889
2024-02-04 01:05:00,16.75390309028897
2024-02-04 01:10:00,22.629465225129284
2024-02-04 01:15:00,25.906105310689632
2024-02-04 01:20:00,13.711538490051025
2024-02-04 01:25:00,21.18034905747054
2024-02-04 01:30:00,19.74724001826649
2024-02-04 01:35:00,19.192249761256484
2024-02-04 01:40:00,23.54092956347439
2024-02-04 01:45:00,26.482821780127352
2024-02-04 01:50:00,21.46696409352035
2024-02-04 01:55:00,22.82202466467705
2024-02-04 02:00:00,22.459271274004426
2024-02-04 02:05:00,22.009250287193087
2024-02-04 02:10:00,17.644665710919003
2024-02-04 02:15:00,26.435814668659
2024-02-04 02:20:00,23.18281773440277
2024-02-04 02:25:00,23.58156222177774
2024-02-04 02:30:00,18.7759977456651
2024-02-04 02:35:00,20.165154669810462
2024-02-04 02:40:00,21.297499470924315
2024-02-04 02:45:00,15.865537487972023
2024-02-04 02:50:00,15.249898960976717
2024-02-04 02:55:00,19.59904453921316
2024-02-04 03:00:00,24.12193555901732
2024-02-04 03:05:00,19.419302933527995
2024-02-04 03:10:00,17.956631702884906
2024-02-04 03:15:00,18.77310988029708
2024-02-04 03:20:00,20.210482800666508
2024-02-04 03:25:00,20.616416641967344
2024-02-04 03:30:00,30.693938302073985
2024-02-04 03:35:00,26.25033500719703
2024-02-04 03:40:00,26.13094894237467
2024-02-04 03:45:00,26.706173950341284
2024-02-04 03:50:00,18.03656901591156
2024-02-04 03:55:00,17.1423940332988
2024-02-04 04:00:00,17.87472687552789
2024-02-04 04:05:00,27.640232575015467
2024-02-04 04:10:00,20.113440886134157
2024-02-04 04:15:00,17.296783312706967
2024-02-04 04:20:00,20.578223240784865
2024-02-04 04:25:00,21.34778591480561
2024-02-04 04:30:00,23.375861136442364
2024-02-04 04:35:00,23.30601212451229
2024-02-04 04:40:00,18.98948578617008
2024-02-04 04:45:00,25.04483361171896
2024-02-04 04:50:00,19.74543390666348
2024-02-04 04:55:00,21.677102694843946
2024-02-04 05:00:00,26.48618348728419
2024-02-04 05:05:00,21.17180158949341
2024-02-04 05:10:00,21.46168151094622
2024-02-04 05:15:00,26.10575940404329
2024-02-04 05:20:00,20.30815449885069
2024-02-04 05:25:00,22.199919110854488
2024-02-04 05:30:00,25.962055917442346
2024-02-04 05:35:00,31.95545697101467
2024-02-04 05:40:00,26.16070522432176
2024-02-04 05:45:00,25.629646257230817
2024-02-04 05:50:00,25.86229353996169
2024-02-04 05:55:00,19.446326109002573
2024-02-04 06:00:00,28.53239773404944
2024-02-04 06:05:00,27.950944825984195
2024-02-04 06:10:00,29.356348940820823
2024-02-04 06:15:00,28.536042989233287
2024-02-04 06:20:00,29.58880948899825
2024-02-04 06:25:00,26.824141999733
2024-02-04 06:30:00,28.30444644881697
2024-02-04 06:35:00,23.158696515101838
2024-02-04 06:40:00,26.790381667318147
2024-02-04 06:45:00,33.633344972036376
2024-02-04 06:50:00,29.345244137842823
2024-02-04 06:55:00,27.986326629797496
2024-02-04 07:00:00,42.43470602588653
2024-02-04 07:05:00,29.406873007664824
2024-02-04 07:10:00,30.412390699084263
2024-02-04 07:15:00,41.70105856597423
2024-02-04 07:20:00,35.034056665064874
2024-02-04 07:25:00,33.879880775709964
2024-02-04 07:30:00,30.05339562048657
2024-02-04 07:35:00,36.64099798644919
2024-02-04 07:40:00,37.028052398978986
2024-02-04 07:45:00,30.472235477529555
2024-02-04 07:50:00,34.289110578667426
2024-02-04 07:55:00,33.50814959273688
2024-02-04 08:00:00,39.523908607746975
2024-02-04 08:05:00,34.02299905318931
2024-02-04 08:10:00,43.50778984012452
2024-02-04 08:15:00,42.1632951484623
2024-02-04 08:20:00,37.04729778714062
2024-02-04 08:25:00,37.634325175518406
2024-02-04 08:30:00,37.95431142096143
2024-02-04 08:35:00,35.38676581004587
2024-02-04 08:40:00,36.72628234913174
2024-02-04 08:45:00,37.41891855137345
2024-02-04 08:50:00,44.9514735049004
2024-02-04 08:55:00,42.28647325539363
2024-02-04 09:00:00,38.58883329738333
2024-02-04 09:05:00,36.3299169200544
2024-02-04 09:10:00,30.38090643231189
2024-02-04 09:15:00,34.68425004972732
2024-02-04 09:20:00,38.73216830649035
2024-02-04 09:25:00,29.81715595056768
2024-02-04 09:30:00,37.39642729552989
2024-02-04 09:35:00,44.1406513690879
2024-02-04 09:40:00,39.09748105199576
2024-02-04 09:45:00,40.50633101028478
2024-02-04 09:50:00,35.72356946980548
2024-02-04 09:55:00,38.72194226309679
2024-02-04 10:00:00,25.1986637172768
2024-02-04 10:05:00,31.253531824057845
2024-02-04 10:10:00,30.687629110935998
2024-02-04 10:15:00,29.22972127084359
2024-02-04 10:20:00,33.33410625356694
2024-02-04 10:25:00,25.914937223303387
2024-02-04 10:30:00,27.32184650879829
2024-02-04 10:35:00,28.451924740126127
2024-02-04 10:40:00,23.951632690335337
2024-02-04 10:45:00,28.977804349893933
2024-02-04 10:50:00,21.19435492287755
2024-02-04 10:55:00,32.25789471240578
2024-02-04 11:00:00,23.927333556340823
2024-02-04 11:05:00,21.657212474461907
2024-02-04 11:10:00,20.403289640896475
2024-02-04 11:15:00,22.80246797160021
2024-02-04 11:20:00,26.493822933166616
2024-02-04 11:25:00,25.9317400050272
2024-02-04 11:30:00,20.91863230096312
2024-02-04 11:35:00,20.356625399566425
2024-02-04 11:40:00,26.36837891535555
2024-02-04 11:45:00,20.85139447161684
2024-02-04 11:50:00,23.980423186394976
2024-02-04 11:55:00,24.23580266017407
2024-02-04 12:00:00,23.5770003129442
2024-02-04 12:05:00,25.76183350676473
2024-02-04 12:10:00,17.27690003856796
2024-02-04 12:15:00,14.684114484995298
2024-02-04 12:20:00,20.058962661123843
2024-02-04 12:25:00,29.534865417365992
2024-02-04 12:30:00,30.417448186386764
2024-02-04 12:35:00,29.6534603283008
2024-02-04 12:40:00,21.55682631499449
2024-02-04 12:45:00,15.200291458097931
2024-02-04 12:50:00,12.956595379429883
2024-02-04 12:55:00,19.872599139839604
2024-02-04 13:00:00,21.49139800737041
2024-02-04 13:05:00,27.486194132191685
2024-02-04 13:10:00,25.754914366137637
2024-02-04 13:15:00,23.193312843934333
2024-02-04 13:20:00,18.724313444203283
2024-02-04 13:25:00,18.44057429498829
2024-02-04 13:30:00,23.300203276253598
2024-02-04 13:35:00,25.07189644332676
2024-02-04 13:40:00,23.85121757695019
2024-02-04 13:45:00,18.14530068954123
2024-02-04 13:50:00,24.8863630431362
2024-02-04 13:55:00,23.987336396373497
2024-02-04 14:00:00,19.16860997473235
2024-02-04 14:05:00,20.313991718292044
2024-02-04 14:10:00,26.20525949773933
2024-02-04 14:15:00,22.513245458909505
2024-02-04 14:20:00,29.807864806038893
2024-02-04 14:25:00,25.45579270375137
2024-02-04 14:30:00,21.504750846735988
2024-02-04 14:35:00,23.410453197929336
2024-02-04 14:40:00,23.704809170043937
2024-02-04 14:45:00,20.537714346526226
2024-02-04 14:50:00,19.80092280678256
2024-02-04 14:55:00,26.256835174731066
2024-02-04 15:00:00,30.43951445871269
2024-02-04 15:05:00,29.473547148756143
2024-02-04 15:10:00,33.11969364783951
2024-02-04 15:15:00,24.8913283264979
2024-02-04 15:20:00,33.75550433482883
2024-02-04 15:25:00,23.454736796327698
2024-02-04 15:30:00,23.007679017070338
2024-02-04 15:35:00,20.018585741947305
2024-02-04 15:40:00,25.27524001523704
2024-02-04 15:45:00,25.04353192322649
2024-02-04 15:50:00,29.16217039156291
2024-02-04 15:55:00,28.033985037026117
2024-02-04 16:00:00,27.936619139985652
2024-02-04 16:05:00,31.13760767035893
2024-02-04 16:10:00,31.22266453971146
2024-02-04 16:15:00,25.60458363621463
2024-02-04 16:20:00,28.78472571600872
2024-02-04 16:25:00,29.625258101605844
2024-02-04 16:30:00,38.44301270334599
2024-02-04 16:35:00,33.47431548789161
2024-02-04 16:40:00,35.3571876398522
2024-02-04 16:45:00,26.713970635465355
2024-02-04 16:50:00,37.48537055611817
2024-02-04 16:55:00,37.91292087615857
2024-02-04 17:00:00,27.75662015790776
2024-02-04 17:05:00,32.92873313082287
2024-02-04 17:10:00,37.73306231854831
2024-02-04 17:15:00,38.32755384063899
2024-02-04 17:20:00,33.036021104537376
2024-02-04 17:25:00,34.52800217427165
2024-02-04 17:30:00,33.36047578230569
2024-02-04 17:35:00,36.19167221427074
2024-02-04 17:40:00,40.53871415233391
2024-02-04 17:45:00,32.665831397921444
2024-02-04 17:50:00,39.75328201755992
2024-02-04 17:55:00,32.62331173709871
2024-02-04 18:00:00,29.318001917473435
2024-02-04 18:05:00,35.98288924083383
2024-02-04 18:10:00,36.39625627949144
2024-02-04 18:15:00,36.11415051451159
2024-02-04 18:20:00,27.445321134588408
2024-02-04 18:25:00,30.844706855172767
2024-02-04 18:30:00,36.00046513547426
2024-02-04 18:35:00,32.87467812971655
2024-02-04 18:40:00,28.413739382671118
2024-02-04 18:45:00,34.54178252396274
2024-02-04 18:50:00,29.84928173149509
2024-02-04 18:55:00,39.88661016102982
2024-02-04 19:00:00,33.23770816578158
2024-02-04 19:05:00,29.47473202153081
2024-02-04 19:10:00,32.502369135187635
2024-02-04 19:15:00,27.317507716602066
2024-02-04 19:20:00,30.120092293608604
2024-02-04 19:25:00,32.96922349731684
2024-02-04 19:30:00,28.040337043285792
2024-02-04 19:35:00,26.037593630051404
2024-02-04 19:40:00,20.23985448340008
2024-02-04 19:45:00,26.725808213222564
2024-02-04 19:50:00,30.352035054357785
2024-02-04 19:55:00,30.840876026379057
2024-02-04 20:00:00,25.466699600599284
2024-02-04 20:05:00,21.28404295787669
2024-02-04 20:10:00,15.54195306193528
2024-02-04 20:15:00,21.468378945706704
2024-02-04 20:20:00,22.23185985350984
2024-02-04 20:25:00,22.19752346896559
2024-02-04 20:30:00,25.92346476563734
2024-02-04 20:35:00,31.391944981785
2024-02-04 20:40:00,23.94335614509001
2024-02-04 20:45:00,22.5823121810998
2024-02-04 20:50:00,22.412352085709276
2024-02-04 20:55:00,23.9467784053565
2024-02-04 21:00:00,18.9386649933265
2024-02-04 21:05:00,22.73263426970432
2024-02-04 21:10:00,24.055089380047296
2024-02-04 21:15:00,23.09058428901805
2024-02-04 21:20:00,24.08200777073922
2024-02-04 21:25:00,23.98683047211424
2024-02-04 21:30:00,15.164253305734322
2024-02-04 21:35:00,24.79932066830171
2024-02-04 21:40:00,19.567780652070283
2024-02-04 21:45:00,17.868483382704266
2024-02-04 21:50:00,17.834032723300112
2024-02-04 21:55:00,23.98600647661021
2024-02-04 22:00:00,21.13624403547372
2024-02-04 22:05:00,15.29866860843149
2024-02-04 22:10:00,23.938695005142264
2024-02-04 22:15:00,16.268111221177822
2024-02-04 22:20:00,22.585829178445977
2024-02-04 22:25:00,22.98053944706535
2024-02-04 22:30:00,25.568852071153312
2024-02-04 22:35:00,29.15328289024054
2024-02-04 22:40:00,16.567838440770966
2024-02-04 22:45:00,21.816648320120933
2024-02-04 22:50:00,20.921202564196264
2024-02-04 22:55:00,23.761542488216985
2024-02-04 23:00:00,22.86437196854067
2024-02-04 23:05:00,20.59151191385972
2024-02-04 23:10:00,20.238088130362776
2024-02-04 23:15:00,17.535893464070007
2024-02-04 23:20:00,25.953143214432234
2024-02-04 23:25:00,23.838513611204316
2024-02-04 23:30:00,25.672769675986743
2024-02-04 23:35:00,20.760112338904143
2024-02-04 23:40:00,19.374355010028477
2024-02-04 23:45:00,17.688436618289288
2024-02-04 23:50:00,23.437367219768834
2024-02-04 23:55:00,17.84252398669326
2024-02-05 00:00:00,47.39465565192144
2024-02-05 00:05:00,34.769433051681474
2024-02-05 00:10:00,41.09464385290525
2024-02-05 00:15:00,46.26742220491038
2024-02-05 00:20:00,42.39636241311048
2024-02-05 00:25:00,40.70269822602236
2024-02-05 00:30:00,36.12606878820766
2024-02-05 00:35:00,34.472926621784424
2024-02-05 00:40:00,43.08020381172558
2024-02-05 00:45:00,46.02459233915503
2024-02-05 00:50:00,38.24460341414255
2024-02-05 00:55:00,35.44375734558984
2024-02-05 01:00:00,30.167465831325693
2024-02-05 01:05:00,36.077084178871615
2024-02-05 01:10:00,39.545516183525606
2024-02-05 01:15:00,46.3966365168687
2024-02-05 01:20:00,42.69267832245364
2024-02-05 01:25:00,41.22048517234878
2024-02-05 01:30:00,38.39966490831724
2024-02-05 01:35:00,37.66748068449794
2024-02-05 01:40:00,45.62273394355362
2024-02-05 01:45:00,40.80309771655533
2024-02-05 01:50:00,31.58974078583768
2024-02-05 01:55:00,37.30598496193279
2024-02-05 02:00:00,36.57083816703609
2024-02-05 02:05:00,37.81864625741274
2024-02-05 02:10:00,42.25534493526294
2024-02-05 02:15:00,39.5739227669456
2024-02-05 02:20:00,39.69624066610795
2024-02-05 02:25:00,45.25759493942354
2024-02-05 02:30:00,37.21785793497585
2024-02-05 02:35:00,47.46050039767199
2024-02-05 02:40:00,37.31847192863825
2024-02-05 02:45:00,40.36049508057288
2024-02-05 02:50:00,38.87888791251153
2024-02-05 02:55:00,40.49737882812644
2024-02-05 03:00:00,41.836281604379344
2024-02-05 03:05:00,41.79325458444234
2024-02-05 03:10:00,37.04544430160451
2024-02-05 03:15:00,35.56625491429655
2024-02-05 03:20:00,50.07060078770967
2024-02-05 03:25:00,38.121976265684616
2024-02-05 03:30:00,42.85476337877478
2024-02-05 03:35:00,33.62734838199404
2024-02-05 03:40:00,38.93946274446812
2024-02-05 03:45:00,39.54911608815706
2024-02-05 03:50:00,41.94917390379816
2024-02-05 03:55:00,29.168097060119077
2024-02-05 04:00:00,41.21403161897535
2024-02-05 04:05:00,35.950503345190455
2024-02-05 04:10:00,41.846852011441726
2024-02-05 04:15:00,36.40415237930938
2024-02-05 04:20:00,37.127538382959706
2024-02-05 04:25:00,39.45495872508896
2024-02-05 04:30:00,36.340151288249245
2024-02-05 04:35:00,38.64733137972061
2024-02-05 04:40:00,35.775966092488765
2024-02-05 04:45:00,33.21678735986712
2024-02-05 04:50:00,44.62129737637947
2024-02-05 04:55:00,35.36527439536631
2024-02-05 05:00:00,42.44725318642401
2024-02-05 05:05:00,46.17354106283108
2024-02-05 05:10:00,40.70220032679177
2024-02-05 05:15:00,39.861313137873786
2024-02-05 05:20:00,44.06692909152563
2024-02-05 05:25:00,47.63371202776455
2024-02-05 05:30:00,38.48471567651006
2024-02-05 05:35:00,42.56138540878619
2024-02-05 05:40:00,36.23199835698663
2024-02-05 05:45:00,41.58917272212718
2024-02-05 05:50:00,43.29879547500824
2024-02-05 05:55:00,39.74347816983568
2024-02-05 06:00:00,49.20841589984416
2024-02-05 06:05:00,45.403476161915286
2024-02-05 06:10:00,51.34469768067106
2024-02-05 06:15:00,55.259160230677686
2024-02-05 06:20:00,46.64780775606323
2024-02-05 06:25:00,48.54569616893556
2024-02-05 06:30:00,53.04656822096182
2024-02-05 06:35:00,55.884746112436034
2024-02-05 06:40:00,45.063623986309366
2024-02-05 06:45:00,50.36124428548129
2024-02-05 06:50:00,52.16890652442319
2024-02-05 06:55:00,50.6281576726297
2024-02-05 07:00:00,53.456855224981
2024-02-05 07:05:00,65.36838352972443
2024-02-05 07:10:00,69.44136889685193
2024-02-05 07:15:00,63.83067049716736
2024-02-05 07:20:00,59.23959927931229
2024-02-05 07:25:00,61.31151450703221
2024-02-05 07:30:00,70.44367576311171
2024-02-05 07:35:00,67.00387365593159
2024-02-05 07:40:00,65.92412996602667
2024-02-05 07:45:00,64.78967382662685
2024-02-05 07:50:00,60.71947504372545
2024-02-05 07:55:00,62.561738769866274
2024-02-05 08:00:00,69.68830909741664
2024-02-05 08:05:00,72.19829730438848
2024-02-05 08:10:00,76.03567561719831
2024-02-05 08:15:00,74.47335258730321
2024-02-05 08:20:00,64.32246261694654
2024-02-05 08:25:00,70.8959799157349
2024-02-05 08:30:00,72.94705342080229
2024-02-05 08:35:00,72.47544136070924
2024-02-05 08:40:00,67.48306498658103
2024-02-05 08:45:00,81.65643690320415
2024-02-05 08:50:00,64.89166179080622
2024-02-05 08:55:00,65.6672462534665
2024-02-05 09:00:00,64.29840663056781
2024-02-05 09:05:00,71.83123852537693
2024-02-05 09:10:00,60.01924690270483
2024-02-05 09:15:00,62.30071284293354
2024-02-05 09:20:00,67.67320099758429
2024-02-05 09:25:00,63.29257768597058
2024-02-05 09:30:00,62.02561088740033
2024-02-05 09:35:00,65.6265579130684
2024-02-05 09:40:00,64.45409826643989
2024-02-05 09:45:00,67.48578144806868
2024-02-05 09:50:00,68.52990186178296
2024-02-05 09:55:00,64.59203854554296
2024-02-05 10:00:00,52.2034337645913
2024-02-05 10:05:00,51.8929467922226
2024-02-05 10:10:00,52.99302508967522
2024-02-05 10:15:00,51.25718541456393
2024-02-05 10:20:00,51.03406893378891
2024-02-05 10:25:00,55.82301134638704
2024-02-05 10:30:00,57.10096758449824
2024-02-05 10:35:00,45.00629108454439
2024-02-05 10:40:00,51.07658747004034
2024-02-05 10:45:00,48.28172512929713
2024-02-05 10:50:00,49.79261699713378
2024-02-05 10:55:00,52.64656770201936
2024-02-05 11:00:00,45.84281546812798
2024-02-05 11:05:00,42.71655620751272
2024-02-05 11:10:00,35.511700643066895
2024-02-05 11:15:00,39.30487965965339
2024-02-05 11:20:00,46.75106066275877
2024-02-05 11:25:00,32.20335629381838
2024-02-05 11:30:00,47.9147705886861
2024-02-05 11:35:00,45.249981944536266
2024-02-05 11:40:00,48.42976630807819
2024-02-05 11:45:00,42.370785234434265
2024-02-05 11:50:00,34.919440285866486
2024-02-05 11:55:00,44.8865125479841
2024-02-05 12:00:00,45.696343016221086
2024-02-05 12:05:00,44.296617742121406
2024-02-05 12:10:00,37.94696458611558
2024-02-05 12:15:00,40.94477482191831
2024-02-05 12:20:00,38.46638544494802
2024-02-05 12:25:00,37.32066466331023
2024-02-05 12:30:00,44.419284804787125
2024-02-05 12:35:00,35.80760127500707
2024-02-05 12:40:00,37.02246479774127
2024-02-05 12:45:00,36.18162798617818
2024-02-05 12:50:00,34.63674042687153
2024-02-05 12:55:00,41.183387687438135
2024-02-05 13:00:00,45.16181679023308
2024-02-05 13:05:00,39.77629757132412
2024-02-05 13:10:00,34.49281339404851
2024-02-05 13:15:00,43.87558275527329
2024-02-05 13:20:00,47.258611612445065
2024-02-05 13:25:00,37.9308352997188
2024-02-05 13:30:00,38.60158752943431
2024-02-05 13:35:00,42.57844711663876
2024-02-05 13:40:00,47.00329958744538
2024-02-05 13:45:00,38.43646801340427
2024-02-05 13:50:00,35.18600547231236
2024-02-05 13:55:00,43.04147902139481
2024-02-05 14:00:00,45.834955200738406
2024-02-05 14:05:00,42.66320870991012
2024-02-05 14:10:00,40.406149869539405
2024-02-05 14:15:00,46.6161978321374
2024-02-05 14:20:00,44.75082692636106
2024-02-05 14:25:00,39.56494084055524
2024-02-05 14:30:00,42.8350618333919
2024-02-05 14:35:00,37.23185278007063
2024-02-05 14:40:00,45.38224473392089
2024-02-05 14:45:00,41.589748630637786
2024-02-05 14:50:00,40.89583957863026
2024-02-05 14:55:00,42.50718496755948
2024-02-05 15:00:00,49.358360380128815
2024-02-05 15:05:00,52.77684982907007
2024-02-05 15:10:00,51.56149170810871
2024-02-05 15:15:00,48.57149246763662
2024-02-05 15:20:00,52.25180218168381
2024-02-05 15:25:00,50.80007859757428
2024-02-05 15:30:00,47.49073103766368
2024-02-05 15:35:00,48.69825694986188
2024-02-05 15:40:00,48.60423802743534
2024-02-05 15:45:00,51.21817495550463
2024-02-05 15:50:00,47.72903912392126
2024-02-05 15:55:00,47.63549283712129
2024-02-05 16:00:00,67.3450521905762
2024-02-05 16:05:00,63.22896487982878
2024-02-05 16:10:00,56.42762029513981
2024-02-05 16:15:00,61.75378692860916
2024-02-05 16:20:00,59.943423215461074
2024-02-05 16:25:00,61.03622765388074
2024-02-05 16:30:00,60.01938825110079
2024-02-05 16:35:00,64.22859353478131
2024-02-05 16:40:00,60.85250433144615
2024-02-05 16:45:00,59.22166815998322
2024-02-05 16:50:00,63.63878526077244
2024-02-05 16:55:00,60.40316311719185
2024-02-05 17:00:00,65.48591436547306
2024-02-05 17:05:00,66.2560904581013
2024-02-05 17:10:00,64.62556395469137
2024-02-05 17:15:00,65.03690802013871
2024-02-05 17:20:00,62.653221693109344
2024-02-05 17:25:00,61.99533116966132
2024-02-05 17:30:00,61.00571850222708
2024-02-05 17:35:00,59.43206690096853
2024-02-05 17:40:00,61.481130602618606
2024-02-05 17:45:00,64.30293191028913
2024-02-05 17:50:00,65.41247037793939
2024-02-05 17:55:00,63.91481379556628
2024-02-05 18:00:00,50.04720561669234
2024-02-05 18:05:00,65.76836500825114
2024-02-05 18:10:00,63.8159400687633
2024-02-05 18:15:00,61.253058982070286
2024-02-05 18:20:00,67.09998226741484
2024-02-05 18:25:00,55.56056310726692
2024-02-05 18:30:00,67.02052005970579
2024-02-05 18:35:00,55.60916327019957
2024-02-05 18:40:00,60.4249712783672
2024-02-05 18:45:00,54.37467027666495
2024-02-05 18:50:00,59.52879595937924
2024-02-05 18:55:00,61.01468556919532
2024-02-05 19:00:00,48.57822470475003
2024-02-05 19:05:00,52.0524958056488
2024-02-05 19:10:00,49.59304382723728
2024-02-05 19:15:00,47.10732711577821
2024-02-05 19:20:00,46.92973275807889
2024-02-05 19:25:00,52.44064111975104
2024-02-05 19:30:00,46.58201791006038
2024-02-05 19:35:00,52.858597911228
2024-02-05 19:40:00,54.08783320061597
2024-02-05 19:45:00,42.52213057990373
2024-02-05 19:50:00,53.72869157849239
2024-02-05 19:55:00,57.43867682306704
2024-02-05 20:00:00,43.64299565885433
2024-02-05 20:05:00,45.03131735522591
2024-02-05 20:10:00,46.78300191152325
2024-02-05 20:15:00,41.53305135333053
2024-02-05 20:20:00,43.3641015081981
2024-02-05 20:25:00,37.378182495554185
2024-02-05 20:30:00,43.189520728168425
2024-02-05 20:35:00,44.62742859662478
2024-02-05 20:40:00,44.69963270575249
2024-02-05 20:45:00,46.89667950843694
2024-02-05 20:50:00,39.5357719015045
2024-02-05 20:55:00,40.50455358735263
2024-02-05 21:00:00,48.03992035618377
2024-02-05 21:05:00,39.85657747716351
2024-02-05 21:10:00,41.25802612146767
2024-02-05 21:15:00,40.18985080531747
2024-02-05 21:20:00,37.17116766699826
2024-02-05 21:25:00,46.95200781578558
2024-02-05 21:30:00,38.347085324535925
2024-02-05 21:35:00,35.94874887739063
2024-02-05 21:40:00,38.65492986300735
2024-02-05 21:45:00,32.451066965316215
2024-02-05 21:50:00,37.85274111228562
2024-02-05 21:55:00,36.58537658080905
2024-02-05 22:00:00,42.51797587711499
2024-02-05 22:05:00,37.354604395166206
2024-02-05 22:10:00,43.599477095721085
2024-02-05 22:15:00,45.64219732568298
2024-02-05 22:20:00,43.17296269855609
2024-02-05 22:25:00,39.18670819796539
2024-02-05 22:30:00,40.61271934022806
2024-02-05 22:35:00,33.94832159282945
2024-02-05 22:40:00,39.513143863320735
2024-02-05 22:45:00,36.60650748113836
2024-02-05 22:50:00,42.82556687800289
2024-02-05 22:55:00,50.33927091038359
2024-02-05 23:00:00,42.00237178899741
2024-02-05 23:05:00,32.0385246492835
2024-02-05 23:10:00,38.55816447344468
2024-02-05 23:15:00,40.49304894659999
2024-02-05 23:20:00,40.35251494614322
2024-02-05 23:25:00,37.07983274266716
2024-02-05 23:30:00,40.98425221564991
2024-02-05 23:35:00,35.03308189742462
2024-02-05 23:40:00,36.2234503543619
2024-02-05 23:45:00,42.58627581151701
2024-02-05 23:50:00,35.94043232158287
2024-02-05 23:55:00,42.1559316670712
2024-02-06 00:00:00,34.52214827743101
2024-02-06 00:05:00,47.05930691122219
2024-02-06 00:10:00,36.902923686439024
2024-02-06 00:15:00,39.105337088841466
2024-02-06 00:20:00,41.32245642041686
2024-02-06 00:25:00,37.73860356605086
2024-02-06 00:30:00,40.573627220340455
2024-02-06 00:35:00,42.30143027413574
2024-02-06 00:40:00,43.84245630606918
2024-02-06 00:45:00,43.16599311994707
2024-02-06 00:50:00,39.31276152084455
2024-02-06 00:55:00,39.41347627988083
2024-02-06 01:00:00,49.3965777856219
2024-02-06 01:05:00,43.79969982651893
2024-02-06 01:10:00,36.31284892824091
2024-02-06 01:15:00,40.400096208583975
2024-02-06 01:20:00,38.659570998409
2024-02-06 01:25:00,39.458806617829325
2024-02-06 01:30:00,35.08216292268941
2024-02-06 01:35:00,38.35245061597796
2024-02-06 01:40:00,47.24636664629742
2024-02-06 01:45:00,42.31644875702378
2024-02-06 01:50:00,30.03549792091593
2024-02-06 01:55:00,44.86703752351355
2024-02-06 02:00:00,44.36222038575925
2024-02-06 02:05:00,38.56656107689693
2024-02-06 02:10:00,42.87275646925546
2024-02-06 02:15:00,36.5661054508538
2024-02-06 02:20:00,38.122679429057165
2024-02-06 02:25:00,45.997887736802014
2024-02-06 02:30:00,38.91678213464376
2024-02-06 02:35:00,32.52477564630263
2024-02-06 02:40:00,39.75048940299725
2024-02-06 02:45:00,39.68934872246517
2024-02-06 02:50:00,44.79717657161643
2024-02-06 02:55:00,40.06104798282564
2024-02-06 03:00:00,38.37158437832566
2024-02-06 03:05:00,44.23813820501165
2024-02-06 03:10:00,40.54107455409127
2024-02-06 03:15:00,37.05782289782396
2024-02-06 03:20:00,44.6779038662533
2024-02-06 03:25:00,40.832560682154025
2024-02-06 03:30:00,40.06961749080458
2024-02-06 03:35:00,40.76954718973344
2024-02-06 03:40:00,35.77524013842044
2024-02-06 03:45:00,37.94729851937348
2024-02-06 03:50:00,40.07224403141796
2024-02-06 03:55:00,39.27925884398811
2024-02-06 04:00:00,45.63918269792841
2024-02-06 04:05:00,41.41909257757004
2024-02-06 04:10:00,43.96908485720764
2024-02-06 04:15:00,40.58705058496543
2024-02-06 04:20:00,44.77462310164652
2024-02-06 04:25:00,42.13958019295465
2024-02-06 04:30:00,40.60315110821587
2024-02-06 04:35:00,40.49633681082595
2024-02-06 04:40:00,36.731714661498174
2024-02-06 04:45:00,42.57713204720727
2024-02-06 04:50:00,40.38865022851651
2024-02-06 04:55:00,38.54150132593721
2024-02-06 05:00:00,47.58782382010423
2024-02-06 05:05:00,38.16111263327674
2024-02-06 05:10:00,41.471993155126206
2024-02-06 05:15:00,47.27285173197407
2024-02-06 05:20:00,44.42406850053696
2024-02-06 05:25:00,42.97054102624491
2024-02-06 05:30:00,44.165990909456525
2024-02-06 05:35:00,43.87963342105131
2024-02-06 05:40:00,37.095326551712255
2024-02-06 05:45:00,41.76492919546409
2024-02-06 05:50:00,49.628063354910935
2024-02-06 05:55:00,40.52468019774727
2024-02-06 06:00:00,49.76317917872775
2024-02-06 06:05:00,48.869900181908335
2024-02-06 06:10:00,50.688322341872535
2024-02-06 06:15:00,48.7038919098479
2024-02-06 06:20:00,52.983349243777326
2024-02-06 06:25:00,51.82563688430616
2024-02-06 06:30:00,54.13057369557316
2024-02-06 06:35:00,46.83261857038924
2024-02-06 06:40:00,49.67502130361348
2024-02-06 06:45:00,50.13349270869655
2024-02-06 06:50:00,52.858970875499466
2024-02-06 06:55:00,47.86349844631695
2024-02-06 07:00:00,67.02663870952271
2024-02-06 07:05:00,68.10968585455979
2024-02-06 07:10:00,59.40853410194701
2024-02-06 07:15:00,61.400531912915085
2024-02-06 07:20:00,61.23629745932097
2024-02-06 07:25:00,73.89356831119935
2024-02-06 07:30:00,61.6444230716578
2024-02-06 07:35:00,70.07452526111388
2024-02-06 07:40:00,58.29749551206291
2024-02-06 07:45:00,59.40541962783189
2024-02-06 07:50:00,60.617605365096544
2024-02-06 07:55:00,59.98126624670326
2024-02-06 08:00:00,68.9284051034967
2024-02-06 08:05:00,67.16488722924471
2024-02-06 08:10:00,66.7226336691924
2024-02-06 08:15:00,74.63388802602401
2024-02-06 08:20:00,74.89517453018337
2024-02-06 08:25:00,73.79718603363196
2024-02-06 08:30:00,72.09599586246802
2024-02-06 08:35:00,70.3709723032489
2024-02-06 08:40:00,68.01187727746706
2024-02-06 08:45:00,66.18737002111033
2024-02-06 08:50:00,71.45198285386145
2024-02-06 08:55:00,65.30547846994351
2024-02-06 09:00:00,59.38834258881994
2024-02-06 09:05:00,67.97567933034075
2024-02-06 09:10:00,70.96662247240987
2024-02-06 09:15:00,64.93720685818744
2024-02-06 09:20:00,67.78985491470009
2024-02-06 09:25:00,62.38063303574558
2024-02-06 09:30:00,58.01332956117078
2024-02-06 09:35:00,65.81271277999585
2024-02-06 09:40:00,65.64118359860177
2024-02-06 09:45:00,63.65070052104249
2024-02-06 09:50:00,62.394524473101065
2024-02-06 09:55:00,67.2128686198459
2024-02-06 10:00:00,47.093570729368174
2024-02-06 10:05:00,47.94138054751544
2024-02-06 10:10:00,47.00407683603636
2024-02-06 10:15:00,51.37639471362138
2024-02-06 10:20:00,46.68493081464104
2024-02-06 10:25:00,48.2995341410171
2024-02-06 10:30:00,48.21348061416928
2024-02-06 10:35:00,49.99406953374224
2024-02-06 10:40:00,45.087005077462166
2024-02-06 10:45:00,51.385322831227136
2024-02-06 10:50:00,56.02571746573678
2024-02-06 10:55:00,51.57846835234512
2024-02-06 11:00:00,49.33034656116339
2024-02-06 11:05:00,48.501054725465806
2024-02-06 11:10:00,46.276002170949525
2024-02-06 11:15:00,43.463805352505645
2024-02-06 11:20:00,43.255063534939865
2024-02-06 11:25:00,46.22026107141114
2024-02-06 11:30:00,41.59837954394197
2024-02-06 11:35:00,35.63497897608825
2024-02-06 11:40:00,45.13307819836994
2024-02-06 11:45:00,38.64078746221822
2024-02-06 11:50:00,39.316497069196565
2024-02-06 11:55:00,43.16595777394126
2024-02-06 12:00:00,40.21723100985384
2024-02-06 12:05:00,34.9494280948052
2024-02-06 12:10:00,41.25969677660028
2024-02-06 12:15:00,44.46228916351191
2024-02-06 12:20:00,36.084364239004586
2024-02-06 12:25:00,45.68766384346276
2024-02-06 12:30:00,34.357047219547944
2024-02-06 12:35:00,49.06702709755153
2024-02-06 12:40:00,38.952688798133785
2024-02-06 12:45:00,41.18019850737529
2024-02-06 12:50:00,33.02959623012504
2024-02-06 12:55:00,40.349186254190485
2024-02-06 13:00:00,41.42973330717795
2024-02-06 13:05:00,40.1711561799072
2024-02-06 13:10:00,38.263480288095685
2024-02-06 13:15:00,36.72954652219392
2024-02-06 13:20:00,45.03791107445443
2024-02-06 13:25:00,40.63903313629698
2024-02-06 13:30:00,46.67881410237227
2024-02-06 13:35:00,38.409875177125485
2024-02-06 13:40:00,38.77662582281632
2024-02-06 13:45:00,43.77818157468983
2024-02-06 13:50:00,34.023904748290924
2024-02-06 13:55:00,35.66195115569349
2024-02-06 14:00:00,47.02862279358186
2024-02-06 14:05:00,37.95094719127643
2024-02-06 14:10:00,35.36247884695902
2024-02-06 14:15:00,50.112791660461575
2024-02-06 14:20:00,37.063412316672384
2024-02-06 14:25:00,43.375160501481886
2024-02-06 14:30:00,42.91502367906629
2024-02-06 14:35:00,31.396169641696872
2024-02-06 14:40:00,41.56941481549797
2024-02-06 14:45:00,44.43233590608565
2024-02-06 14:50:00,44.05592043424465
2024-02-06 14:55:00,46.25276564338321
2024-02-06 15:00:00,47.64716432318609
2024-02-06 15:05:00,52.04714735117647
2024-02-06 15:10:00,46.43981331048754
2024-02-06 15:15:00,43.555259917156725
2024-02-06 15:20:00,44.00621608008289
2024-02-06 15:25:00,43.34868776202617
2024-02-06 15:30:00,53.2354734543726
2024-02-06 15:35:00,43.1388355465736
2024-02-06 15:40:00,50.29328494540504
2024-02-06 15:45:00,48.133432806518094
2024-02-06 15:50:00,48.7865352890053
2024-02-06 15:55:00,54.65155876360662
2024-02-06 16:00:00,57.71631348397927
2024-02-06 16:05:00,61.9164291990391
2024-02-06 16:10:00,59.62027635836481
2024-02-06 16:15:00,58.861947330309576
2024-02-06 16:20:00,68.66989945038625
2024-02-06 16:25:00,53.70465596997889
2024-02-06 16:30:00,64.62655029459015
2024-02-06 16:35:00,62.095649214800254
2024-02-06 16:40:00,57.55192297431323
2024-02-06 16:45:00,65.98729702260681
2024-02-06 16:50:00,52.07758250328622
2024-02-06 16:55:00,57.38295632364408
2024-02-06 17:00:00,60.16607123108053
2024-02-06 17:05:00,66.64833390764268
2024-02-06 17:10:00,60.547743643408126
2024-02-06 17:15:00,66.73225583512212
2024-02-06 17:20:00,64.25425438487062
2024-02-06 17:25:00,63.0825842775325
2024-02-06 17:30:00,66.55458903229008
2024-02-06 17:35:00,63.92551355240458
2024-02-06 17:40:00,60.64546067592068
2024-02-06 17:45:00,76.20549200669674
2024-02-06 17:50:00,63.051331316040255
2024-02-06 17:55:00,56.12956372754878
2024-02-06 18:00:00,56.10162481831621
2024-02-06 18:05:00,54.40091282371085
2024-02-06 18:10:00,62.77460204136383
2024-02-06 18:15:00,60.75663021556811
2024-02-06 18:20:00,61.06487078436314
2024-02-06 18:25:00,57.98992971385279
2024-02-06 18:30:00,58.35261858897408
2024-02-06 18:35:00,57.98629516277109
2024-02-06 18:40:00,59.14524684065989
2024-02-06 18:45:00,62.81135331866111
2024-02-06 18:50:00,60.814321227223154
2024-02-06 18:55:00,61.47047089568523
2024-02-06 19:00:00,51.19522166228506
2024-02-06 19:05:00,52.7347557788152
2024-02-06 19:10:00,50.34958619544926
2024-02-06 19:15:00,50.63237832000392
2024-02-06 19:20:00,53.95221099406088
2024-02-06 19:25:00,46.5368023572758
2024-02-06 19:30:00,45.77401570948222
2024-02-06 19:35:00,44.453299632540826
2024-02-06 19:40:00,49.92864428376927
2024-02-06 19:45:00,41.78205706441175
2024-02-06 19:50:00,51.04560241352696
2024-02-06 19:55:00,48.76021365128604
2024-02-06 20:00:00,47.17353941333084
2024-02-06 20:05:00,39.947311372186654
2024-02-06 20:10:00,41.8217074723766
2024-02-06 20:15:00,47.12379394722009
2024-02-06 20:20:00,48.16752320115923
2024-02-06 20:25:00,39.91437115103934
2024-02-06 20:30:00,43.362105544395256
2024-02-06 20:35:00,43.81265652478281
2024-02-06 20:40:00,44.12959423653121
2024-02-06 20:45:00,41.58467797678413
2024-02-06 20:50:00,47.76051420654116
2024-02-06 20:55:00,35.07616667956044
2024-02-06 21:00:00,38.77337003301402
2024-02-06 21:05:00,42.24961390331014
2024-02-06 21:10:00,42.286790220015725
2024-02-06 21:15:00,45.8689270946774
2024-02-06 21:20:00,45.2507925450235
2024-02-06 21:25:00,39.31572447098946
2024-02-06 21:30:00,45.65737594634077
2024-02-06 21:35:00,37.60172399710853
2024-02-06 21:40:00,44.1814405033857
2024-02-06 21:45:00,47.69998088590232
2024-02-06 21:50:00,45.31766739963823
2024-02-06 21:55:00,40.88097250631484
2024-02-06 22:00:00,38.721146266317206
2024-02-06 22:05:00,33.93389616836855
2024-02-06 22:10:00,41.29041990506251
2024-02-06 22:15:00,35.58739244152201
2024-02-06 22:20:00,36.87572269894994
2024-02-06 22:25:00,35.28527815045901
2024-02-06 22:30:00,38.20669202277907
2024-02-06 22:35:00,39.93638369545776
2024-02-06 22:40:00,41.14271967806852
2024-02-06 22:45:00,37.64623481174984
2024-02-06 22:50:00,44.32539617898642
2024-02-06 22:55:00,39.21544032144583
2024-02-06 23:00:00,36.85219551204009
2024-02-06 23:05:00,40.90825431407592
2024-02-06 23:10:00,47.85729657927743
2024-02-06 23:15:00,41.34372751124264
2024-02-06 23:20:00,38.55166273560774
2024-02-06 23:25:00,33.89323982062736
2024-02-06 23:30:00,39.12543596121389
2024-02-06 23:35:00,40.94279774545464
2024-02-06 23:40:00,38.45276168007989
2024-02-06 23:45:00,33.341546692138174
2024-02-06 23:50:00,36.60082368708844
2024-02-06 23:55:00,45.8212390886532
2024-02-07 00:00:00,45.736007390977086
2024-02-07 00:05:00,36.45344669923685
2024-02-07 00:10:00,42.69103052485293
2024-02-07 00:15:00,35.28571223697455
2024-02-07 00:20:00,45.61726850403505
2024-02-07 00:25:00,40.98094676763218
2024-02-07 00:30:00,43.79856937052138
2024-02-07 00:35:00,33.13962998732509
2024-02-07 00:40:00,42.7105517837548
2024-02-07 00:45:00,39.96930712131723
2024-02-07 00:50:00,43.40771965921861
2024-02-07 00:55:00,43.65947456844664
2024-02-07 01:00:00,40.26328231142077
2024-02-07 01:05:00,37.59682499713811
2024-02-07 01:10:00,43.11892828223974
2024-02-07 01:15:00,39.759525555901256
2024-02-07 01:20:00,36.5090037394112
2024-02-07 01:25:00,36.31953462769103
2024-02-07 01:30:00,34.09148588827224
2024-02-07 01:35:00,37.95897891526951
2024-02-07 01:40:00,44.41091173781928
2024-02-07 01:45:00,40.7114627523435
2024-02-07 01:50:00,37.8810727298296
2024-02-07 01:55:00,43.21956730624208
2024-02-07 02:00:00,36.67379580722904
2024-02-07 02:05:00,40.38510339145371
2024-02-07 02:10:00,39.28518080322053
2024-02-07 02:15:00,43.12022479647601
2024-02-07 02:20:00,33.69478881044459
2024-02-07 02:25:00,36.60291131086397
2024-02-07 02:30:00,33.450719657744465
2024-02-07 02:35:00,38.96531540688552
2024-02-07 02:40:00,44.84941230865232
2024-02-07 02:45:00,37.98191345550849
2024-02-07 02:50:00,37.96096654133999
2024-02-07 02:55:00,43.490599990859145
2024-02-07 03:00:00,44.33211185790803
2024-02-07 03:05:00,39.70362935501167
2024-02-07 03:10:00,42.7967730402864
2024-02-07 03:15:00,35.75009546057505
2024-02-07 03:20:00,45.56981095978848
2024-02-07 03:25:00,48.65273879983504
2024-02-07 03:30:00,42.14277678884173
2024-02-07 03:35:00,31.72058713871563
2024-02-07 03:40:00,37.824992574495695
2024-02-07 03:45:00,42.50921491076412
2024-02-07 03:50:00,38.37198163542138
2024-02-07 03:55:00,45.14670784108722
2024-02-07 04:00:00,42.90209822440549
2024-02-07 04:05:00,37.72356716359885
2024-02-07 04:10:00,40.67852840974704
2024-02-07 04:15:00,36.97413628410567
2024-02-07 04:20:00,39.81912965301226
2024-02-07 04:25:00,38.33109620493183
2024-02-07 04:30:00,45.24851636759418
2024-02-07 04:35:00,49.01351739398601
2024-02-07 04:40:00,34.82471583371902
2024-02-07 04:45:00,32.85660402182302
2024-02-07 04:50:00,39.56877947925648
2024-02-07 04:55:00,34.475806371347296
2024-02-07 05:00:00,43.34682315153961
2024-02-07 05:05:00,46.15772119207965
2024-02-07 05:10:00,49.13854432592324
2024-02-07 05:15:00,43.96755497171706
2024-02-07 05:20:00,42.38935583745762
2024-02-07 05:25:00,35.248437070563604
2024-02-07 05:30:00,43.26671733359913
2024-02-07 05:35:00,43.447125779053785
2024-02-07 05:40:00,45.71780399370692
2024-02-07 05:45:00,40.32802433073957
2024-02-07 05:50:00,41.4217663359125
2024-02-07 05:55:00,37.2499677156392
2024-02-07 06:00:00,41.871212007608825
2024-02-07 06:05:00,46.60239487195796
2024-02-07 06:10:00,44.75507997813303
2024-02-07 06:15:00,52.38323241682753
2024-02-07 06:20:00,48.96384700847766
2024-02-07 06:25:00,48.88343471484593
2024-02-07 06:30:00,47.09873105044424
2024-02-07 06:35:00,38.10612150509535
2024-02-07 06:40:00,57.06962623013529
2024-02-07 06:45:00,47.03530114403794
2024-02-07 06:50:00,49.38670295574546
2024-02-07 06:55:00,45.21681457398785
2024-02-07 07:00:00,67.25174486625188
2024-02-07 07:05:00,63.93773924063864
2024-02-07 07:10:00,60.05856235142587
2024-02-07 07:15:00,61.795105047113246
2024-02-07 07:20:00,70.07674318098883
2024-02-07 07:25:00,63.07214576496423
2024-02-07 07:30:00,62.637089342025725
2024-02-07 07:35:00,59.59849754793228
2024-02-07 07:40:00,55.78569889060013
2024-02-07 07:45:00,62.72386879817197
2024-02-07 07:50:00,64.66596394178782
2024-02-07 07:55:00,67.76236134980002
2024-02-07 08:00:00,61.00601390213208
2024-02-07 08:05:00,65.49961473203858
2024-02-07 08:10:00,67.6770356779049
2024-02-07 08:15:00,69.9860766458379
2024-02-07 08:20:00,69.41986527401701
2024-02-07 08:25:00,69.51324529738162
2024-02-07 08:30:00,71.63238427441048
2024-02-07 08:35:00,66.38682759701426
2024-02-07 08:40:00,73.73656580906548
2024-02-07 08:45:00,71.73380980692862
2024-02-07 08:50:00,68.72067098361838
2024-02-07 08:55:00,76.40363200768635
2024-02-07 09:00:00,69.58969044780858
2024-02-07 09:05:00,67.09560772629675
2024-02-07 09:10:00,51.28979922325034
2024-02-07 09:15:00,69.67980667639341
2024-02-07 09:20:00,66.54306039540926
2024-02-07 09:25:00,71.38966085637325
2024-02-07 09:30:00,68.31388467245567
2024-02-07 09:35:00,69.67739701551065
2024-02-07 09:40:00,66.87864570624303
2024-02-07 09:45:00,68.75879910010356
2024-02-07 09:50:00,71.34052126845927
2024-02-07 09:55:00,64.23024525903433
2024-02-07 10:00:00,44.74758068676555
2024-02-07 10:05:00,49.8066592630175
2024-02-07 10:10:00,52.596285260611815
2024-02-07 10:15:00,51.3360532005643
2024-02-07 10:20:00,46.050254998440366
2024-02-07 10:25:00,44.51223236229816
2024-02-07 10:30:00,48.07185218853876
2024-02-07 10:35:00,54.267461087014674
2024-02-07 10:40:00,57.35786194636995
2024-02-07 10:45:00,54.70277331818888
2024-02-07 10:50:00,55.26621201153461
2024-02-07 10:55:00,50.71324057042384
2024-02-07 11:00:00,36.19673215113425
2024-02-07 11:05:00,41.34417965842728
2024-02-07 11:10:00,42.13000433446859
2024-02-07 11:15:00,41.17685203461537
2024-02-07 11:20:00,43.38384144345661
2024-02-07 11:25:00,44.930741021529904
2024-02-07 11:30:00,46.5771227349321
2024-02-07 11:35:00,42.05258252449277
2024-02-07 11:40:00,35.550024359379734
2024-02-07 11:45:00,41.23355110479356
2024-02-07 11:50:00,43.33990356992604
2024-02-07 11:55:00,48.05629367049174
2024-02-07 12:00:00,38.3264991513313
2024-02-07 12:05:00,42.647905033665324
2024-02-07 12:10:00,41.75808211860945
2024-02-07 12:15:00,40.77333265256127
2024-02-07 12:20:00,44.31986379736609
2024-02-07 12:25:00,37.9543657330574
2024-02-07 12:30:00,38.29698472149366
2024-02-07 12:35:00,40.55012722769081
2024-02-07 12:40:00,38.03714449969292
2024-02-07 12:45:00,42.62977968428612
2024-02-07 12:50:00,37.74496130260319
2024-02-07 12:55:00,41.502947351048256
2024-02-07 13:00:00,40.11511352115816
2024-02-07 13:05:00,41.375508455412
2024-02-07 13:10:00,38.67683901605302
2024-02-07 13:15:00,39.15945141819788
2024-02-07 13:20:00,40.89984166829338
2024-02-07 13:25:00,41.324102620950434
2024-02-07 13:30:00,40.49899693474055
2024-02-07 13:35:00,47.33725402235751
2024-02-07 13:40:00,36.552856921340044
2024-02-07 13:45:00,40.25898941649432
2024-02-07 13:50:00,34.221288507837244
2024-02-07 13:55:00,42.004130510974726
2024-02-07 14:00:00,38.17769676266195
2024-02-07 14:05:00,41.5254418846629
2024-02-07 14:10:00,41.1504256068439
2024-02-07 14:15:00,43.76224741457389
2024-02-07 14:20:00,40.42751923798849
2024-02-07 14:25:00,40.25746011739328
2024-02-07 14:30:00,48.3821087645128
2024-02-07 14:35:00,43.77695007006732
2024-02-07 14:40:00,40.39447950008014
2024-02-07 14:45:00,41.635348220924286
2024-02-07 14:50:00,49.22010271725219
2024-02-07 14:55:00,41.69802339516482
2024-02-07 15:00:00,46.440023090198274
2024-02-07 15:05:00,46.45714498230225
2024-02-07 15:10:00,47.00062365884951
2024-02-07 15:15:00,46.81913869310094
2024-02-07 15:20:00,44.07853818941085
2024-02-07 15:25:00,44.70032919501991
2024-02-07 15:30:00,45.87984808536235
2024-02-07 15:35:00,51.56341365662021
2024-02-07 15:40:00,47.672180433716335
2024-02-07 15:45:00,48.36848282643167
2024-02-07 15:50:00,54.27748168382741
2024-02-07 15:55:00,54.3771581825615
2024-02-07 16:00:00,58.34152318028943
2024-02-07 16:05:00,56.946568910106734
2024-02-07 16:10:00,56.01230169814622
2024-02-07 16:15:00,62.24112603167332
2024-02-07 16:20:00,58.65119401875121
2024-02-07 16:25:00,57.924043391549205
2024-02-07 16:30:00,56.21536465229016
2024-02-07 16:35:00,56.39135731679481
2024-02-07 16:40:00,60.75025571881334
2024-02-07 16:45:00,54.20826988929132
2024-02-07 16:50:00,63.44949772799212
2024-02-07 16:55:00,57.334644377580695
2024-02-07 17:00:00,64.40145627114967
2024-02-07 17:05:00,59.65208821559462
2024-02-07 17:10:00,64.95053629518738
2024-02-07 17:15:00,63.6867162773946
2024-02-07 17:20:00,64.79967765273096
2024-02-07 17:25:00,70.88683564160439
2024-02-07 17:30:00,65.7107922313178
2024-02-07 17:35:00,61.82136331157362
2024-02-07 17:40:00,62.154720405970565
2024-02-07 17:45:00,67.38052479181191
2024-02-07 17:50:00,70.19477321213053
2024-02-07 17:55:00,66.12767213116103
2024-02-07 18:00:00,62.22487055542084
2024-02-07 18:05:00,61.90897047054859
2024-02-07 18:10:00,65.14627723063185
2024-02-07 18:15:00,51.67165888629764
2024-02-07 18:20:00,62.13889533441988
2024-02-07 18:25:00,63.40496375281602
2024-02-07 18:30:00,54.11512475265948
2024-02-07 18:35:00,55.9273468411761
2024-02-07 18:40:00,56.06688858268915
2024-02-07 18:45:00,56.55485879169223
2024-02-07 18:50:00,57.54315137345967
2024-02-07 18:55:00,60.44043082942154
2024-02-07 19:00:00,52.65968463395773
2024-02-07 19:05:00,53.52225386036239
2024-02-07 19:10:00,45.84569378461712
2024-02-07 19:15:00,45.81817403447632
2024-02-07 19:20:00,54.46027338935314
2024-02-07 19:25:00,51.783961770962826
2024-02-07 19:30:00,49.52844539676423
2024-02-07 19:35:00,51.09033273150811
2024-02-07 19:40:00,49.07777090188249
2024-02-07 19:45:00,51.2953247614787
2024-02-07 19:50:00,47.85271924326528
2024-02-07 19:55:00,50.27220576704517
2024-02-07 20:00:00,36.59279641256863
2024-02-07 20:05:00,39.8838434347449
2024-02-07 20:10:00,39.92693590688525
2024-02-07 20:15:00,41.13742048121896
2024-02-07 20:20:00,38.92892759492763
2024-02-07 20:25:00,40.50080611075429
2024-02-07 20:30:00,36.577324364454135
2024-02-07 20:35:00,44.82978251962622
2024-02-07 20:40:00,42.30492653840104
2024-02-07 20:45:00,35.814150182942555
2024-02-07 20:50:00,39.29566097185992
2024-02-07 20:55:00,43.981386324295286
2024-02-07 21:00:00,38.2858031866752
2024-02-07 21:05:00,37.67012513166596
2024-02-07 21:10:00,40.15952026418604
2024-02-07 21:15:00,41.83228111293121
2024-02-07 21:20:00,34.71248114406171
2024-02-07 21:25:00,42.658404897089866
2024-02-07 21:30:00,37.25671784578884
2024-02-07 21:35:00,40.38617909921916
2024-02-07 21:40:00,40.31621040945231
2024-02-07 21:45:00,38.34962649925925
2024-02-07 21:50:00,36.36325198769549
2024-02-07 21:55:00,39.3151447798493
2024-02-07 22:00:00,46.54958258970648
2024-02-07 22:05:00,34.601561231551166
2024-02-07 22:10:00,46.8175134298252
2024-02-07 22:15:00,39.00937666909956
2024-02-07 22:20:00,40.18974702176025
2024-02-07 22:25:00,35.701418107866786
2024-02-07 22:30:00,36.96318368669577
2024-02-07 22:35:00,38.03662275325362
2024-02-07 22:40:00,35.86548146989404
2024-02-07 22:45:00,39.212589523922205
2024-02-07 22:50:00,38.420197786178605
2024-02-07 22:55:00,47.45138592314863
2024-02-07 23:00:00,35.339188502380324
2024-02-07 23:05:00,40.41384731209652
2024-02-07 23:10:00,40.99447037270947
2024-02-07 23:15:00,35.72180305049482
2024-02-07 23:20:00,42.750395226913525
2024-02-07 23:25:00,38.40977719357566
2024-02-07 23:30:00,30.0335266387699
2024-02-07 23:35:00,42.64248369352043
2024-02-07 23:40:00,35.53532170869271
2024-02-07 23:45:00,35.81198546054577
2024-02-07 23:50:00,42.75469357667176
2024-02-07 23:55:00,38.61443931542837
2024-02-08 00:00:00,43.67109197826124
2024-02-08 00:05:00,44.84066775751651
2024-02-08 00:10:00,37.42028953476605
2024-02-08 00:15:00,43.17305335987536
2024-02-08 00:20:00,36.97816017048371
2024-02-08 00:25:00,48.93246704458394
2024-02-08 00:30:00,37.22817535793038
2024-02-08 00:35:00,44.10435313989525
2024-02-08 00:40:00,43.375163479581545
2024-02-08 00:45:00,41.26435466449097
2024-02-08 00:50:00,37.31783073038851
2024-02-08 00:55:00,39.3944134082896
2024-02-08 01:00:00,31.38579110174356
2024-02-08 01:05:00,40.89782370705077
2024-02-08 01:10:00,41.39860487763531
2024-02-08 01:15:00,40.53414122976725
2024-02-08 01:20:00,28.10691886835153
2024-02-08 01:25:00,34.93759777316252
2024-02-08 01:30:00,37.00777962212712
2024-02-08 01:35:00,41.16677928627795
2024-02-08 01:40:00,41.15749917609371
2024-02-08 01:45:00,39.31924838563705
2024-02-08 01:50:00,42.5411256999376
2024-02-08 01:55:00,35.89517405231017
2024-02-08 02:00:00,42.44464231689858
2024-02-08 02:05:00,41.90267071348216
2024-02-08 02:10:00,41.51392122547424
2024-02-08 02:15:00,39.27554056977998
2024-02-08 02:20:00,47.32667759344764
2024-02-08 02:25:00,41.97648504808211
2024-02-08 02:30:00,36.13035884110836
2024-02-08 02:35:00,40.99692419706653
2024-02-08 02:40:00,43.01363580241947
2024-02-08 02:45:00,37.65126789842536
2024-02-08 02:50:00,44.36079128184699
2024-02-08 02:55:00,41.53183711698664
2024-02-08 03:00:00,30.68800027342544
2024-02-08 03:05:00,41.25660153343853
2024-02-08 03:10:00,38.43379700643597
2024-02-08 03:15:00,42.20663288225377
2024-02-08 03:20:00,43.83477298509408
2024-02-08 03:25:00,40.8385618126541
2024-02-08 03:30:00,46.71892255986561
2024-02-08 03:35:00,39.34308608583285
2024-02-08 03:40:00,42.55718491630233
2024-02-08 03:45:00,43.27768391863622
2024-02-08 03:50:00,39.6685297485159
2024-02-08 03:55:00,43.17301085599796
2024-02-08 04:00:00,38.17077721801336
2024-02-08 04:05:00,38.85919549057716
2024-02-08 04:10:00,35.29951440531678
2024-02-08 04:15:00,41.515105632142216
2024-02-08 04:20:00,41.85047587007941
2024-02-08 04:25:00,45.26652180097894
2024-02-08 04:30:00,43.71402918408556
2024-02-08 04:35:00,39.4102869400723
2024-02-08 04:40:00,35.83675041732492
2024-02-08 04:45:00,42.28087077674192
2024-02-08 04:50:00,44.9924818563206
2024-02-08 04:55:00,43.57020906187781
2024-02-08 05:00:00,47.49988683628509
2024-02-08 05:05:00,42.31441861206297
2024-02-08 05:10:00,41.29550086415336
2024-02-08 05:15:00,40.214371327928745
2024-02-08 05:20:00,42.93839087040156
2024-02-08 05:25:00,42.84761355298066
2024-02-08 05:30:00,43.98868725101241
2024-02-08 05:35:00,42.64478690871391
2024-02-08 05:40:00,42.62746581794885
2024-02-08 05:45:00,40.05520052496737
2024-02-08 05:50:00,46.9284527910619
2024-02-08 05:55:00,43.468048985830784
2024-02-08 06:00:00,50.33860749800396
2024-02-08 06:05:00,48.04666622214827
2024-02-08 06:10:00,45.70873079358074
2024-02-08 06:15:00,56.26824000534246
2024-02-08 06:20:00,53.25493806767231
2024-02-08 06:25:00,44.540711864865216
2024-02-08 06:30:00,54.088952437983714
2024-02-08 06:35:00,54.72630791607752
2024-02-08 06:40:00,51.53388772434881
2024-02-08 06:45:00,57.428826818152125
2024-02-08 06:50:00,51.90326180363662
2024-02-08 06:55:00,45.36908912334833
2024-02-08 07:00:00,64.82469949668263
2024-02-08 07:05:00,64.34361269934026
2024-02-08 07:10:00,60.95083609737672
2024-02-08 07:15:00,65.65825883999905
2024-02-08 07:20:00,56.69336242772589
2024-02-08 07:25:00,67.3262908022605
2024-02-08 07:30:00,59.85153667806753
2024-02-08 07:35:00,59.424238992021216
2024-02-08 07:40:00,62.90872440325944
2024-02-08 07:45:00,65.09591520466388
2024-02-08 07:50:00,64.01971974686306
2024-02-08 07:55:00,60.39338682939983
2024-02-08 08:00:00,67.97564287536315
2024-02-08 08:05:00,65.46783065062085
2024-02-08 08:10:00,69.10128043361122
2024-02-08 08:15:00,74.30008489817433
2024-02-08 08:20:00,69.9829482895552
2024-02-08 08:25:00,73.43765705916852
2024-02-08 08:30:00,75.82160539103546
2024-02-08 08:35:00,67.64792596398283
2024-02-08 08:40:00,69.25370702790924
2024-02-08 08:45:00,78.68477148438068
2024-02-08 08:50:00,75.77737368805049
2024-02-08 08:55:00,63.31038193688129
2024-02-08 09:00:00,64.91261956976514
2024-02-08 09:05:00,63.366266274880296
2024-02-08 09:10:00,66.66983874895656
2024-02-08 09:15:00,60.384111235581294
2024-02-08 09:20:00,60.00559281735882
2024-02-08 09:25:00,60.65974344434707
2024-02-08 09:30:00,61.076312120727785
2024-02-08 09:35:00,66.62532297275757
2024-02-08 09:40:00,58.639221612926
2024-02-08 09:45:00,60.87357070568424
2024-02-08 09:50:00,56.20797674351575
2024-02-08 09:55:00,67.39249759917101
2024-02-08 10:00:00,56.12062326080263
2024-02-08 10:05:00,49.728209139622926
2024-02-08 10:10:00,49.84470540382518
2024-02-08 10:15:00,52.849390472209656
2024-02-08 10:20:00,56.934430892591095
2024-02-08 10:25:00,52.67094585333374
2024-02-08 10:30:00,48.24633509317761
2024-02-08 10:35:00,44.56121257513231
2024-02-08 10:40:00,46.57599781242412
2024-02-08 10:45:00,51.32938066432793
2024-02-08 10:50:00,48.41519277027489
2024-02-08 10:55:00,51.81637368704111
2024-02-08 11:00:00,40.953365917013166
2024-02-08 11:05:00,38.93247625678046
2024-02-08 11:10:00,38.45693545614582
2024-02-08 11:15:00,49.41448001945102
2024-02-08 11:20:00,46.72101297869268
2024-02-08 11:25:00,50.08713378926994
2024-02-08 11:30:00,45.32486558497852
2024-02-08 11:35:00,41.44509634749875
2024-02-08 11:40:00,48.45842567191786
2024-02-08 11:45:00,43.03278997651103
2024-02-08 11:50:00,44.04842906311952
2024-02-08 11:55:00,42.99376446565603
2024-02-08 12:00:00,28.81011364293166
2024-02-08 12:05:00,47.01667056924713
2024-02-08 12:10:00,42.56174630389874
2024-02-08 12:15:00,41.91702276354176
2024-02-08 12:20:00,40.35062627098548
2024-02-08 12:25:00,41.251441801612245
2024-02-08 12:30:00,38.20861477668273
2024-02-08 12:35:00,43.064047929296805
2024-02-08 12:40:00,35.36933714247119
2024-02-08 12:45:00,41.34200424994991
2024-02-08 12:50:00,42.84402440235214
2024-02-08 12:55:00,39.803053984776106
2024-02-08 13:00:00,41.99927576618928
2024-02-08 13:05:00,36.55046702736818
2024-02-08 13:10:00,36.652497512721325
2024-02-08 13:15:00,41.46267308041075
2024-02-08 13:20:00,43.23000321478938
2024-02-08 13:25:00,33.016341974298335
2024-02-08 13:30:00,42.60388713674825
2024-02-08 13:35:00,38.34299859479983
2024-02-08 13:40:00,39.74458024707553
2024-02-08 13:45:00,35.15773290204503
2024-02-08 13:50:00,37.109335635558345
2024-02-08 13:55:00,44.38030589842643
2024-02-08 14:00:00,42.77013640409006
2024-02-08 14:05:00,41.107569301330976
2024-02-08 14:10:00,42.17272949764507
2024-02-08 14:15:00,44.59553020682641
2024-02-08 14:20:00,44.40066089282256
2024-02-08 14:25:00,42.338574906582
2024-02-08 14:30:00,47.01051935175588
2024-02-08 14:35:00,46.52053345579587
2024-02-08 14:40:00,44.29217102469079
2024-02-08 14:45:00,42.85713003980949
2024-02-08 14:50:00,45.26796728864736
2024-02-08 14:55:00,43.89575259537394
2024-02-08 15:00:00,53.44032987003162
2024-02-08 15:05:00,52.79537508976106
2024-02-08 15:10:00,45.12411397713692
2024-02-08 15:15:00,44.853276899841
2024-02-08 15:20:00,46.39213140519152
2024-02-08 15:25:00,53.10168434307551
2024-02-08 15:30:00,42.89189359572284
2024-02-08 15:35:00,50.7761591392398
2024-02-08 15:40:00,50.64730194717967
2024-02-08 15:45:00,53.8477218175526
2024-02-08 15:50:00,49.918484345463376
2024-02-08 15:55:00,43.82429202047222
2024-02-08 16:00:00,55.63260311024788
2024-02-08 16:05:00,54.742040865249066
2024-02-08 16:10:00,57.31824708750781
2024-02-08 16:15:00,58.738416683144656
2024-02-08 16:20:00,54.80825684795614
2024-02-08 16:25:00,65.35267091544952
2024-02-08 16:30:00,54.16889746503061
2024-02-08 16:35:00,64.85443664829029
2024-02-08 16:40:00,64.21067507859773
2024-02-08 16:45:00,63.063233151596506
2024-02-08 16:50:00,56.69495652285337
2024-02-08 16:55:00,60.83982646954797
2024-02-08 17:00:00,59.89051551395436
2024-02-08 17:05:00,68.64362818829183
2024-02-08 17:10:00,64.70406092201176
2024-02-08 17:15:00,63.36271918981009
2024-02-08 17:20:00,60.10502066153176
2024-02-08 17:25:00,55.08997557364077
2024-02-08 17:30:00,60.84583662001381
2024-02-08 17:35:00,69.45119283060846
2024-02-08 17:40:00,63.38866633425762
2024-02-08 17:45:00,64.32268461969664
2024-02-08 17:50:00,67.62221748131064
2024-02-08 17:55:00,72.2226755606219
2024-02-08 18:00:00,64.77003819698432
2024-02-08 18:05:00,55.58067956193702
2024-02-08 18:10:00,51.69973729145215
2024-02-08 18:15:00,68.90847661360218
2024-02-08 18:20:00,68.54598602383959
2024-02-08 18:25:00,60.223833962918896
2024-02-08 18:30:00,54.38806659487448
2024-02-08 18:35:00,63.322925712777526
2024-02-08 18:40:00,59.03808483315133
2024-02-08 18:45:00,59.018095084775325
2024-02-08 18:50:00,63.04785494962229
2024-02-08 18:55:00,60.80751856469496
2024-02-08 19:00:00,44.453726385228464
2024-02-08 19:05:00,47.89801828896035
2024-02-08 19:10:00,51.84159774393363
2024-02-08 19:15:00,51.23799491890832
2024-02-08 19:20:00,50.24505232672215
2024-02-08 19:25:00,52.9306778471917
2024-02-08 19:30:00,47.75011807801919
2024-02-08 19:35:00,49.911665130164536
2024-02-08 19:40:00,35.69466962857785
2024-02-08 19:45:00,47.39838525391699
2024-02-08 19:50:00,52.25259766359083
2024-02-08 19:55:00,47.63540816081968
2024-02-08 20:00:00,40.77007104717817
2024-02-08 20:05:00,38.469168806947344
2024-02-08 20:10:00,46.6484441849632
2024-02-08 20:15:00,44.8288337082089
2024-02-08 20:20:00,45.93663900533896
2024-02-08 20:25:00,35.73012476621506
2024-02-08 20:30:00,41.99318044098408
2024-02-08 20:35:00,41.51453658304659
2024-02-08 20:40:00,41.51269378765241
2024-02-08 20:45:00,40.17087043917479
2024-02-08 20:50:00,41.25056352692656
2024-02-08 20:55:00,46.03355974487322
2024-02-08 21:00:00,32.806485558827035
2024-02-08 21:05:00,47.56707004434016
2024-02-08 21:10:00,42.3932554723242
2024-02-08 21:15:00,40.2885633895775
2024-02-08 21:20:00,44.085227557710056
2024-02-08 21:25:00,34.65055199154461
2024-02-08 21:30:00,37.7990873516143
2024-02-08 21:35:00,39.97358924265613
2024-02-08 21:40:00,45.92013245394706
2024-02-08 21:45:00,40.27190464771212
2024-02-08 21:50:00,42.258109656958936
2024-02-08 21:55:00,38.09957498847384
2024-02-08 22:00:00,41.995629629275655
2024-02-08 22:05:00,46.75721972530352
2024-02-08 22:10:00,44.03036812010215
2024-02-08 22:15:00,39.722437402294176
2024-02-08 22:20:00,42.75022474246757
2024-02-08 22:25:00,42.35832917183454
2024-02-08 22:30:00,42.07461204019479
2024-02-08 22:35:00,44.49607479684733
2024-02-08 22:40:00,44.46617216875556
2024-02-08 22:45:00,39.53962696590615
2024-02-08 22:50:00,42.61577759931677
2024-02-08 22:55:00,38.51588166876652
2024-02-08 23:00:00,36.31079565983986
2024-02-08 23:05:00,38.92511022228622
2024-02-08 23:10:00,39.69797263814384
2024-02-08 23:15:00,33.3567612883902
2024-02-08 23:20:00,43.44441548276905
2024-02-08 23:25:00,28.933783554692575
2024-02-08 23:30:00,50.86235300304746
2024-02-08 23:35:00,46.010601780287445
2024-02-08 23:40:00,38.95905034841292
2024-02-08 23:45:00,40.04079068735727
2024-02-08 23:50:00,41.214972739451305
2024-02-08 23:55:00,37.6464436931464
2024-02-09 00:00:00,40.77047996640299
2024-02-09 00:05:00,39.4240034652486
2024-02-09 00:10:00,39.622912507131375
2024-02-09 00:15:00,40.72584762997779
2024-02-09 00:20:00,34.74589218263926
2024-02-09 00:25:00,40.15828227258983
2024-02-09 00:30:00,40.65379436252515
2024-02-09 00:35:00,40.5154018614789
2024-02-09 00:40:00,39.13668035431062
2024-02-09 00:45:00,44.55143447993272
2024-02-09 00:50:00,38.58539315652904
2024-02-09 00:55:00,40.909307003348005
2024-02-09 01:00:00,45.18933368922395
2024-02-09 01:05:00,39.68263899344052
2024-02-09 01:10:00,40.85799662339197
2024-02-09 01:15:00,39.61460500826218
2024-02-09 01:20:00,44.949622727776166
2024-02-09 01:25:00,38.969245307176585
2024-02-09 01:30:00,45.13356186267459
2024-02-09 01:35:00,39.58579197493351
2024-02-09 01:40:00,36.5623046597297
2024-02-09 01:45:00,42.71763623581825
2024-02-09 01:50:00,38.78147221849914
2024-02-09 01:55:00,42.48214714991842
2024-02-09 02:00:00,29.08608475442766
2024-02-09 02:05:00,40.024523341702384
2024-02-09 02:10:00,38.165281099092674
2024-02-09 02:15:00,35.75066754799749
2024-02-09 02:20:00,37.7907382867634
2024-02-09 02:25:00,37.708889716952
2024-02-09 02:30:00,39.81175911472028
2024-02-09 02:35:00,34.534396448982775
2024-02-09 02:40:00,41.26879741516145
2024-02-09 02:45:00,45.46856143494575
2024-02-09 02:50:00,41.1274162819139
2024-02-09 02:55:00,43.23965673103864
2024-02-09 03:00:00,44.43616344254201
2024-02-09 03:05:00,45.003871672823536
2024-02-09 03:10:00,47.53846839537205
2024-02-09 03:15:00,38.06110563098311
2024-02-09 03:20:00,37.183977683442365
2024-02-09 03:25:00,43.191776217385765
2024-02-09 03:30:00,42.89097850271643
2024-02-09 03:35:00,43.16061482254959
2024-02-09 03:40:00,47.61504344108784
2024-02-09 03:45:00,40.10339325928081
2024-02-09 03:50:00,41.76253986267157
2024-02-09 03:55:00,36.13636061815293
2024-02-09 04:00:00,49.09075366256586
2024-02-09 04:05:00,39.20328948182559
2024-02-09 04:10:00,39.31660545401871
2024-02-09 04:15:00,39.16246960262906
2024-02-09 04:20:00,37.96988573208468
2024-02-09 04:25:00,37.63172097127144
2024-02-09 04:30:00,38.454652035103926
2024-02-09 04:35:00,35.08628545445825
2024-02-09 04:40:00,37.40819748560907
2024-02-09 04:45:00,48.34532161245251
2024-02-09 04:50:00,43.4920897412275
2024-02-09 04:55:00,44.2530858735729
2024-02-09 05:00:00,47.8708118865236
2024-02-09 05:05:00,50.4985149943055
2024-02-09 05:10:00,36.07628653108056
2024-02-09 05:15:00,38.24244427570978
2024-02-09 05:20:00,39.9470820932772
2024-02-09 05:25:00,41.28305755089755
2024-02-09 05:30:00,41.95969917451495
2024-02-09 05:35:00,41.374066525631775
2024-02-09 05:40:00,44.03921238938416
2024-02-09 05:45:00,43.3031582998368
2024-02-09 05:50:00,40.270637556142944
2024-02-09 05:55:00,34.45978162890566
2024-02-09 06:00:00,47.06490841363029
2024-02-09 06:05:00,48.83942862189479
2024-02-09 06:10:00,50.04806548791421
2024-02-09 06:15:00,46.51771339790294
2024-02-09 06:20:00,49.07315736915941
2024-02-09 06:25:00,46.51243368120274
2024-02-09 06:30:00,50.53310582895176
2024-02-09 06:35:00,46.74401792169463
2024-02-09 06:40:00,47.64076460966323
2024-02-09 06:45:00,45.80164671118853
2024-02-09 06:50:00,50.42238045286595
2024-02-09 06:55:00,47.5705921553355
2024-02-09 07:00:00,66.99116055919106
2024-02-09 07:05:00,64.98742455926094
2024-02-09 07:10:00,63.084616019754776
2024-02-09 07:15:00,60.17408150311419
2024-02-09 07:20:00,64.88610471375456
2024-02-09 07:25:00,66.1268270498839
2024-02-09 07:30:00,63.93477714129587
2024-02-09 07:35:00,69.77883091435707
2024-02-09 07:40:00,65.20257276478861
2024-02-09 07:45:00,67.01845236276148
2024-02-09 07:50:00,63.89828515463326
2024-02-09 07:55:00,66.06668130551725
2024-02-09 08:00:00,66.812875109454
2024-02-09 08:05:00,68.16640658727952
2024-02-09 08:10:00,71.39745425406022
2024-02-09 08:15:00,71.36839796636022
2024-02-09 08:20:00,72.03044733190369
2024-02-09 08:25:00,74.40157160924562
2024-02-09 08:30:00,64.30011535286906
2024-02-09 08:35:00,66.10218984968952
2024-02-09 08:40:00,70.91829060442771
2024-02-09 08:45:00,67.10254551291686
2024-02-09 08:50:00,83.51107300528815
2024-02-09 08:55:00,72.06287851681124
2024-02-09 09:00:00,63.05070290980088
2024-02-09 09:05:00,61.30214921318608
2024-02-09 09:10:00,61.44337717274934
2024-02-09 09:15:00,63.48458895078223
2024-02-09 09:20:00,63.81195403600655
2024-02-09 09:25:00,61.53722972674746
2024-02-09 09:30:00,62.27141731944191
2024-02-09 09:35:00,68.7411646064599
2024-02-09 09:40:00,68.90204615612565
2024-02-09 09:45:00,64.37216222526102
2024-02-09 09:50:00,57.99898739657456
2024-02-09 09:55:00,65.51803893207769
2024-02-09 10:00:00,57.25363262952217
2024-02-09 10:05:00,56.51562727092758
2024-02-09 10:10:00,53.974206274316735
2024-02-09 10:15:00,56.72619468422136
2024-02-09 10:20:00,51.25003995299416
2024-02-09 10:25:00,53.54891474241289
2024-02-09 10:30:00,48.31340059777735
2024-02-09 10:35:00,52.20556468770092
2024-02-09 10:40:00,56.35463983896017
2024-02-09 10:45:00,48.67880921713051
2024-02-09 10:50:00,47.59072914522093
2024-02-09 10:55:00,51.426458619172855
2024-02-09 11:00:00,42.25841316706211
2024-02-09 11:05:00,45.761652866239785
2024-02-09 11:10:00,41.35202387816994
2024-02-09 11:15:00,50.03882044436896
2024-02-09 11:20:00,38.00635759011388
2024-02-09 11:25:00,48.18000112683704
2024-02-09 11:30:00,40.10566506872569
2024-02-09 11:35:00,35.981131043622014
2024-02-09 11:40:00,44.11656260735357
2024-02-09 11:45:00,42.14663003790257
2024-02-09 11:50:00,38.72662451034598
2024-02-09 11:55:00,36.43955441509705
2024-02-09 12:00:00,40.56428737098189
2024-02-09 12:05:00,44.50107808656299
2024-02-09 12:10:00,42.9375444924135
2024-02-09 12:15:00,40.82455711542478
2024-02-09 12:20:00,42.51312081293866
2024-02-09 12:25:00,40.48887399055629
2024-02-09 12:30:00,34.87883354794624
2024-02-09 12:35:00,34.914154579173946
2024-02-09 12:40:00,39.78505640412901
2024-02-09 12:45:00,39.95511737460343
2024-02-09 12:50:00,44.00166123409478
2024-02-09 12:55:00,43.62694741516671
2024-02-09 13:00:00,42.93633665934098
2024-02-09 13:05:00,39.39467374399646
2024-02-09 13:10:00,34.993195915864625
2024-02-09 13:15:00,42.16408914456928
2024-02-09 13:20:00,42.61648184935385
2024-02-09 13:25:00,30.96167874639444
2024-02-09 13:30:00,37.17845184997453
2024-02-09 13:35:00,37.7515870867296
2024-02-09 13:40:00,40.98920540079892
2024-02-09 13:45:00,37.30236286524241
2024-02-09 13:50:00,40.36326632100662
2024-02-09 13:55:00,39.67366483489321
2024-02-09 14:00:00,42.0020850220183
2024-02-09 14:05:00,39.77310573336622
2024-02-09 14:10:00,40.082742691902496
2024-02-09 14:15:00,38.31761466904644
2024-02-09 14:20:00,44.15895267046454
2024-02-09 14:25:00,44.92309342253469
2024-02-09 14:30:00,39.556211107667856
2024-02-09 14:35:00,48.72124329223739
2024-02-09 14:40:00,41.38027711840101
2024-02-09 14:45:00,48.75942540335545
2024-02-09 14:50:00,40.0701742128428
2024-02-09 14:55:00,34.53237180177147
2024-02-09 15:00:00,50.80592088245723
2024-02-09 15:05:00,50.191310003283775
2024-02-09 15:10:00,49.33470476403816
2024-02-09 15:15:00,46.628199669031865
2024-02-09 15:20:00,49.05884068086455
2024-02-09 15:25:00,47.15209175132971
2024-02-09 15:30:00,47.98773131748082
2024-02-09 15:35:00,52.56365860586813
2024-02-09 15:40:00,49.9339985009282
2024-02-09 15:45:00,51.63693513213573
2024-02-09 15:50:00,48.26965555630466
2024-02-09 15:55:00,47.82906019958872
2024-02-09 16:00:00,54.85609282928579
2024-02-09 16:05:00,57.989876502567576
2024-02-09 16:10:00,46.18556473048381
2024-02-09 16:15:00,57.10913508761783
2024-02-09 16:20:00,59.14252624407701
2024-02-09 16:25:00,61.72471756992099
2024-02-09 16:30:00,58.39531144274054
2024-02-09 16:35:00,60.860717121820365
2024-02-09 16:40:00,50.75086830727938
2024-02-09 16:45:00,59.24267554401257
2024-02-09 16:50:00,52.75201178118675
2024-02-09 16:55:00,54.63680889020304
2024-02-09 17:00:00,64.2513378567014
2024-02-09 17:05:00,70.10505599965106
2024-02-09 17:10:00,66.48482710203707
2024-02-09 17:15:00,65.0729240367053
2024-02-09 17:20:00,64.92187849028842
2024-02-09 17:25:00,62.14548447533897
2024-02-09 17:30:00,62.8240663946661
2024-02-09 17:35:00,66.70950423004003
2024-02-09 17:40:00,59.458557974378856
2024-02-09 17:45:00,67.37221624928893
2024-02-09 17:50:00,63.44597177968142
2024-02-09 17:55:00,68.3022283476351
2024-02-09 18:00:00,63.3143934061301
2024-02-09 18:05:00,52.77768352717881
2024-02-09 18:10:00,57.14369652429289
2024-02-09 18:15:00,56.04790882543927
2024-02-09 18:20:00,52.21910771690919
2024-02-09 18:25:00,55.33988647236413
2024-02-09 18:30:00,69.23504295826312
2024-02-09 18:35:00,61.90805916205153
2024-02-09 18:40:00,67.13917145162479
2024-02-09 18:45:00,62.78641333727511
2024-02-09 18:50:00,56.50264693316787
2024-02-09 18:55:00,57.9429347905056
2024-02-09 19:00:00,51.55073075024948
2024-02-09 19:05:00,50.9470108431804
2024-02-09 19:10:00,46.88761796645491
2024-02-09 19:15:00,43.15701334697142
2024-02-09 19:20:00,62.3480307788432
2024-02-09 19:25:00,48.632387339917024
2024-02-09 19:30:00,47.894030456557765
2024-02-09 19:35:00,49.650323884909454
2024-02-09 19:40:00,48.226071672044135
2024-02-09 19:45:00,49.687901660110185
2024-02-09 19:50:00,54.34477517375392
2024-02-09 19:55:00,48.69879211054256
2024-02-09 20:00:00,37.98413885673557
2024-02-09 20:05:00,41.988405436132176
2024-02-09 20:10:00,40.77737348840697
2024-02-09 20:15:00,48.33057636303403
2024-02-09 20:20:00,47.3194568729969
2024-02-09 20:25:00,43.065080615769816
2024-02-09 20:30:00,37.52003719476959
2024-02-09 20:35:00,37.73141156028684
2024-02-09 20:40:00,42.69547366038484
2024-02-09 20:45:00,43.98027249133174
2024-02-09 20:50:00,41.1364893367424
2024-02-09 20:55:00,40.71430227721768
2024-02-09 21:00:00,38.08669403950376
2024-02-09 21:05:00,40.36431513124256
2024-02-09 21:10:00,30.92684156392609
2024-02-09 21:15:00,36.05258445713951
2024-02-09 21:20:00,37.94968759042895
2024-02-09 21:25:00,45.28790375202603
2024-02-09 21:30:00,37.20263640450264
2024-02-09 21:35:00,41.17976353954317
2024-02-09 21:40:00,41.364061975942334
2024-02-09 21:45:00,45.6495569948614
2024-02-09 21:50:00,45.50820060007495
2024-02-09 21:55:00,40.22787909703869
2024-02-09 22:00:00,38.14632238864792
2024-02-09 22:05:00,37.39292894210293
2024-02-09 22:10:00,39.08400846354257
2024-02-09 22:15:00,38.312127936111295
2024-02-09 22:20:00,42.26277099083862
2024-02-09 22:25:00,41.72950062334651
2024-02-09 22:30:00,42.41546611798576
2024-02-09 22:35:00,45.08539619915037
2024-02-09 22:40:00,47.4997378390064
2024-02-09 22:45:00,40.54691492703592
2024-02-09 22:50:00,44.44611643898831
2024-02-09 22:55:00,38.64162061806884
2024-02-09 23:00:00,44.74311317943423
2024-02-09 23:05:00,44.24912187380555
2024-02-09 23:10:00,44.036749124874135
2024-02-09 23:15:00,40.37936460986827
2024-02-09 23:20:00,37.32965258913862
2024-02-09 23:25:00,34.424971493640264
2024-02-09 23:30:00,39.842936415017775
2024-02-09 23:35:00,46.135135414098905
2024-02-09 23:40:00,38.76370563964588
2024-02-09 23:45:00,43.14359158694239
2024-02-09 23:50:00,43.37889084717789
2024-02-09 23:55:00,38.86834036139348
2024-02-10 00:00:00,27.26538120690846
2024-02-10 00:05:00,10.365358878908369
2024-02-10 00:10:00,17.109000741877683
2024-02-10 00:15:00,18.337472671396544
2024-02-10 00:20:00,18.721141765360823
2024-02-10 00:25:00,23.345053661573967
2024-02-10 00:30:00,23.16015306904599
2024-02-10 00:35:00,23.575964145530413
2024-02-10 00:40:00,24.38432783336033
2024-02-10 00:45:00,18.199583580247783
2024-02-10 00:50:00,17.127297589601106
2024-02-10 00:55:00,23.585280584861835
2024-02-10 01:00:00,19.47915065985121
2024-02-10 01:05:00,15.71817877296509
2024-02-10 01:10:00,25.885456092602897
2024-02-10 01:15:00,27.580486580446163
2024-02-10 01:20:00,28.22872251323161
2024-02-10 01:25:00,22.748109840335854
2024-02-10 01:30:00,24.50380733832858
2024-02-10 01:35:00,27.47955184788461
2024-02-10 01:40:00,19.434415794343234
2024-02-10 01:45:00,26.442789690653346
2024-02-10 01:50:00,23.101663891009807
2024-02-10 01:55:00,25.654925563807332
2024-02-10 02:00:00,22.74640834527117
2024-02-10 02:05:00,27.18706310075944
2024-02-10 02:10:00,22.896131311933576
2024-02-10 02:15:00,16.06612002389776
2024-02-10 02:20:00,27.80974279102632
2024-02-10 02:25:00,18.211913297878983
2024-02-10 02:30:00,27.01426910274309
2024-02-10 02:35:00,21.64106473600614
2024-02-10 02:40:00,26.70608020255825
2024-02-10 02:45:00,26.54111072123449
2024-02-10 02:50:00,23.72260815902892
2024-02-10 02:55:00,24.036177532275957
2024-02-10 03:00:00,23.72236696201802
2024-02-10 03:05:00,13.976553468123448
2024-02-10 03:10:00,22.50517336884057
2024-02-10 03:15:00,17.567595788960176
2024-02-10 03:20:00,22.71660106823041
2024-02-10 03:25:00,17.460082307714895
2024-02-10 03:30:00,17.29204472834346
2024-02-10 03:35:00,28.451590500263364
2024-02-10 03:40:00,26.30964204574452
2024-02-10 03:45:00,22.01528215347114
2024-02-10 03:50:00,22.77092709424385
2024-02-10 03:55:00,21.040188390275723
2024-02-10 04:00:00,24.581713545582208
2024-02-10 04:05:00,19.59799057546889
2024-02-10 04:10:00,26.277169093135942
2024-02-10 04:15:00,21.289860677607678
2024-02-10 04:20:00,20.6228200583392
2024-02-10 04:25:00,22.38906011560349
2024-02-10 04:30:00,19.937620721961675
2024-02-10 04:35:00,23.616937439650048
2024-02-10 04:40:00,20.15275768441052
2024-02-10 04:45:00,24.17630245293946
2024-02-10 04:50:00,27.166234197310025
2024-02-10 04:55:00,19.42492129443142
2024-02-10 05:00:00,23.216785376090087
2024-02-10 05:05:00,25.58441005741246
2024-02-10 05:10:00,21.995657785345145
2024-02-10 05:15:00,25.59636944857743
2024-02-10 05:20:00,25.96068264787773
2024-02-10 05:25:00,28.072134310447986
2024-02-10 05:30:00,21.31512702093112
2024-02-10 05:35:00,19.96798624434887
2024-02-10 05:40:00,22.508777647015798
2024-02-10 05:45:00,19.86807784708237
2024-02-10 05:50:00,25.99708002146076
2024-02-10 05:55:00,19.092082004565125
2024-02-10 06:00:00,37.40207645234055
2024-02-10 06:05:00,33.253722225624806
2024-02-10 06:10:00,28.12031385773106
2024-02-10 06:15:00,31.539588751321705
2024-02-10 06:20:00,21.52280332208664
2024-02-10 06:25:00,38.16350410492804
2024-02-10 06:30:00,25.709152330527843
2024-02-10 06:35:00,27.588021123732364
2024-02-10 06:40:00,20.64627763057605
2024-02-10 06:45:00,30.01515999829338
2024-02-10 06:50:00,23.644634151021368
2024-02-10 06:55:00,28.47663382559392
2024-02-10 07:00:00,32.673115189170986
2024-02-10 07:05:00,30.539237181147765
2024-02-10 07:10:00,31.63276691381867
2024-02-10 07:15:00,35.75336505721123
2024-02-10 07:20:00,29.72424902939384
2024-02-10 07:25:00,31.854966236774832
2024-02-10 07:30:00,37.50330644592705
2024-02-10 07:35:00,45.26013242036639
2024-02-10 07:40:00,36.76056819908116
2024-02-10 07:45:00,31.18116635215999
2024-02-10 07:50:00,33.3817562405799
2024-02-10 07:55:00,34.97656894547945
2024-02-10 08:00:00,37.102300219529056
2024-02-10 08:05:00,42.11223268901962
2024-02-10 08:10:00,39.369893954128784
2024-02-10 08:15:00,42.131409561711365
2024-02-10 08:20:00,37.24222486088137
2024-02-10 08:25:00,43.80200090095691
2024-02-10 08:30:00,37.834057684945705
2024-02-10 08:35:00,34.615240545519924
2024-02-10 08:40:00,47.20928154624077
2024-02-10 08:45:00,31.20008903422742
2024-02-10 08:50:00,35.54504512085218
2024-02-10 08:55:00,35.99188861475031
2024-02-10 09:00:00,44.883439560263085
2024-02-10 09:05:00,42.07765000462288
2024-02-10 09:10:00,40.82592704260562
2024-02-10 09:15:00,33.52757981853151
2024-02-10 09:20:00,44.55492648340393
2024-02-10 09:25:00,36.32362248340072
2024-02-10 09:30:00,38.75926794924932
2024-02-10 09:35:00,35.56899599246166
2024-02-10 09:40:00,34.65234818274383
2024-02-10 09:45:00,33.843099772331314
2024-02-10 09:50:00,34.01165449436018
2024-02-10 09:55:00,37.28418106274915
2024-02-10 10:00:00,29.53887576979449
2024-02-10 10:05:00,27.944191093878207
2024-02-10 10:10:00,34.10817254548836
2024-02-10 10:15:00,16.203064299730016
2024-02-10 10:20:00,30.10962556637772
2024-02-10 10:25:00,30.941031401328857
2024-02-10 10:30:00,32.65792804771362
2024-02-10 10:35:00,27.810590810479496
2024-02-10 10:40:00,28.90175684422877
2024-02-10 10:45:00,32.013870107951824
2024-02-10 10:50:00,34.03474219181366
2024-02-10 10:55:00,26.86793263397787
2024-02-10 11:00:00,24.808687222587203
2024-02-10 11:05:00,30.45507994747199
2024-02-10 11:10:00,15.244675786561556
2024-02-10 11:15:00,20.98073369081862
2024-02-10 11:20:00,29.60412800448881
2024-02-10 11:25:00,28.11093542451017
2024-02-10 11:30:00,25.830564933783737
2024-02-10 11:35:00,21.94639659764048
2024-02-10 11:40:00,20.213510094135284
2024-02-10 11:45:00,21.375921613107465
2024-02-10 11:50:00,29.93281697335173
2024-02-10 11:55:00,21.227013333455574
2024-02-10 12:00:00,22.73444364299588
2024-02-10 12:05:00,19.313921206590265
2024-02-10 12:10:00,25.699847906433355
2024-02-10 12:15:00,20.173846664651485
2024-02-10 12:20:00,21.938376225419592
2024-02-10 12:25:00,15.595223253865946
2024-02-10 12:30:00,15.87527884121749
2024-02-10 12:35:00,22.359444559323272
2024-02-10 12:40:00,17.0281231652462
2024-02-10 12:45:00,30.74909834337526
2024-02-10 12:50:00,14.08265933758825
2024-02-10 12:55:00,19.12805059138083
2024-02-10 13:00:00,22.350495997038053
2024-02-10 13:05:00,20.823160776784714
2024-02-10 13:10:00,17.867110701312175
2024-02-10 13:15:00,18.45198116998678
2024-02-10 13:20:00,18.321076217970894
2024-02-10 13:25:00,21.1368057486876
2024-02-10 13:30:00,30.091408886037545
2024-02-10 13:35:00,22.59544171420069
2024-02-10 13:40:00,27.01529448551795
2024-02-10 13:45:00,24.31159791128042
2024-02-10 13:50:00,26.739142119896734
2024-02-10 13:55:00,11.083835317593508
2024-02-10 14:00:00,22.23344351490015
2024-02-10 14:05:00,28.67981729209592
2024-02-10 14:10:00,21.16433230849573
2024-02-10 14:15:00,30.501168258971514
2024-02-10 14:20:00,29.386836214564116
2024-02-10 14:25:00,21.574752734983218
2024-02-10 14:30:00,21.43862152330764
2024-02-10 14:35:00,19.39685223007519
2024-02-10 14:40:00,20.93289867203788
2024-02-10 14:45:00,18.520919342817404
2024-02-10 14:50:00,25.16652032122509
2024-02-10 14:55:00,17.62708962610733
2024-02-10 15:00:00,29.473353335305195
2024-02-10 15:05:00,29.570736058145304
2024-02-10 15:10:00,20.413603649808618
2024-02-10 15:15:00,33.25769569585766
2024-02-10 15:20:00,29.112858448205195
2024-02-10 15:25:00,30.057213356323786
2024-02-10 15:30:00,24.02376046437322
2024-02-10 15:35:00,29.547937744436783
2024-02-10 15:40:00,31.56399506943257
2024-02-10 15:45:00,26.6639876745256
2024-02-10 15:50:00,35.06611110753775
2024-02-10 15:55:00,27.23467981019606
2024-02-10 16:00:00,37.2716558258721
2024-02-10 16:05:00,33.88054785309682
2024-02-10 16:10:00,35.05059875548967
2024-02-10 16:15:00,26.02318355352311
2024-02-10 16:20:00,34.19272757692365
2024-02-10 16:25:00,29.768612219033137
2024-02-10 16:30:00,29.32291940095145
2024-02-10 16:35:00,39.68492536192612
2024-02-10 16:40:00,31.853431631812807
2024-02-10 16:45:00,28.69530530016021
2024-02-10 16:50:00,31.271986111626703
2024-02-10 16:55:00,27.506711708374542
2024-02-10 17:00:00,41.48553789927134
2024-02-10 17:05:00,32.967277049820204
2024-02-10 17:10:00,37.86719976226094
2024-02-10 17:15:00,41.17442688332756
2024-02-10 17:20:00,33.749389301627346
2024-02-10 17:25:00,37.878089755577406
2024-02-10 17:30:00,31.62965580686854
2024-02-10 17:35:00,45.533078302941
2024-02-10 17:40:00,39.49552056495275
2024-02-10 17:45:00,34.979574271443035
2024-02-10 17:50:00,32.65866510293041
2024-02-10 17:55:00,35.294013815127755
2024-02-10 18:00:00,31.34857587805489
2024-02-10 18:05:00,40.520288983459
2024-02-10 18:10:00,27.80637187860136
2024-02-10 18:15:00,33.24771646062179
2024-02-10 18:20:00,32.63515850092613
2024-02-10 18:25:00,32.23886956608149
2024-02-10 18:30:00,32.2740441477076
2024-02-10 18:35:00,32.24422752697904
2024-02-10 18:40:00,36.20077503278937
2024-02-10 18:45:00,35.14444855343071
2024-02-10 18:50:00,34.38415721295212
2024-02-10 18:55:00,20.572553318879898
2024-02-10 19:00:00,28.257521812761198
2024-02-10 19:05:00,20.43578487542821
2024-02-10 19:10:00,29.64362296865184
2024-02-10 19:15:00,32.9563317863906
2024-02-10 19:20:00,23.353385865754337
2024-02-10 19:25:00,26.011219426737718
2024-02-10 19:30:00,24.66091949589655
2024-02-10 19:35:00,32.00006941913574
2024-02-10 19:40:00,27.438453857196837
2024-02-10 19:45:00,33.971659838373874
2024-02-10 19:50:00,28.71335912789809
2024-02-10 19:55:00,28.028143038651816
2024-02-10 20:00:00,23.72206646813699
2024-02-10 20:05:00,26.72120773475499
2024-02-10 20:10:00,16.49849454474427
2024-02-10 20:15:00,23.79061515980768
2024-02-10 20:20:00,23.169053562813783
2024-02-10 20:25:00,26.350914646356703
2024-02-10 20:30:00,22.698432914229496
2024-02-10 20:35:00,19.294301601074963
2024-02-10 20:40:00,23.47864203740444
2024-02-10 20:45:00,19.117877222252268
2024-02-10 20:50:00,15.748190487375702
2024-02-10 20:55:00,26.35772926366761
2024-02-10 21:00:00,24.56808632549878
2024-02-10 21:05:00,24.120203810694395
2024-02-10 21:10:00,27.46355372250334
2024-02-10 21:15:00,19.591712473504398
2024-02-10 21:20:00,16.527383463635076
2024-02-10 21:25:00,21.97172092748792
2024-02-10 21:30:00,20.861838835896457
2024-02-10 21:35:00,18.88265716763982
2024-02-10 21:40:00,21.932443420768912
2024-02-10 21:45:00,19.80541944990176
2024-02-10 21:50:00,14.90781890129277
2024-02-10 21:55:00,20.48713327154505
2024-02-10 22:00:00,17.481043077557704
2024-02-10 22:05:00,22.95313603081682
2024-02-10 22:10:00,19.40240471141051
2024-02-10 22:15:00,26.47306964093734
2024-02-10 22:20:00,28.4420080134446
2024-02-10 22:25:00,24.74406923642076
2024-02-10 22:30:00,15.822439016439851
2024-02-10 22:35:00,28.04732773988929
2024-02-10 22:40:00,28.32942554586819
2024-02-10 22:45:00,22.101705789604896
2024-02-10 22:50:00,27.31824838571526
2024-02-10 22:55:00,19.81984319218642
2024-02-10 23:00:00,14.53671314540784
2024-02-10 23:05:00,18.960559130319822
2024-02-10 23:10:00,28.918900348985225
2024-02-10 23:15:00,16.037377190360303
2024-02-10 23:20:00,21.999782012532176
2024-02-10 23:25:00,22.138272458167044
2024-02-10 23:30:00,19.94979990893495
2024-02-10 23:35:00,20.22761048545774
2024-02-10 23:40:00,22.29069342175101
2024-02-10 23:45:00,19.753047517067287
2024-02-10 23:50:00,16.313462896134475
2024-02-10 23:55:00,22.861824656580023
2024-02-11 00:00:00,26.293468186610276
2024-02-11 00:05:00,25.47829193144407
2024-02-11 00:10:00,18.76105998727114
2024-02-11 00:15:00,16.99509019531968
2024-02-11 00:20:00,20.86325032821127
2024-02-11 00:25:00,28.27116789601304
2024-02-11 00:30:00,24.582394172668565
2024-02-11 00:35:00,24.81586056400732
2024-02-11 00:40:00,25.559429663972363
2024-02-11 00:45:00,23.683068106904727
2024-02-11 00:50:00,22.482436047284697
2024-02-11 00:55:00,24.649229443422257
2024-02-11 01:00:00,19.81541453756489
2024-02-11 01:05:00,16.34222690897169
2024-02-11 01:10:00,24.892066692934264
2024-02-11 01:15:00,26.95103137743387
2024-02-11 01:20:00,17.52715119701285
2024-02-11 01:25:00,25.28776488410057
2024-02-11 01:30:00,28.72314180798973
2024-02-11 01:35:00,21.99109414740849
2024-02-11 01:40:00,18.728070215469987
2024-02-11 01:45:00,22.492153648543997
2024-02-11 01:50:00,19.79794308163417
2024-02-11 01:55:00,19.533158514611365
2024-02-11 02:00:00,23.7347725308536
2024-02-11 02:05:00,15.587118361647848
2024-02-11 02:10:00,16.22632057179852
2024-02-11 02:15:00,22.0791997832632
2024-02-11 02:20:00,21.912802106117702
2024-02-11 02:25:00,23.376254569927173
2024-02-11 02:30:00,29.50293781570098
2024-02-11 02:35:00,22.420092406070715
2024-02-11 02:40:00,24.394724863106607
2024-02-11 02:45:00,18.0999045193089
2024-02-11 02:50:00,25.07378691583358
2024-02-11 02:55:00,19.89647280132472
2024-02-11 03:00:00,22.31753582357213
2024-02-11 03:05:00,21.59645799297111
2024-02-11 03:10:00,26.16374943290388
2024-02-11 03:15:00,16.79194627574776
2024-02-11 03:20:00,12.8988979547876
2024-02-11 03:25:00,21.17812170489606
2024-02-11 03:30:00,23.90597752086825
2024-02-11 03:35:00,22.64092999647776
2024-02-11 03:40:00,26.9606694429034
2024-02-11 03:45:00,23.78134318996643
2024-02-11 03:50:00,19.77645916580832
2024-02-11 03:55:00,12.730171876689036
2024-02-11 04:00:00,21.352959104883244
2024-02-11 04:05:00,26.41404405069531
2024-02-11 04:10:00,20.734016910995656
2024-02-11 04:15:00,22.41548909637517
2024-02-11 04:20:00,23.987649058890952
2024-02-11 04:25:00,18.241038544664853
2024-02-11 04:30:00,24.795151628219383
2024-02-11 04:35:00,28.850695201670938
2024-02-11 04:40:00,21.61095463409049
2024-02-11 04:45:00,17.785950354334908
2024-02-11 04:50:00,22.035803933576226
2024-02-11 04:55:00,13.40467160722864
2024-02-11 05:00:00,25.086700261177235
2024-02-11 05:05:00,25.548184715865087
2024-02-11 05:10:00,30.44163238065302
2024-02-11 05:15:00,22.96310803500427
2024-02-11 05:20:00,25.373028557856653
2024-02-11 05:25:00,20.293934795727168
2024-02-11 05:30:00,22.31337872317045
2024-02-11 05:35:00,17.638345458621977
2024-02-11 05:40:00,22.959928720137828
2024-02-11 05:45:00,22.51785059119651
2024-02-11 05:50:00,24.935886269626355
2024-02-11 05:55:00,21.24469968394021
2024-02-11 06:00:00,28.40339218323017
2024-02-11 06:05:00,26.73649055689914
2024-02-11 06:10:00,26.744013226131745
2024-02-11 06:15:00,28.39146008318192
2024-02-11 06:20:00,28.23210254859784
2024-02-11 06:25:00,31.11470693553636
2024-02-11 06:30:00,27.58743864281046
2024-02-11 06:35:00,26.67046938283779
2024-02-11 06:40:00,27.346780998980897
2024-02-11 06:45:00,25.21135431196583
2024-02-11 06:50:00,26.63036640506312
2024-02-11 06:55:00,36.19464563162273
2024-02-11 07:00:00,31.199497878085676
2024-02-11 07:05:00,33.7355875853519
2024-02-11 07:10:00,33.300258267790376
2024-02-11 07:15:00,33.861526471891544
2024-02-11 07:20:00,33.52525568535556
2024-02-11 07:25:00,35.96717332575314
2024-02-11 07:30:00,28.009512515301964
2024-02-11 07:35:00,38.99889881099716
2024-02-11 07:40:00,37.38054411943793
2024-02-11 07:45:00,29.8787265766166
2024-02-11 07:50:00,25.77390382905953
2024-02-11 07:55:00,30.941924336303536
2024-02-11 08:00:00,37.5293341763634
2024-02-11 08:05:00,48.82116761683498
2024-02-11 08:10:00,40.67302788196898
2024-02-11 08:15:00,31.26964142534606
2024-02-11 08:20:00,35.74137800246811
2024-02-11 08:25:00,38.28715027697996
2024-02-11 08:30:00,39.51473423926428
2024-02-11 08:35:00,33.24100458083019
2024-02-11 08:40:00,37.96003911016364
2024-02-11 08:45:00,35.62944347162973
2024-02-11 08:50:00,34.084965771662624
2024-02-11 08:55:00,39.5383826088677
2024-02-11 09:00:00,37.94572316180812
2024-02-11 09:05:00,38.21437957588331
2024-02-11 09:10:00,37.14775987257234
2024-02-11 09:15:00,32.86073633547578
2024-02-11 09:20:00,37.70841351389085
2024-02-11 09:25:00,36.08643222045399
2024-02-11 09:30:00,35.38598199984489
2024-02-11 09:35:00,32.40344198122964
2024-02-11 09:40:00,32.86270995867072
2024-02-11 09:45:00,35.14576221253505
2024-02-11 09:50:00,44.60971233597884
2024-02-11 09:55:00,36.0551843884024
2024-02-11 10:00:00,25.6253225656918
2024-02-11 10:05:00,24.74051879481517
2024-02-11 10:10:00,26.103010124068128
2024-02-11 10:15:00,36.7792503648892
2024-02-11 10:20:00,26.473049990909093
2024-02-11 10:25:00,31.69755871313408
2024-02-11 10:30:00,26.56636359280752
2024-02-11 10:35:00,29.11481473981145
2024-02-11 10:40:00,31.23705767072783
2024-02-11 10:45:00,25.782465175453243
2024-02-11 10:50:00,25.50562995808186
2024-02-11 10:55:00,34.70555535251426
2024-02-11 11:00:00,27.679155669660148
2024-02-11 11:05:00,26.903473364839872
2024-02-11 11:10:00,26.889889262568616
2024-02-11 11:15:00,25.579086043321222
2024-02-11 11:20:00,31.81188734277722
2024-02-11 11:25:00,23.91641729758559
2024-02-11 11:30:00,26.04983355888064
2024-02-11 11:35:00,17.937132375700912
2024-02-11 11:40:00,20.440941343712
2024-02-11 11:45:00,18.9375080907368
2024-02-11 11:50:00,28.83703842414156
2024-02-11 11:55:00,13.53062348199396
2024-02-11 12:00:00,20.71951169502636
2024-02-11 12:05:00,10.353925375394756
2024-02-11 12:10:00,19.003600204109688
2024-02-11 12:15:00,20.364955987109784
2024-02-11 12:20:00,27.868236161213424
2024-02-11 12:25:00,23.91526354292308
2024-02-11 12:30:00,18.996185692721383
2024-02-11 12:35:00,26.592606664964556
2024-02-11 12:40:00,22.40008080415628
2024-02-11 12:45:00,22.479019220866256
2024-02-11 12:50:00,17.51806575494928
2024-02-11 12:55:00,18.36869693042469
2024-02-11 13:00:00,18.983303328185755
2024-02-11 13:05:00,22.46953762058461
2024-02-11 13:10:00,22.59523543589055
2024-02-11 13:15:00,28.460063182064037
2024-02-11 13:20:00,23.82391319971919
2024-02-11 13:25:00,11.45342975327942
2024-02-11 13:30:00,23.334260479454613
2024-02-11 13:35:00,16.48362710329772
2024-02-11 13:40:00,18.419808829521703
2024-02-11 13:45:00,19.03501464106253
2024-02-11 13:50:00,19.630339233918644
2024-02-11 13:55:00,16.78309495980664
2024-02-11 14:00:00,24.265203613302216
2024-02-11 14:05:00,17.80806645912923
2024-02-11 14:10:00,24.877946028492453
2024-02-11 14:15:00,32.39915990773959
2024-02-11 14:20:00,18.13383936375681
2024-02-11 14:25:00,22.313234382136176
2024-02-11 14:30:00,13.357446149443186
2024-02-11 14:35:00,22.24753442761253
2024-02-11 14:40:00,26.022144210019
2024-02-11 14:45:00,26.333832524922133
2024-02-11 14:50:00,23.76073052062945
2024-02-11 14:55:00,27.00832929852897
2024-02-11 15:00:00,37.24263941431548
2024-02-11 15:05:00,33.90764002029471
2024-02-11 15:10:00,24.96833755290576
2024-02-11 15:15:00,21.254005324677355
2024-02-11 15:20:00,25.43381560424909
2024-02-11 15:25:00,23.270490208074914
2024-02-11 15:30:00,28.86381146200284
2024-02-11 15:35:00,22.33364711282632
2024-02-11 15:40:00,26.76713154018294
2024-02-11 15:45:00,30.41047748868955
2024-02-11 15:50:00,26.6556377792756
2024-02-11 15:55:00,23.273165979553124
2024-02-11 16:00:00,37.40776885440497
2024-02-11 16:05:00,25.19258884504689
2024-02-11 16:10:00,31.39733240055235
2024-02-11 16:15:00,32.541872530536864
2024-02-11 16:20:00,32.77214725766073
2024-02-11 16:25:00,33.430496848374524
2024-02-11 16:30:00,35.15027190330017
2024-02-11 16:35:00,32.5668828678808
2024-02-11 16:40:00,31.23627949548748
2024-02-11 16:45:00,31.07815524542342
2024-02-11 16:50:00,30.262449415908783
2024-02-11 16:55:00,35.85868592136966
2024-02-11 17:00:00,33.1638861085802
2024-02-11 17:05:00,39.13708446251924
2024-02-11 17:10:00,35.825996355525746
2024-02-11 17:15:00,33.664980799061745
2024-02-11 17:20:00,38.2236288894628
2024-02-11 17:25:00,32.84018432759379
2024-02-11 17:30:00,38.30273618939911
2024-02-11 17:35:00,36.60090451125341
2024-02-11 17:40:00,33.36470127011858
2024-02-11 17:45:00,37.8645392878245
2024-02-11 17:50:00,37.93635892924082
2024-02-11 17:55:00,40.38007844972609
2024-02-11 18:00:00,36.57309881709816
2024-02-11 18:05:00,34.673606850366106
2024-02-11 18:10:00,28.19814696262592
2024-02-11 18:15:00,42.5028587201572
2024-02-11 18:20:00,27.09404592317373
2024-02-11 18:25:00,36.50556346459021
2024-02-11 18:30:00,34.43364603500616
2024-02-11 18:35:00,28.011941277536515
2024-02-11 18:40:00,32.21130701194698
2024-02-11 18:45:00,32.39349922248241
2024-02-11 18:50:00,37.93084163070306
2024-02-11 18:55:00,29.855267166340127
2024-02-11 19:00:00,26.010562290411123
2024-02-11 19:05:00,17.71406389602349
2024-02-11 19:10:00,33.997393488602846
2024-02-11 19:15:00,22.776469344028257
2024-02-11 19:20:00,28.36598577306524
2024-02-11 19:25:00,26.652710997221085
2024-02-11 19:30:00,26.66633844897518
2024-02-11 19:35:00,30.29779025559204
2024-02-11 19:40:00,33.74339215732308
2024-02-11 19:45:00,28.064316995876503
2024-02-11 19:50:00,29.678654386630644
2024-02-11 19:55:00,28.373908463016704
2024-02-11 20:00:00,27.51936503344815
2024-02-11 20:05:00,21.597573819780337
2024-02-11 20:10:00,27.7508015553913
2024-02-11 20:15:00,27.89123880031518
2024-02-11 20:20:00,27.779387372457283
2024-02-11 20:25:00,20.80864786837974
2024-02-11 20:30:00,22.77588880077688
2024-02-11 20:35:00,24.407107292847385
2024-02-11 20:40:00,17.96587115840962
2024-02-11 20:45:00,29.8289201700697
2024-02-11 20:50:00,23.40013320371694
2024-02-11 20:55:00,24.58495088814453
2024-02-11 21:00:00,19.94382227581129
2024-02-11 21:05:00,16.944329797252006
2024-02-11 21:10:00,19.83572049282101
2024-02-11 21:15:00,23.12865678525445
2024-02-11 21:20:00,24.94555528573487
2024-02-11 21:25:00,22.899006197130976
2024-02-11 21:30:00,23.638736099687897
2024-02-11 21:35:00,20.90373453599459
2024-02-11 21:40:00,24.23683429970181
2024-02-11 21:45:00,28.183171500263725
2024-02-11 21:50:00,25.070997804476043
2024-02-11 21:55:00,25.490007587731856
2024-02-11 22:00:00,23.202609341599658
2024-02-11 22:05:00,16.013923465974724
2024-02-11 22:10:00,17.84787762184816
2024-02-11 22:15:00,23.846046947028505
2024-02-11 22:20:00,21.98278753653279
2024-02-11 22:25:00,23.785915290264445
2024-02-11 22:30:00,28.732237415749427
2024-02-11 22:35:00,24.930687741290463
2024-02-11 22:40:00,27.062088567344414
2024-02-11 22:45:00,22.40526930225605
2024-02-11 22:50:00,18.79768103443537
2024-02-11 22:55:00,21.795079107515768
2024-02-11 23:00:00,18.78268962992965
2024-02-11 23:05:00,28.23487671189599
2024-02-11 23:10:00,25.16326119094808
2024-02-11 23:15:00,24.08374687131932
2024-02-11 23:20:00,26.94546969371861
2024-02-11 23:25:00,13.921471226713296
2024-02-11 23:30:00,24.354248690176835
2024-02-11 23:35:00,16.759113747588707
2024-02-11 23:40:00,21.972674090943556
2024-02-11 23:45:00,20.75486651493734
2024-02-11 23:50:00,24.648643333193988
2024-02-11 23:55:00,22.91444604065002
2024-02-12 00:00:00,45.38047207050239
2024-02-12 00:05:00,37.592414732324784
2024-02-12 00:10:00,42.83646093458837
2024-02-12 00:15:00,40.64889624365057
2024-02-12 00:20:00,33.45884229576903
2024-02-12 00:25:00,36.32553754196311
2024-02-12 00:30:00,39.40049124196657
2024-02-12 00:35:00,44.44917317562215
2024-02-12 00:40:00,41.8548956062837
2024-02-12 00:45:00,35.330000080532386
2024-02-12 00:50:00,39.4387384638666
2024-02-12 00:55:00,48.07122917122736
2024-02-12 01:00:00,40.4450368928852
2024-02-12 01:05:00,38.690841253232186
2024-02-12 01:10:00,41.96710211654665
2024-02-12 01:15:00,43.05371587184965
2024-02-12 01:20:00,38.17547016360153
2024-02-12 01:25:00,42.01044265100752
2024-02-12 01:30:00,38.68458556683853
2024-02-12 01:35:00,42.87745396083952
2024-02-12 01:40:00,40.678916185406905
2024-02-12 01:45:00,41.92801486173334
2024-02-12 01:50:00,36.96340936885175
2024-02-12 01:55:00,36.71499801723033
2024-02-12 02:00:00,43.785691512760174
2024-02-12 02:05:00,39.68611676858063
2024-02-12 02:10:00,41.14384126252004
2024-02-12 02:15:00,38.77812058577652
2024-02-12 02:20:00,43.59860939017717
2024-02-12 02:25:00,37.57246237400397
2024-02-12 02:30:00,39.46129733451907
2024-02-12 02:35:00,43.14767354493512
2024-02-12 02:40:00,44.69557309077966
2024-02-12 02:45:00,37.90866513001586
2024-02-12 02:50:00,47.842438221946125
2024-02-12 02:55:00,41.25666906889706
2024-02-12 03:00:00,35.88620057685188
2024-02-12 03:05:00,41.5341218184467
2024-02-12 03:10:00,38.525916766153
2024-02-12 03:15:00,41.79418757281954
2024-02-12 03:20:00,39.88648863344548
2024-02-12 03:25:00,40.35500838484741
2024-02-12 03:30:00,36.41154011774225
2024-02-12 03:35:00,44.01815854695227
2024-02-12 03:40:00,35.4334041554827
2024-02-12 03:45:00,35.62285404246685
2024-02-12 03:50:00,41.52735502067678
2024-02-12 03:55:00,46.46929061279871
2024-02-12 04:00:00,39.1390967784044
2024-02-12 04:05:00,43.35335845747789
2024-02-12 04:10:00,44.84282987411621
2024-02-12 04:15:00,43.80820691583831
2024-02-12 04:20:00,39.3046360099673
2024-02-12 04:25:00,36.18528229788573
2024-02-12 04:30:00,31.71927890397661
2024-02-12 04:35:00,39.49810716881245
2024-02-12 04:40:00,45.261818640910725
2024-02-12 04:45:00,36.05280522761429
2024-02-12 04:50:00,43.35030855673709
2024-02-12 04:55:00,36.74885904645454
2024-02-12 05:00:00,43.58626704240329
2024-02-12 05:05:00,45.99314319347601
2024-02-12 05:10:00,40.52399498950223
2024-02-12 05:15:00,43.8439154596436
2024-02-12 05:20:00,41.50161138995463
2024-02-12 05:25:00,45.982571372608646
2024-02-12 05:30:00,44.10324541079449
2024-02-12 05:35:00,43.38800743457301
2024-02-12 05:40:00,49.39537657742385
2024-02-12 05:45:00,45.81120130632915
2024-02-12 05:50:00,40.40056927235079
2024-02-12 05:55:00,42.818521133664895
2024-02-12 06:00:00,50.73278809482645
2024-02-12 06:05:00,51.35766152564594
2024-02-12 06:10:00,61.134420341575066
2024-02-12 06:15:00,52.51979080598908
2024-02-12 06:20:00,42.892772954725984
2024-02-12 06:25:00,48.865187348277225
2024-02-12 06:30:00,43.30689488516185
2024-02-12 06:35:00,49.71719020696173
2024-02-12 06:40:00,43.08714231623937
2024-02-12 06:45:00,47.550021350871376
2024-02-12 06:50:00,44.95349711660861
2024-02-12 06:55:00,52.573023947015
2024-02-12 07:00:00,63.366180943004856
2024-02-12 07:05:00,64.57587272248426
2024-02-12 07:10:00,62.94581793821524
2024-02-12 07:15:00,57.78683249167168
2024-02-12 07:20:00,65.41810896950828
2024-02-12 07:25:00,71.05292173356716
2024-02-12 07:30:00,65.00087380691554
2024-02-12 07:35:00,61.66032509521908
2024-02-12 07:40:00,57.65175478806757
2024-02-12 07:45:00,59.731755609449486
2024-02-12 07:50:00,65.17618211877758
2024-02-12 07:55:00,67.65649559968685
2024-02-12 08:00:00,71.0434647390186
2024-02-12 08:05:00,73.19954919895463
2024-02-12 08:10:00,72.83071301623967
2024-02-12 08:15:00,72.02613760567436
2024-02-12 08:20:00,67.36610565908568
2024-02-12 08:25:00,70.69569408803132
2024-02-12 08:30:00,66.60648882460215
2024-02-12 08:35:00,70.06971585196311
2024-02-12 08:40:00,71.32345416439834
2024-02-12 08:45:00,76.71513526967811
2024-02-12 08:50:00,64.76107214266017
2024-02-12 08:55:00,71.92603056409592
2024-02-12 09:00:00,69.28897267201589
2024-02-12 09:05:00,66.3994173688767
2024-02-12 09:10:00,66.69580807682168
2024-02-12 09:15:00,65.71480591299276
2024-02-12 09:20:00,68.55736426462317
2024-02-12 09:25:00,59.01411363307204
2024-02-12 09:30:00,57.82031964164052
2024-02-12 09:35:00,63.33868974366049
2024-02-12 09:40:00,54.71937789123467
2024-02-12 09:45:00,68.28660952223356
2024-02-12 09:50:00,68.24688708750328
2024-02-12 09:55:00,61.630624085183406
2024-02-12 10:00:00,49.55342047643603
2024-02-12 10:05:00,50.74711296247538
2024-02-12 10:10:00,51.24458546483655
2024-02-12 10:15:00,51.545198539855214
2024-02-12 10:20:00,53.269431290591285
2024-02-12 10:25:00,50.34599745104416
2024-02-12 10:30:00,54.80927607698925
2024-02-12 10:35:00,52.82029397157928
2024-02-12 10:40:00,48.60864907958753
2024-02-12 10:45:00,56.37695353429446
2024-02-12 10:50:00,45.60347491858812
2024-02-12 10:55:00,50.66783961979216
2024-02-12 11:00:00,47.03273158625998
2024-02-12 11:05:00,40.27276956230953
2024-02-12 11:10:00,44.40328456902671
2024-02-12 11:15:00,45.33842036995429
2024-02-12 11:20:00,39.722966510033146
2024-02-12 11:25:00,42.87515110358196
2024-02-12 11:30:00,42.53904666112126
2024-02-12 11:35:00,40.95811057462893
2024-02-12 11:40:00,52.3717613901612
2024-02-12 11:45:00,40.1126365681762
2024-02-12 11:50:00,47.18478315822964
2024-02-12 11:55:00,41.593857914433535
2024-02-12 12:00:00,36.2511857645266
2024-02-12 12:05:00,41.00898749268799
2024-02-12 12:10:00,43.19410405761772
2024-02-12 12:15:00,44.27976882033044
2024-02-12 12:20:00,46.846790962688
2024-02-12 12:25:00,52.37871567980813
2024-02-12 12:30:00,41.599787335090106
2024-02-12 12:35:00,37.94536182476617
2024-02-12 12:40:00,42.409227827247285
2024-02-12 12:45:00,39.53287871844175
2024-02-12 12:50:00,44.30159503947664
2024-02-12 12:55:00,35.409073334604834
2024-02-12 13:00:00,49.98914276590693
2024-02-12 13:05:00,43.93999697540723
2024-02-12 13:10:00,33.77978852512052
2024-02-12 13:15:00,37.67968898704529
2024-02-12 13:20:00,43.78012877276093
2024-02-12 13:25:00,45.221180820991
2024-02-12 13:30:00,35.42685408737733
2024-02-12 13:35:00,43.367907998036976
2024-02-12 13:40:00,32.72644510565749
2024-02-12 13:45:00,40.158461134421
2024-02-12 13:50:00,44.963991964718005
2024-02-12 13:55:00,38.30974167589326
2024-02-12 14:00:00,36.61099371161716
2024-02-12 14:05:00,43.22354209367945
2024-02-12 14:10:00,40.219807441627296
2024-02-12 14:15:00,45.15691637243255
2024-02-12 14:20:00,39.09737717929697
2024-02-12 14:25:00,39.54813534955681
2024-02-12 14:30:00,34.55467362466423
2024-02-12 14:35:00,43.31846175237514
2024-02-12 14:40:00,41.995063155062816
2024-02-12 14:45:00,37.885144225208926
2024-02-12 14:50:00,43.41387776323758
2024-02-12 14:55:00,46.746964110745765
2024-02-12 15:00:00,48.334857809132025
2024-02-12 15:05:00,50.26979738209572
2024-02-12 15:10:00,50.29037458114848
2024-02-12 15:15:00,44.37981027409198
2024-02-12 15:20:00,57.42347286563821
2024-02-12 15:25:00,47.31373026231869
2024-02-12 15:30:00,51.82159439024891
2024-02-12 15:35:00,52.27399069172402
2024-02-12 15:40:00,48.638749074344815
2024-02-12 15:45:00,51.62430968304636
2024-02-12 15:50:00,50.18040647007338
2024-02-12 15:55:00,43.5265705538982
2024-02-12 16:00:00,58.14093214784001
2024-02-12 16:05:00,57.01981934342412
2024-02-12 16:10:00,57.62304278745586
2024-02-12 16:15:00,54.254010241493816
2024-02-12 16:20:00,63.97575781982449
2024-02-12 16:25:00,65.87799357129401
2024-02-12 16:30:00,63.382034856834
2024-02-12 16:35:00,64.55213984942894
2024-02-12 16:40:00,58.09148360480774
2024-02-12 16:45:00,56.92499561289622
2024-02-12 16:50:00,56.35567476559352
2024-02-12 16:55:00,62.046282644669255
2024-02-12 17:00:00,65.90825226073343
2024-02-12 17:05:00,64.69111320176313
2024-02-12 17:10:00,70.1805942249382
2024-02-12 17:15:00,66.6197654634182
2024-02-12 17:20:00,61.645369498074494
2024-02-12 17:25:00,62.27636473161406
2024-02-12 17:30:00,67.72797324517342
2024-02-12 17:35:00,69.16693145877522
2024-02-12 17:40:00,67.20672097718071
2024-02-12 17:45:00,72.58755503964517
2024-02-12 17:50:00,71.54002871108251
2024-02-12 17:55:00,66.76414338755988
2024-02-12 18:00:00,56.11569693927576
2024-02-12 18:05:00,54.2300695302747
2024-02-12 18:10:00,57.92049259714291
2024-02-12 18:15:00,62.48287336286639
2024-02-12 18:20:00,66.77660789444951
2024-02-12 18:25:00,61.13980771484497
2024-02-12 18:30:00,64.14491075412671
2024-02-12 18:35:00,58.48878963245056
2024-02-12 18:40:00,61.96109607811197
2024-02-12 18:45:00,62.763446895110455
2024-02-12 18:50:00,51.55164247379165
2024-02-12 18:55:00,57.81626436769573
2024-02-12 19:00:00,52.99578756639973
2024-02-12 19:05:00,50.294859371834505
2024-02-12 19:10:00,44.41092583668451
2024-02-12 19:15:00,39.47649652637882
2024-02-12 19:20:00,47.733863048080224
2024-02-12 19:25:00,48.91064325771273
2024-02-12 19:30:00,45.661294229974864
2024-02-12 19:35:00,49.76932577740023
2024-02-12 19:40:00,51.22253301821983
2024-02-12 19:45:00,51.87973471219318
2024-02-12 19:50:00,39.77331032955896
2024-02-12 19:55:00,43.939845638055765
2024-02-12 20:00:00,41.41649002062768
2024-02-12 20:05:00,44.92367313819647
2024-02-12 20:10:00,44.59191666824676
2024-02-12 20:15:00,44.522460405553325
2024-02-12 20:20:00,41.101308846170895
2024-02-12 20:25:00,41.32444686480677
2024-02-12 20:30:00,39.72166354035966
2024-02-12 20:35:00,45.70775712647001
2024-02-12 20:40:00,38.95302546308831
2024-02-12 20:45:00,46.035126194804896
2024-02-12 20:50:00,43.466393566597205
2024-02-12 20:55:00,42.454802700226
2024-02-12 21:00:00,37.831049373112485
2024-02-12 21:05:00,35.03572352756184
2024-02-12 21:10:00,37.86727994670617
2024-02-12 21:15:00,39.1378634977188
2024-02-12 21:20:00,30.981793725893347
2024-02-12 21:25:00,39.668470350879694
2024-02-12 21:30:00,44.15532044432237
2024-02-12 21:35:00,42.72676259395384
2024-02-12 21:40:00,38.47306746925232
2024-02-12 21:45:00,40.64563616587926
2024-02-12 21:50:00,38.23323269453035
2024-02-12 21:55:00,41.05293390556113
2024-02-12 22:00:00,46.20869264838182
2024-02-12 22:05:00,43.9222565639052
2024-02-12 22:10:00,42.13143857617671
2024-02-12 22:15:00,38.07672170387082
2024-02-12 22:20:00,43.04801492518504
2024-02-12 22:25:00,33.30075354791348
2024-02-12 22:30:00,39.03884742544213
2024-02-12 22:35:00,42.38310703270149
2024-02-12 22:40:00,43.0099462095967
2024-02-12 22:45:00,42.72779931426866
2024-02-12 22:50:00,41.22758411024447
2024-02-12 22:55:00,39.26536143707016
2024-02-12 23:00:00,42.154989124408125
2024-02-12 23:05:00,36.191641082756966
2024-02-12 23:10:00,36.62437619192917
2024-02-12 23:15:00,40.25002395094336
2024-02-12 23:20:00,40.69587581593716
2024-02-12 23:25:00,32.700624530843584
2024-02-12 23:30:00,41.82367076890024
2024-02-12 23:35:00,43.09399875677974
2024-02-12 23:40:00,39.69394429523699
2024-02-12 23:45:00,49.50095037823814
2024-02-12 23:50:00,37.271344819841424
2024-02-12 23:55:00,38.55873659155469
2024-02-13 00:00:00,38.419735751546405
2024-02-13 00:05:00,39.69525293089117
2024-02-13 00:10:00,38.68510412419008
2024-02-13 00:15:00,34.372761197635754
2024-02-13 00:20:00,37.81381019110934
2024-02-13 00:25:00,39.60952059295894
2024-02-13 00:30:00,44.91429170430323
2024-02-13 00:35:00,48.80897646954689
2024-02-13 00:40:00,45.34189896745786
2024-02-13 00:45:00,36.89848725736481
2024-02-13 00:50:00,37.21676493355058
2024-02-13 00:55:00,39.36268906601784
2024-02-13 01:00:00,47.138379108936114
2024-02-13 01:05:00,39.33844734479419
2024-02-13 01:10:00,34.69011359137205
2024-02-13 01:15:00,37.99543500570962
2024-02-13 01:20:00,43.02836756079944
2024-02-13 01:25:00,42.75990466110611
2024-02-13 01:30:00,39.19927688755514
2024-02-13 01:35:00,42.733802247761886
2024-02-13 01:40:00,30.90745474333444
2024-02-13 01:45:00,40.41546049365256
2024-02-13 01:50:00,43.44288523899629
2024-02-13 01:55:00,36.668690452903625
2024-02-13 02:00:00,36.65834814813744
2024-02-13 02:05:00,32.5379096830687
2024-02-13 02:10:00,46.36328467336537
2024-02-13 02:15:00,37.12308638603633
2024-02-13 02:20:00,40.96787540557104
2024-02-13 02:25:00,42.41937046005609
2024-02-13 02:30:00,46.05197409068841
2024-02-13 02:35:00,39.388111198180056
2024-02-13 02:40:00,37.84598311900892
2024-02-13 02:45:00,40.69597288840481
2024-02-13 02:50:00,45.14002340029175
2024-02-13 02:55:00,39.32301216851946
2024-02-13 03:00:00,36.23843729775052
2024-02-13 03:05:00,33.89488239082538
2024-02-13 03:10:00,35.17272408566593
2024-02-13 03:15:00,43.51547961371349
2024-02-13 03:20:00,38.775415718859584
2024-02-13 03:25:00,37.62782998440399
2024-02-13 03:30:00,37.19404473135106
2024-02-13 03:35:00,40.39809706488756
2024-02-13 03:40:00,39.100093249024496
2024-02-13 03:45:00,38.96538504920982
2024-02-13 03:50:00,45.45520933532978
2024-02-13 03:55:00,46.20997875153336
2024-02-13 04:00:00,34.109382475026045
2024-02-13 04:05:00,41.859840091233856
2024-02-13 04:10:00,37.44202077217646
2024-02-13 04:15:00,39.55646471121766
2024-02-13 04:20:00,41.786582707168805
2024-02-13 04:25:00,39.698589498938354
2024-02-13 04:30:00,41.47130868917256
2024-02-13 04:35:00,43.2413499907897
2024-02-13 04:40:00,41.72777636882331
2024-02-13 04:45:00,37.962123949991536
2024-02-13 04:50:00,38.03267073878073
2024-02-13 04:55:00,34.79064798018989
2024-02-13 05:00:00,39.74629554677307
2024-02-13 05:05:00,51.01025018445005
2024-02-13 05:10:00,39.99396244047496
2024-02-13 05:15:00,38.38846148708066
2024-02-13 05:20:00,44.44168818423503
2024-02-13 05:25:00,42.7205176996885
2024-02-13 05:30:00,42.37960378945904
2024-02-13 05:35:00,48.7981606025043
2024-02-13 05:40:00,45.358483439089404
2024-02-13 05:45:00,41.04200501004204
2024-02-13 05:50:00,41.46407306648882
2024-02-13 05:55:00,41.1516306812332
2024-02-13 06:00:00,54.53534172146612
2024-02-13 06:05:00,49.80379271733254
2024-02-13 06:10:00,43.86376922532848
2024-02-13 06:15:00,50.84310452020771
2024-02-13 06:20:00,44.88827923063337
2024-02-13 06:25:00,59.77330564216469
2024-02-13 06:30:00,47.173711579756166
2024-02-13 06:35:00,50.388924173714166
2024-02-13 06:40:00,52.06919417394963
2024-02-13 06:45:00,49.88175059242817
2024-02-13 06:50:00,49.87626162928032
2024-02-13 06:55:00,52.7236923797886
2024-02-13 07:00:00,69.46888732767447
2024-02-13 07:05:00,66.43405981975853
2024-02-13 07:10:00,69.27807900678351
2024-02-13 07:15:00,59.17754706011534
2024-02-13 07:20:00,64.6334740255108
2024-02-13 07:25:00,63.98500770072246
2024-02-13 07:30:00,64.76838865919629
2024-02-13 07:35:00,68.86895137503163
2024-02-13 07:40:00,62.48086689332113
2024-02-13 07:45:00,61.74201002627299
2024-02-13 07:50:00,65.499946682164
2024-02-13 07:55:00,56.25121258222595
2024-02-13 08:00:00,69.05259184364199
2024-02-13 08:05:00,69.46320928298888
2024-02-13 08:10:00,66.318565574903
2024-02-13 08:15:00,74.22823608555701
2024-02-13 08:20:00,65.75103877075756
2024-02-13 08:25:00,69.45650784667552
2024-02-13 08:30:00,71.17262894142257
2024-02-13 08:35:00,75.41380628603517
2024-02-13 08:40:00,69.95777430060728
2024-02-13 08:45:00,73.74461441664354
2024-02-13 08:50:00,72.8023816292392
2024-02-13 08:55:00,70.49383026480727
2024-02-13 09:00:00,59.00597267242769
2024-02-13 09:05:00,57.62570286190412
2024-02-13 09:10:00,63.79004791119826
2024-02-13 09:15:00,61.19323880991106
2024-02-13 09:20:00,67.04107067224668
2024-02-13 09:25:00,66.34745237791583
2024-02-13 09:30:00,62.62558232777332
2024-02-13 09:35:00,58.73317460975643
2024-02-13 09:40:00,65.40696850395061
2024-02-13 09:45:00,59.29222852098091
2024-02-13 09:50:00,60.33017061379805
2024-02-13 09:55:00,59.446363352660896
2024-02-13 10:00:00,50.482498775318255
2024-02-13 10:05:00,55.71727219936032
2024-02-13 10:10:00,51.01633938218396
2024-02-13 10:15:00,49.26362809336729
2024-02-13 10:20:00,44.934043142897096
2024-02-13 10:25:00,53.24500120199744
2024-02-13 10:30:00,47.91488443936356
2024-02-13 10:35:00,51.50657333971046
2024-02-13 10:40:00,49.61962839941151
2024-02-13 10:45:00,54.38921174147582
2024-02-13 10:50:00,50.40755729496386
2024-02-13 10:55:00,50.80079744498586
2024-02-13 11:00:00,45.10805057177994
2024-02-13 11:05:00,51.59282271101085
2024-02-13 11:10:00,46.71884970339232
2024-02-13 11:15:00,42.81063755656367
2024-02-13 11:20:00,43.177853944419255
2024-02-13 11:25:00,41.06562414066037
2024-02-13 11:30:00,39.36507916787932
2024-02-13 11:35:00,40.95405883369281
2024-02-13 11:40:00,40.076466127110336
2024-02-13 11:45:00,45.77853551714165
2024-02-13 11:50:00,38.88028255048216
2024-02-13 11:55:00,48.49790422747828
2024-02-13 12:00:00,43.60591605454304
2024-02-13 12:05:00,40.67973743753839
2024-02-13 12:10:00,40.599004965928
2024-02-13 12:15:00,38.368605281609504
2024-02-13 12:20:00,41.678068165458775
2024-02-13 12:25:00,44.95010037290208
2024-02-13 12:30:00,37.78510467104447
2024-02-13 12:35:00,34.4641621643928
2024-02-13 12:40:00,43.41060353949469
2024-02-13 12:45:00,41.89519441704292
2024-02-13 12:50:00,36.11693531430301
2024-02-13 12:55:00,37.66416503641125
2024-02-13 13:00:00,37.079387500104616
2024-02-13 13:05:00,37.61767552016818
2024-02-13 13:10:00,39.22107358014043
2024-02-13 13:15:00,39.44961537918219
2024-02-13 13:20:00,37.91262997603134
2024-02-13 13:25:00,37.483149318305465
2024-02-13 13:30:00,39.600667220627656
2024-02-13 13:35:00,41.18657073574342
2024-02-13 13:40:00,39.2506184508458
2024-02-13 13:45:00,45.15047268967039
2024-02-13 13:50:00,42.54815545398833
2024-02-13 13:55:00,34.1524211688704
2024-02-13 14:00:00,44.73359396982463
2024-02-13 14:05:00,45.060858838511535
2024-02-13 14:10:00,40.89974303567245
2024-02-13 14:15:00,36.65789255895659
2024-02-13 14:20:00,42.67094994581375
2024-02-13 14:25:00,42.60784830224024
2024-02-13 14:30:00,38.15209796203643
2024-02-13 14:35:00,36.83380604312946
2024-02-13 14:40:00,42.288468722355454
2024-02-13 14:45:00,41.70637413996592
2024-02-13 14:50:00,40.96962144687964
2024-02-13 14:55:00,42.30503996918296
2024-02-13 15:00:00,44.78602408752655
2024-02-13 15:05:00,47.45784713134337
2024-02-13 15:10:00,51.33042970526522
2024-02-13 15:15:00,47.79724926140267
2024-02-13 15:20:00,42.50923969563762
2024-02-13 15:25:00,47.306360471913536
2024-02-13 15:30:00,44.91649572878038
2024-02-13 15:35:00,50.26567476865475
2024-02-13 15:40:00,50.47247919632953
2024-02-13 15:45:00,42.5620310824637
2024-02-13 15:50:00,52.23318146513658
2024-02-13 15:55:00,44.74838437769359
2024-02-13 16:00:00,65.70675211476977
2024-02-13 16:05:00,59.2749178948379
2024-02-13 16:10:00,54.484448958683714
2024-02-13 16:15:00,54.90207867006964
2024-02-13 16:20:00,60.86240411998975
2024-02-13 16:25:00,57.90482339324686
2024-02-13 16:30:00,59.08340731436781
2024-02-13 16:35:00,65.92114388362853
2024-02-13 16:40:00,56.673046695924064
2024-02-13 16:45:00,59.7098743836232
2024-02-13 16:50:00,65.14940090233257
2024-02-13 16:55:00,60.552076854705966
2024-02-13 17:00:00,58.57358910672481
2024-02-13 17:05:00,67.02155609508539
2024-02-13 17:10:00,60.347988617023056
2024-02-13 17:15:00,70.6272301630887
2024-02-13 17:20:00,61.708529628164925
2024-02-13 17:25:00,76.87803807913949
2024-02-13 17:30:00,70.86950400146755
2024-02-13 17:35:00,61.81354976964492
2024-02-13 17:40:00,65.08005526816328
2024-02-13 17:45:00,68.01457717469069
2024-02-13 17:50:00,68.13464194506366
2024-02-13 17:55:00,66.76934508806163
2024-02-13 18:00:00,64.4786557250662
2024-02-13 18:05:00,58.97814379066429
2024-02-13 18:10:00,58.00314890289764
2024-02-13 18:15:00,58.082563625503326
2024-02-13 18:20:00,62.90351250509028
2024-02-13 18:25:00,60.93074373841235
2024-02-13 18:30:00,60.6351542399628
2024-02-13 18:35:00,62.6509565742305
2024-02-13 18:40:00,51.26580994578634
2024-02-13 18:45:00,60.71029487270237
2024-02-13 18:50:00,60.34429513269663
2024-02-13 18:55:00,66.1452519024046
2024-02-13 19:00:00,43.08263410023358
2024-02-13 19:05:00,55.42573255879528
2024-02-13 19:10:00,49.49862254498691
2024-02-13 19:15:00,51.15294415192843
2024-02-13 19:20:00,55.90066117972575
2024-02-13 19:25:00,51.44003110131054
2024-02-13 19:30:00,50.79845918713849
2024-02-13 19:35:00,50.16615077249752
2024-02-13 19:40:00,47.26307348931074
2024-02-13 19:45:00,49.08302953124667
2024-02-13 19:50:00,46.334934964797256
2024-02-13 19:55:00,49.01871843158632
2024-02-13 20:00:00,33.29125782582624
2024-02-13 20:05:00,44.35113888431681
2024-02-13 20:10:00,42.14803159891212
2024-02-13 20:15:00,41.29016566737956
2024-02-13 20:20:00,43.51401294980719
2024-02-13 20:25:00,36.90072492218486
2024-02-13 20:30:00,50.35206060053175
2024-02-13 20:35:00,42.22391076809622
2024-02-13 20:40:00,42.05160288215786
2024-02-13 20:45:00,38.77339577351493
2024-02-13 20:50:00,42.73076614384367
2024-02-13 20:55:00,48.18282017513974
2024-02-13 21:00:00,44.60155580994649
2024-02-13 21:05:00,43.87564197678058
2024-02-13 21:10:00,42.64348677888744
2024-02-13 21:15:00,39.02372086196791
2024-02-13 21:20:00,34.65723830407154
2024-02-13 21:25:00,39.65373588475181
2024-02-13 21:30:00,39.51440511408365
2024-02-13 21:35:00,44.653068730903314
2024-02-13 21:40:00,41.69545274205763
2024-02-13 21:45:00,46.90713708383255
2024-02-13 21:50:00,45.24784513237105
2024-02-13 21:55:00,38.63190853420197
2024-02-13 22:00:00,32.86774456692622
2024-02-13 22:05:00,45.590562289171615
2024-02-13 22:10:00,45.48580224632867
2024-02-13 22:15:00,34.583414989796786
2024-02-13 22:20:00,46.0852214327157
2024-02-13 22:25:00,41.57673003577576
2024-02-13 22:30:00,40.69100334590831
2024-02-13 22:35:00,46.507394370395005
2024-02-13 22:40:00,45.42700204632816
2024-02-13 22:45:00,42.65358516138651
2024-02-13 22:50:00,41.941129616653626
2024-02-13 22:55:00,42.51383851552713
2024-02-13 23:00:00,38.40285550957206
2024-02-13 23:05:00,39.782679446172885
2024-02-13 23:10:00,36.393816626724
2024-02-13 23:15:00,38.67092614214649
2024-02-13 23:20:00,38.53654973042644
2024-02-13 23:25:00,37.46186376661551
2024-02-13 23:30:00,40.550071255696025
2024-02-13 23:35:00,38.70716184229986
2024-02-13 23:40:00,42.01202412651006
2024-02-13 23:45:00,33.513802791927105
2024-02-13 23:50:00,39.54966606867297
2024-02-13 23:55:00,40.52929180581215
2024-02-14 00:00:00,38.75748641670772
2024-02-14 00:05:00,39.31043257681832
2024-02-14 00:10:00,33.65901933313581
2024-02-14 00:15:00,41.42591179473321
2024-02-14 00:20:00,42.59042730632352
2024-02-14 00:25:00,41.97415255287031
2024-02-14 00:30:00,44.15491161382397
2024-02-14 00:35:00,40.80612179918525
2024-02-14 00:40:00,41.91472809865899
2024-02-14 00:45:00,40.62436632988265
2024-02-14 00:50:00,42.750206254425215
2024-02-14 00:55:00,33.69108483152675
2024-02-14 01:00:00,36.42581968160973
2024-02-14 01:05:00,46.34774218165413
2024-02-14 01:10:00,30.158400265136947
2024-02-14 01:15:00,39.43943183422039
2024-02-14 01:20:00,44.68924339195404
2024-02-14 01:25:00,39.62710089135471
2024-02-14 01:30:00,38.380099267718975
2024-02-14 01:35:00,40.517830260782965
2024-02-14 01:40:00,38.58766283351198
2024-02-14 01:45:00,40.12354152454952
2024-02-14 01:50:00,37.26661940744125
2024-02-14 01:55:00,44.43484123334466
2024-02-14 02:00:00,45.69676197838524
2024-02-14 02:05:00,39.470141005676105
2024-02-14 02:10:00,34.457744611357626
2024-02-14 02:15:00,37.90832961286902
2024-02-14 02:20:00,39.26774765371074
2024-02-14 02:25:00,42.02585780173543
2024-02-14 02:30:00,35.97164940143988
2024-02-14 02:35:00,36.927053019554
2024-02-14 02:40:00,42.04640684555783
2024-02-14 02:45:00,43.759337622280825
2024-02-14 02:50:00,37.51732611343986
2024-02-14 02:55:00,34.67083407831861
2024-02-14 03:00:00,53.19438642923837
2024-02-14 03:05:00,43.191130572441686
2024-02-14 03:10:00,38.9898985770187
2024-02-14 03:15:00,43.53403872621019
2024-02-14 03:20:00,39.56008710522914
2024-02-14 03:25:00,43.52654118048758
2024-02-14 03:30:00,40.69548641519172
2024-02-14 03:35:00,40.42300121675712
2024-02-14 03:40:00,39.60358615116368
2024-02-14 03:45:00,34.26838829023447
2024-02-14 03:50:00,47.810293221659386
2024-02-14 03:55:00,36.29177794301586
2024-02-14 04:00:00,35.10937486141965
2024-02-14 04:05:00,39.69802963563656
2024-02-14 04:10:00,36.70358191262
2024-02-14 04:15:00,40.34261800442094
2024-02-14 04:20:00,43.3005245609091
2024-02-14 04:25:00,44.53068076877892
2024-02-14 04:30:00,43.80839205314876
2024-02-14 04:35:00,39.3269409475193
2024-02-14 04:40:00,40.74783647730837
2024-02-14 04:45:00,42.18098537025199
2024-02-14 04:50:00,33.518319470893736
2024-02-14 04:55:00,42.831807967141465
2024-02-14 05:00:00,37.332779586520616
2024-02-14 05:05:00,51.3233631324819
2024-02-14 05:10:00,41.54391639828916
2024-02-14 05:15:00,42.422476028077575
2024-02-14 05:20:00,40.08314833990452
2024-02-14 05:25:00,40.64209660943318
2024-02-14 05:30:00,52.2583510134289
2024-02-14 05:35:00,46.92345549134913
2024-02-14 05:40:00,36.96516695626459
2024-02-14 05:45:00,49.17882833959686
2024-02-14 05:50:00,47.93494583742167
2024-02-14 05:55:00,42.03712688770279
2024-02-14 06:00:00,52.26317100326444
2024-02-14 06:05:00,50.97660691746079
2024-02-14 06:10:00,58.92670285293282
2024-02-14 06:15:00,47.85122247917673
2024-02-14 06:20:00,51.620425674248
2024-02-14 06:25:00,49.32380191117387
2024-02-14 06:30:00,45.30422161667367
2024-02-14 06:35:00,59.80293625536504
2024-02-14 06:40:00,46.31011691873544
2024-02-14 06:45:00,51.916899985096194
2024-02-14 06:50:00,44.07358080962375
2024-02-14 06:55:00,49.44010107817272
2024-02-14 07:00:00,65.05189877822318
2024-02-14 07:05:00,60.0650875744799
2024-02-14 07:10:00,65.71123089543197
2024-02-14 07:15:00,62.287859124937015
2024-02-14 07:20:00,68.00435354208379
2024-02-14 07:25:00,68.81106714585025
2024-02-14 07:30:00,61.0170444495693
2024-02-14 07:35:00,63.67095493006117
2024-02-14 07:40:00,64.09784039837828
2024-02-14 07:45:00,65.84142067422813
2024-02-14 07:50:00,63.42155147746641
2024-02-14 07:55:00,64.12486732986072
2024-02-14 08:00:00,69.02637414095022
2024-02-14 08:05:00,70.46095950801877
2024-02-14 08:10:00,75.19176081427123
2024-02-14 08:15:00,72.58433300497812
2024-02-14 08:20:00,72.80502259790417
2024-02-14 08:25:00,72.89228133667301
2024-02-14 08:30:00,69.38476492860656
2024-02-14 08:35:00,71.27530821444883
2024-02-14 08:40:00,65.65930532678772
2024-02-14 08:45:00,75.07523066539852
2024-02-14 08:50:00,58.86815831075782
2024-02-14 08:55:00,69.651406470789
2024-02-14 09:00:00,67.92761021412261
2024-02-14 09:05:00,57.90855457100415
2024-02-14 09:10:00,64.96314597598892
2024-02-14 09:15:00,60.64096051920541
2024-02-14 09:20:00,61.88881324476604
2024-02-14 09:25:00,67.14779014807927
2024-02-14 09:30:00,64.15625400906211
2024-02-14 09:35:00,55.22660283398406
2024-02-14 09:40:00,59.45832414659512
2024-02-14 09:45:00,67.26536924507656
2024-02-14 09:50:00,65.1597971782935
2024-02-14 09:55:00,70.35656859561865
2024-02-14 10:00:00,57.767093239131256
2024-02-14 10:05:00,49.667522342490905
2024-02-14 10:10:00,61.049454083356025
2024-02-14 10:15:00,51.13442154248571
2024-02-14 10:20:00,47.185828725441965
2024-02-14 10:25:00,48.50194339943576
2024-02-14 10:30:00,42.00960244192039
2024-02-14 10:35:00,57.4645788960752
2024-02-14 10:40:00,57.415550819253525
2024-02-14 10:45:00,46.97447310782479
2024-02-14 10:50:00,50.124965709550445
2024-02-14 10:55:00,51.41893303952838
2024-02-14 11:00:00,39.32364977338965
2024-02-14 11:05:00,36.14465385687346
2024-02-14 11:10:00,42.32363156685046
2024-02-14 11:15:00,41.88074426412112
2024-02-14 11:20:00,41.611417018003
2024-02-14 11:25:00,44.05592623236196
2024-02-14 11:30:00,48.88314061606207
2024-02-14 11:35:00,41.9526911031912
2024-02-14 11:40:00,43.84683397684356
2024-02-14 11:45:00,46.072544076937845
2024-02-14 11:50:00,45.381633688009096
2024-02-14 11:55:00,40.707367884166736
2024-02-14 12:00:00,40.98323901252387
2024-02-14 12:05:00,42.78788980074393
2024-02-14 12:10:00,36.08432517002461
2024-02-14 12:15:00,45.65188656325376
2024-02-14 12:20:00,46.324086140924166
2024-02-14 12:25:00,37.706609498289744
2024-02-14 12:30:00,41.3724105934604
2024-02-14 12:35:00,43.16684354675185
2024-02-14 12:40:00,38.41527389475271
2024-02-14 12:45:00,42.5241859028201
2024-02-14 12:50:00,41.25075302523639
2024-02-14 12:55:00,34.72605780951252
2024-02-14 13:00:00,42.352449860219416
2024-02-14 13:05:00,36.11523493122104
2024-02-14 13:10:00,44.27261600295337
2024-02-14 13:15:00,37.83096029576963
2024-02-14 13:20:00,39.8706628616606
2024-02-14 13:25:00,46.00492025009148
2024-02-14 13:30:00,42.50133118242056
2024-02-14 13:35:00,36.197908918007
2024-02-14 13:40:00,36.456138313108845
2024-02-14 13:45:00,38.11859344181028
2024-02-14 13:50:00,42.09438092973185
2024-02-14 13:55:00,41.949003856036256
2024-02-14 14:00:00,39.26627368951773
2024-02-14 14:05:00,37.96984496571177
2024-02-14 14:10:00,43.76501652851255
2024-02-14 14:15:00,41.91124264500856
2024-02-14 14:20:00,51.26754645796016
2024-02-14 14:25:00,42.78509753442152
2024-02-14 14:30:00,49.89569421897031
2024-02-14 14:35:00,37.95714851575185
2024-02-14 14:40:00,36.34583114992238
2024-02-14 14:45:00,38.15834237806707
2024-02-14 14:50:00,47.39520203398308
2024-02-14 14:55:00,49.66308926694335
2024-02-14 15:00:00,46.068411766997286
2024-02-14 15:05:00,47.35486546376959
2024-02-14 15:10:00,44.521205941957824
2024-02-14 15:15:00,41.95057019433428
2024-02-14 15:20:00,52.07077637391434
2024-02-14 15:25:00,50.08921079465648
2024-02-14 15:30:00,49.23908151350333
2024-02-14 15:35:00,43.59690343415431
2024-02-14 15:40:00,55.75695631012247
2024-02-14 15:45:00,47.183702630609936
2024-02-14 15:50:00,51.33163528207373
2024-02-14 15:55:00,43.378883961828926
2024-02-14 16:00:00,58.707922194360215
2024-02-14 16:05:00,60.6355207777947
2024-02-14 16:10:00,60.7783238250536
2024-02-14 16:15:00,60.08861712578687
2024-02-14 16:20:00,61.44811292103546
2024-02-14 16:25:00,54.94794112870852
2024-02-14 16:30:00,60.25951337459901
2024-02-14 16:35:00,59.92505368676147
2024-02-14 16:40:00,60.39671368962061
2024-02-14 16:45:00,59.75940382211709
2024-02-14 16:50:00,54.37717185718677
2024-02-14 16:55:00,54.19882394440448
2024-02-14 17:00:00,56.14292730461863
2024-02-14 17:05:00,68.27013808753803
2024-02-14 17:10:00,68.31063008709764
2024-02-14 17:15:00,68.37420121304531
2024-02-14 17:20:00,66.22715989800264
2024-02-14 17:25:00,56.46752317728439
2024-02-14 17:30:00,60.89315808101577
2024-02-14 17:35:00,65.68166171852928
2024-02-14 17:40:00,65.54207205932401
2024-02-14 17:45:00,64.10900719554876
2024-02-14 17:50:00,66.47566885978982
2024-02-14 17:55:00,65.04660687889782
2024-02-14 18:00:00,59.95310143940721
2024-02-14 18:05:00,56.9137582458737
2024-02-14 18:10:00,63.39806352168813
2024-02-14 18:15:00,57.74693314248023
2024-02-14 18:20:00,54.14742324511926
2024-02-14 18:25:00,56.38602352592685
2024-02-14 18:30:00,58.076154811753845
2024-02-14 18:35:00,63.44603073067715
2024-02-14 18:40:00,59.3009475834626
2024-02-14 18:45:00,58.72542670133917
2024-02-14 18:50:00,54.47536587815126
2024-02-14 18:55:00,62.61194993652008
2024-02-14 19:00:00,46.58917741319471
2024-02-14 19:05:00,48.7968745935229
2024-02-14 19:10:00,55.117718336815706
2024-02-14 19:15:00,51.23203935348546
2024-02-14 19:20:00,42.68396983842755
2024-02-14 19:25:00,42.11894508387836
2024-02-14 19:30:00,48.939744228811264
2024-02-14 19:35:00,44.34602356978903
2024-02-14 19:40:00,51.79117301982024
2024-02-14 19:45:00,49.366038289148165
2024-02-14 19:50:00,49.8585251053837
2024-02-14 19:55:00,46.37001330271883
2024-02-14 20:00:00,49.60051523519344
2024-02-14 20:05:00,54.00535552608846
2024-02-14 20:10:00,41.52064171901976
2024-02-14 20:15:00,44.047137607706624
2024-02-14 20:20:00,43.02464998630387
2024-02-14 20:25:00,41.596233160282345
2024-02-14 20:30:00,39.30669874311543
2024-02-14 20:35:00,38.29510866412471
2024-02-14 20:40:00,38.09259155194452
2024-02-14 20:45:00,44.2559407162432
2024-02-14 20:50:00,40.55628270123208
2024-02-14 20:55:00,32.3218092134845
2024-02-14 21:00:00,42.23732385461164
2024-02-14 21:05:00,40.30484584236173
2024-02-14 21:10:00,45.84458297782294
2024-02-14 21:15:00,41.95038056058239
2024-02-14 21:20:00,34.54319658697716
2024-02-14 21:25:00,31.53918440929843
2024-02-14 21:30:00,37.5800014348666
2024-02-14 21:35:00,37.95746128944374
2024-02-14 21:40:00,44.23052777621902
2024-02-14 21:45:00,40.42240724306006
2024-02-14 21:50:00,44.99264496461239
2024-02-14 21:55:00,35.15855874940781
2024-02-14 22:00:00,43.90931889092749
2024-02-14 22:05:00,42.93221796712937
2024-02-14 22:10:00,31.975324907680907
2024-02-14 22:15:00,45.33873271844878
2024-02-14 22:20:00,40.4220953204711
2024-02-14 22:25:00,41.61643936887972
2024-02-14 22:30:00,36.588676903692
2024-02-14 22:35:00,45.14924940509359
2024-02-14 22:40:00,35.304852036450214
2024-02-14 22:45:00,43.376629426901474
2024-02-14 22:50:00,43.33069125704038
2024-02-14 22:55:00,36.1515916407168
2024-02-14 23:00:00,47.93657964279247
2024-02-14 23:05:00,40.92919916597225
2024-02-14 23:10:00,42.618655686186266
2024-02-14 23:15:00,33.894602063759145
2024-02-14 23:20:00,48.474005257136426
2024-02-14 23:25:00,35.10485748420181
2024-02-14 23:30:00,44.10263097616589
2024-02-14 23:35:00,36.02399837337539
2024-02-14 23:40:00,37.52713003371144
2024-02-14 23:45:00,43.15810142064396
2024-02-14 23:50:00,44.1132960998028
2024-02-14 23:55:00,34.917948248645764
2024-02-15 00:00:00,44.36189205228322
2024-02-15 00:05:00,44.179925356588015
2024-02-15 00:10:00,36.24818974067567
2024-02-15 00:15:00,46.39459375041968
2024-02-15 00:20:00,34.17257286306309
2024-02-15 00:25:00,37.50091304494478
2024-02-15 00:30:00,41.91601387242319
2024-02-15 00:35:00,36.58573823724481
2024-02-15 00:40:00,41.0552797187726
2024-02-15 00:45:00,40.96430769126842
2024-02-15 00:50:00,39.25170629636436
2024-02-15 00:55:00,43.32960553041748
2024-02-15 01:00:00,39.08670038289121
2024-02-15 01:05:00,40.92630782877699
2024-02-15 01:10:00,44.58603106347338
2024-02-15 01:15:00,43.16288839362513
2024-02-15 01:20:00,43.14421271677861
2024-02-15 01:25:00,35.40342514465465
2024-02-15 01:30:00,42.09931385552705
2024-02-15 01:35:00,36.48614838964375
2024-02-15 01:40:00,34.874483634409664
2024-02-15 01:45:00,39.713318168381896
2024-02-15 01:50:00,36.38296280691541
2024-02-15 01:55:00,43.16261442888168
2024-02-15 02:00:00,43.261844132903896
2024-02-15 02:05:00,32.39319734839683
2024-02-15 02:10:00,36.69049213581504
2024-02-15 02:15:00,34.164555606450605
2024-02-15 02:20:00,38.15318518775104
2024-02-15 02:25:00,41.82440497359789
2024-02-15 02:30:00,39.03454990140904
2024-02-15 02:35:00,37.64466533145406
2024-02-15 02:40:00,45.204408401375154
2024-02-15 02:45:00,30.784273603737443
2024-02-15 02:50:00,44.9511898681955
2024-02-15 02:55:00,37.826549121500655
2024-02-15 03:00:00,39.74547758363567
2024-02-15 03:05:00,37.94846027320639
2024-02-15 03:10:00,46.2294660462433
2024-02-15 03:15:00,35.133999636865795
2024-02-15 03:20:00,40.10485910297457
2024-02-15 03:25:00,42.16766823152682
2024-02-15 03:30:00,33.61390255254616
2024-02-15 03:35:00,36.37832094230222
2024-02-15 03:40:00,39.46519949009392
2024-02-15 03:45:00,36.51125348534933
2024-02-15 03:50:00,36.79554653921023
2024-02-15 03:55:00,38.65846297178108
2024-02-15 04:00:00,43.14779449324672
2024-02-15 04:05:00,39.17859805914945
2024-02-15 04:10:00,44.86317394455381
2024-02-15 04:15:00,36.55843803602461
2024-02-15 04:20:00,35.541780124768216
2024-02-15 04:25:00,48.254850789546566
2024-02-15 04:30:00,37.91763665599999
2024-02-15 04:35:00,35.30582113837339
2024-02-15 04:40:00,33.581253399574706
2024-02-15 04:45:00,44.849882981897785
2024-02-15 04:50:00,39.18425110802179
2024-02-15 04:55:00,39.53463022639644
2024-02-15 05:00:00,42.52516989050938
2024-02-15 05:05:00,47.21374827553507
2024-02-15 05:10:00,42.44385740095226
2024-02-15 05:15:00,52.53819185218644
2024-02-15 05:20:00,43.697019033072856
2024-02-15 05:25:00,47.40911580468922
2024-02-15 05:30:00,46.38293616847357
2024-02-15 05:35:00,43.01618745582379
2024-02-15 05:40:00,40.81409279277409
2024-02-15 05:45:00,44.48983245112216
2024-02-15 05:50:00,45.20237166168504
2024-02-15 05:55:00,40.87163254434983
2024-02-15 06:00:00,51.70173869894772
2024-02-15 06:05:00,55.98120314818348
2024-02-15 06:10:00,59.316174191423805
2024-02-15 06:15:00,54.453860516542775
2024-02-15 06:20:00,58.48742198066622
2024-02-15 06:25:00,48.51888639031927
2024-02-15 06:30:00,53.84391224338226
2024-02-15 06:35:00,56.39046126947018
2024-02-15 06:40:00,47.45104990325711
2024-02-15 06:45:00,49.09402278696505
2024-02-15 06:50:00,57.988002282486086
2024-02-15 06:55:00,47.13598781199733
2024-02-15 07:00:00,57.9995033618665
2024-02-15 07:05:00,69.47594978704738
2024-02-15 07:10:00,68.1510763924111
2024-02-15 07:15:00,65.09250446842442
2024-02-15 07:20:00,63.18118047390603
2024-02-15 07:25:00,61.60992547006942
2024-02-15 07:30:00,64.49181898772555
2024-02-15 07:35:00,69.68325132209554
2024-02-15 07:40:00,64.31828799705765
2024-02-15 07:45:00,72.0318605614772
2024-02-15 07:50:00,59.77225554992842
2024-02-15 07:55:00,63.28530047517626
2024-02-15 08:00:00,68.50776536947504
2024-02-15 08:05:00,65.65943386748137
2024-02-15 08:10:00,69.38766510809208
2024-02-15 08:15:00,71.66931724677247
2024-02-15 08:20:00,72.09692075993883
2024-02-15 08:25:00,78.68180875590892
2024-02-15 08:30:00,71.85786991902494
2024-02-15 08:35:00,74.60054725484916
2024-02-15 08:40:00,70.26437702532661
2024-02-15 08:45:00,76.71222244194108
2024-02-15 08:50:00,79.59379718248297
2024-02-15 08:55:00,72.1243405640345
2024-02-15 09:00:00,59.39339024371519
2024-02-15 09:05:00,61.16880621441284
2024-02-15 09:10:00,64.49176351834217
2024-02-15 09:15:00,65.19001844652409
2024-02-15 09:20:00,66.157726843059
2024-02-15 09:25:00,65.20481703044167
2024-02-15 09:30:00,63.391965970545264
2024-02-15 09:35:00,60.819232540713
2024-02-15 09:40:00,64.96857935057844
2024-02-15 09:45:00,70.78397573544414
2024-02-15 09:50:00,67.44374072723254
2024-02-15 09:55:00,65.5028421040663
2024-02-15 10:00:00,55.15477055836907
2024-02-15 10:05:00,49.55224674747466
2024-02-15 10:10:00,49.00344227874479
2024-02-15 10:15:00,48.04536244561415
2024-02-15 10:20:00,50.53535637200032
2024-02-15 10:25:00,49.34847927624175
2024-02-15 10:30:00,55.86960182568663
2024-02-15 10:35:00,49.13520919234932
2024-02-15 10:40:00,47.82561599817841
2024-02-15 10:45:00,58.8068115784006
2024-02-15 10:50:00,49.2310019387527
2024-02-15 10:55:00,51.650616692079474
2024-02-15 11:00:00,44.97035328093176
2024-02-15 11:05:00,38.61828950627484
2024-02-15 11:10:00,48.10699705997038
2024-02-15 11:15:00,45.71353814360302
2024-02-15 11:20:00,49.39859802948123
2024-02-15 11:25:00,40.4481742330857
2024-02-15 11:30:00,43.56156515186274
2024-02-15 11:35:00,43.322485001934886
2024-02-15 11:40:00,44.22061595935819
2024-02-15 11:45:00,37.34660298764946
2024-02-15 11:50:00,43.60840749672699
2024-02-15 11:55:00,37.45920633626312
2024-02-15 12:00:00,42.031066804855406
2024-02-15 12:05:00,32.083134021993644
2024-02-15 12:10:00,33.191383182905376
2024-02-15 12:15:00,43.87192538582772
2024-02-15 12:20:00,38.41037669928859
2024-02-15 12:25:00,36.64629822553876
2024-02-15 12:30:00,45.68111300436991
2024-02-15 12:35:00,41.90823538938138
2024-02-15 12:40:00,44.08609130220285
2024-02-15 12:45:00,39.9327622307844
2024-02-15 12:50:00,51.31624529566773
2024-02-15 12:55:00,38.17967507782854
2024-02-15 13:00:00,47.49378679374473
2024-02-15 13:05:00,40.27034043590553
2024-02-15 13:10:00,33.8977630166542
2024-02-15 13:15:00,42.44719957929762
2024-02-15 13:20:00,41.77485484212583
2024-02-15 13:25:00,36.31051733934826
2024-02-15 13:30:00,36.82692748776632
2024-02-15 13:35:00,40.41701402396521
2024-02-15 13:40:00,41.91479585729711
2024-02-15 13:45:00,30.633151464787577
2024-02-15 13:50:00,44.72829040640039
2024-02-15 13:55:00,38.53781270104527
2024-02-15 14:00:00,37.3116929705765
2024-02-15 14:05:00,46.40294911397693
2024-02-15 14:10:00,42.54421099049539
2024-02-15 14:15:00,47.50334601529823
2024-02-15 14:20:00,44.39049196008824
2024-02-15 14:25:00,42.632624896377024
2024-02-15 14:30:00,42.02776312824859
2024-02-15 14:35:00,44.56953395039376
2024-02-15 14:40:00,40.98455787293189
2024-02-15 14:45:00,39.22839255318321
2024-02-15 14:50:00,45.07831939878778
2024-02-15 14:55:00,42.06073154239149
2024-02-15 15:00:00,49.33140017508385
2024-02-15 15:05:00,53.55464892742626
2024-02-15 15:10:00,48.741623151864864
2024-02-15 15:15:00,49.25726528497498
2024-02-15 15:20:00,46.798531537004095
2024-02-15 15:25:00,50.92008931873523
2024-02-15 15:30:00,50.596441233528175
2024-02-15 15:35:00,52.80023010997006
2024-02-15 15:40:00,46.880614234780325
2024-02-15 15:45:00,47.36586170444709
2024-02-15 15:50:00,52.3656791793897
2024-02-15 15:55:00,50.20598159625928
2024-02-15 16:00:00,55.84515044806959
2024-02-15 16:05:00,64.69623922377836
2024-02-15 16:10:00,52.67622067923936
2024-02-15 16:15:00,62.60716196589537
2024-02-15 16:20:00,54.40917480884758
2024-02-15 16:25:00,67.01317701878247
2024-02-15 16:30:00,53.29162404521787
2024-02-15 16:35:00,64.07902556033136
2024-02-15 16:40:00,59.143485512795394
2024-02-15 16:45:00,58.00361267348539
2024-02-15 16:50:00,60.21160957871141
2024-02-15 16:55:00,61.99762430947162
2024-02-15 17:00:00,61.38239803883336
2024-02-15 17:05:00,61.73684914748255
2024-02-15 17:10:00,67.59841950860837
2024-02-15 17:15:00,58.17062823355843
2024-02-15 17:20:00,62.66308367538849
2024-02-15 17:25:00,77.1627478647946
2024-02-15 17:30:00,61.12794818979971
2024-02-15 17:35:00,69.59121121519584
2024-02-15 17:40:00,62.65619697330159
2024-02-15 17:45:00,67.03618062734542
2024-02-15 17:50:00,67.61742281054171
2024-02-15 17:55:00,69.51582698888862
2024-02-15 18:00:00,58.66900426995066
2024-02-15 18:05:00,67.42555813222118
2024-02-15 18:10:00,57.11267331886105
2024-02-15 18:15:00,60.40690123160001
2024-02-15 18:20:00,60.4511273060722
2024-02-15 18:25:00,54.98214709740411
2024-02-15 18:30:00,58.32653055728529
2024-02-15 18:35:00,60.1160735741554
2024-02-15 18:40:00,57.741535404684086
2024-02-15 18:45:00,69.2337154390279
2024-02-15 18:50:00,56.11552488280365
2024-02-15 18:55:00,64.18771744976348
2024-02-15 19:00:00,52.622825281883394
2024-02-15 19:05:00,49.14153749127116
2024-02-15 19:10:00,45.73614981387926
2024-02-15 19:15:00,46.12396474772117
2024-02-15 19:20:00,47.12511683242221
2024-02-15 19:25:00,42.05402090150319
2024-02-15 19:30:00,45.18312432609108
2024-02-15 19:35:00,43.26707996783368
2024-02-15 19:40:00,54.58048604199912
2024-02-15 19:45:00,51.67083559884112
2024-02-15 19:50:00,52.34088242475009
2024-02-15 19:55:00,51.55231383545604
2024-02-15 20:00:00,43.30285110738327
2024-02-15 20:05:00,48.477701942563165
2024-02-15 20:10:00,40.19192999111967
2024-02-15 20:15:00,43.0616592355148
2024-02-15 20:20:00,45.62321592534311
2024-02-15 20:25:00,37.3501436866221
2024-02-15 20:30:00,55.021336198616815
2024-02-15 20:35:00,42.74924366515696
2024-02-15 20:40:00,43.20293841634899
2024-02-15 20:45:00,47.6624927407463
2024-02-15 20:50:00,46.29480194608752
2024-02-15 20:55:00,42.78729269163245
2024-02-15 21:00:00,40.97840872461052
2024-02-15 21:05:00,34.44129684842643
2024-02-15 21:10:00,38.23202786081845
2024-02-15 21:15:00,42.52673183685419
2024-02-15 21:20:00,42.2334623283899
2024-02-15 21:25:00,45.3425539722347
2024-02-15 21:30:00,39.975886739325055
2024-02-15 21:35:00,34.90874491849489
2024-02-15 21:40:00,44.68481269532106
2024-02-15 21:45:00,46.20224835694641
2024-02-15 21:50:00,44.05086926364327
2024-02-15 21:55:00,39.80335628878839
2024-02-15 22:00:00,44.22580556091201
2024-02-15 22:05:00,53.76390326543854
2024-02-15 22:10:00,40.5088706111676
2024-02-15 22:15:00,34.80131458442519
2024-02-15 22:20:00,37.70312115519708
2024-02-15 22:25:00,42.550165354621896
2024-02-15 22:30:00,33.62904410981344
2024-02-15 22:35:00,40.72587365305397
2024-02-15 22:40:00,41.56960795466922
2024-02-15 22:45:00,46.1887483126563
2024-02-15 22:50:00,45.289040777622894
2024-02-15 22:55:00,43.506600520412775
2024-02-15 23:00:00,31.35236920304405
2024-02-15 23:05:00,43.68729775729387
2024-02-15 23:10:00,42.82513878934316
2024-02-15 23:15:00,41.02686275341556
2024-02-15 23:20:00,33.08219674052023
2024-02-15 23:25:00,36.89598960835393
2024-02-15 23:30:00,35.335794166965904
2024-02-15 23:35:00,31.94305148707381
2024-02-15 23:40:00,39.99142463944299
2024-02-15 23:45:00,36.81179675933105
2024-02-15 23:50:00,50.504307566177815
2024-02-15 23:55:00,39.32799748735053
2024-02-16 00:00:00,45.17501599951908
2024-02-16 00:05:00,33.72360727728234
2024-02-16 00:10:00,37.87964503203576
2024-02-16 00:15:00,40.387594880192495
2024-02-16 00:20:00,36.36738758162456
2024-02-16 00:25:00,38.31120063683626
2024-02-16 00:30:00,39.12819975108109
2024-02-16 00:35:00,39.064371434275664
2024-02-16 00:40:00,47.42047766819663
2024-02-16 00:45:00,41.51290851778128
2024-02-16 00:50:00,41.918045627820455
2024-02-16 00:55:00,42.15862247343552
2024-02-16 01:00:00,42.45064906287022
2024-02-16 01:05:00,39.66859561802231
2024-02-16 01:10:00,38.717158067606384
2024-02-16 01:15:00,40.66740779159488
2024-02-16 01:20:00,44.627359349175656
2024-02-16 01:25:00,44.5050963072673
2024-02-16 01:30:00,39.038549650768125
2024-02-16 01:35:00,43.07151833219421
2024-02-16 01:40:00,39.22180490136309
2024-02-16 01:45:00,40.13562575126274
2024-02-16 01:50:00,38.106050027304974
2024-02-16 01:55:00,39.27356299789683
2024-02-16 02:00:00,45.36902257232132
2024-02-16 02:05:00,40.37338688347954
2024-02-16 02:10:00,40.54483232833187
2024-02-16 02:15:00,34.214831177090765
2024-02-16 02:20:00,38.76672666359168
2024-02-16 02:25:00,39.038442679143685
2024-02-16 02:30:00,36.68712835234898
2024-02-16 02:35:00,40.09036394093685
2024-02-16 02:40:00,38.28697313321198
2024-02-16 02:45:00,40.32368571509693
2024-02-16 02:50:00,40.48971433339833
2024-02-16 02:55:00,36.18068486283202
2024-02-16 03:00:00,38.46310649415407
2024-02-16 03:05:00,40.367410755130166
2024-02-16 03:10:00,44.79511134871373
2024-02-16 03:15:00,41.08479031526979
2024-02-16 03:20:00,37.41017290441712
2024-02-16 03:25:00,41.65393266106224
2024-02-16 03:30:00,46.88810918137387
2024-02-16 03:35:00,43.7247395144429
2024-02-16 03:40:00,42.24801974582931
2024-02-16 03:45:00,42.96027432601612
2024-02-16 03:50:00,45.81772978980136
2024-02-16 03:55:00,44.36042080015747
2024-02-16 04:00:00,42.81651069113266
2024-02-16 04:05:00,44.82403804502237
2024-02-16 04:10:00,36.222864781605786
2024-02-16 04:15:00,34.5404081573009
2024-02-16 04:20:00,41.17786376923735
2024-02-16 04:25:00,40.82419200526418
2024-02-16 04:30:00,38.373828952609
2024-02-16 04:35:00,43.85287984597287
2024-02-16 04:40:00,33.09801482085709
2024-02-16 04:45:00,38.41038014243081
2024-02-16 04:50:00,38.60964698715157
2024-02-16 04:55:00,34.00426202626419
2024-02-16 05:00:00,49.140900765933154
2024-02-16 05:05:00,37.72517166220265
2024-02-16 05:10:00,40.8086165076252
2024-02-16 05:15:00,46.79389576807648
2024-02-16 05:20:00,45.74615811057087
2024-02-16 05:25:00,38.72927795091695
2024-02-16 05:30:00,45.89193357389848
2024-02-16 05:35:00,44.32111465148883
2024-02-16 05:40:00,52.49411898530181
2024-02-16 05:45:00,44.77773840112916
2024-02-16 05:50:00,42.597009452581815
2024-02-16 05:55:00,39.73596890837825
2024-02-16 06:00:00,48.059409767322805
2024-02-16 06:05:00,47.73330685327245
2024-02-16 06:10:00,56.52077849079278
2024-02-16 06:15:00,51.10826289521097
2024-02-16 06:20:00,53.29737173104401
2024-02-16 06:25:00,57.09337363506864
2024-02-16 06:30:00,41.60252666631523
2024-02-16 06:35:00,56.15187829394659
2024-02-16 06:40:00,51.25797088227842
2024-02-16 06:45:00,52.77657672170687
2024-02-16 06:50:00,47.72277034815208
2024-02-16 06:55:00,48.01588564135101
2024-02-16 07:00:00,65.3194070517413
2024-02-16 07:05:00,72.90241469381522
2024-02-16 07:10:00,67.37727674374895
2024-02-16 07:15:00,68.42611517816351
2024-02-16 07:20:00,62.59601841144367
2024-02-16 07:25:00,60.96320659414683
2024-02-16 07:30:00,60.24080368617337
2024-02-16 07:35:00,61.41092859370259
2024-02-16 07:40:00,55.15289375980724
2024-02-16 07:45:00,60.46434612092294
2024-02-16 07:50:00,61.12261086824997
2024-02-16 07:55:00,62.66259079490998
2024-02-16 08:00:00,70.52700047911986
2024-02-16 08:05:00,71.44980351463315
2024-02-16 08:10:00,69.94029855035886
2024-02-16 08:15:00,67.67422769475968
2024-02-16 08:20:00,62.14656546706862
2024-02-16 08:25:00,67.69876560652352
2024-02-16 08:30:00,66.11019748938268
2024-02-16 08:35:00,71.86426703324511
2024-02-16 08:40:00,73.63714962690548
2024-02-16 08:45:00,73.75428430837046
2024-02-16 08:50:00,73.02781098464197
2024-02-16 08:55:00,69.46589709832075
2024-02-16 09:00:00,61.27620404361792
2024-02-16 09:05:00,60.37561529085325
2024-02-16 09:10:00,57.33403063911451
2024-02-16 09:15:00,67.33144110755295
2024-02-16 09:20:00,62.66518215380162
2024-02-16 09:25:00,58.37866513103802
2024-02-16 09:30:00,60.05806080268057
2024-02-16 09:35:00,59.896132479791305
2024-02-16 09:40:00,63.53612424558202
2024-02-16 09:45:00,67.63389770980426
2024-02-16 09:50:00,61.97206810713918
2024-02-16 09:55:00,54.35389224638692
2024-02-16 10:00:00,50.27978152244239
2024-02-16 10:05:00,50.41172726268929
2024-02-16 10:10:00,50.13682193933598
2024-02-16 10:15:00,48.52665819717527
2024-02-16 10:20:00,51.90625918598144
2024-02-16 10:25:00,51.30106732367408
2024-02-16 10:30:00,50.93718160657148
2024-02-16 10:35:00,52.68706830884993
2024-02-16 10:40:00,49.31717157048666
2024-02-16 10:45:00,49.090160184275454
2024-02-16 10:50:00,56.55699602141967
2024-02-16 10:55:00,53.27392450193982
2024-02-16 11:00:00,46.4728462257293
2024-02-16 11:05:00,48.06948032329438
2024-02-16 11:10:00,45.2688387044573
2024-02-16 11:15:00,46.87861669850279
2024-02-16 11:20:00,36.84768133367706
2024-02-16 11:25:00,43.98167746994221
2024-02-16 11:30:00,42.4341881347008
2024-02-16 11:35:00,49.87579834555734
2024-02-16 11:40:00,46.8756441091713
2024-02-16 11:45:00,40.64328121878538
2024-02-16 11:50:00,44.65623861607493
2024-02-16 11:55:00,43.83578731575506
2024-02-16 12:00:00,42.41505625267664
2024-02-16 12:05:00,36.52236064256911
2024-02-16 12:10:00,42.03779638102062
2024-02-16 12:15:00,39.68512512291478
2024-02-16 12:20:00,41.72752957629013
2024-02-16 12:25:00,37.70018985957904
2024-02-16 12:30:00,38.25747783448132
2024-02-16 12:35:00,45.29309860153453
2024-02-16 12:40:00,36.39154028670708
2024-02-16 12:45:00,36.68671291589953
2024-02-16 12:50:00,40.39140549120541
2024-02-16 12:55:00,37.510169019323904
2024-02-16 13:00:00,36.97569006725399
2024-02-16 13:05:00,40.93610848113836
2024-02-16 13:10:00,34.49554116869036
2024-02-16 13:15:00,36.48395565665063
2024-02-16 13:20:00,48.73218692799976
2024-02-16 13:25:00,42.353704832181215
2024-02-16 13:30:00,37.529551187225536
2024-02-16 13:35:00,42.18866490936997
2024-02-16 13:40:00,42.7851265042517
2024-02-16 13:45:00,44.493462276666136
2024-02-16 13:50:00,40.00718047847826
2024-02-16 13:55:00,44.421795407396736
2024-02-16 14:00:00,34.484896808640514
2024-02-16 14:05:00,38.4134503862662
2024-02-16 14:10:00,43.29416851511503
2024-02-16 14:15:00,43.957217039400376
2024-02-16 14:20:00,38.99155375749464
2024-02-16 14:25:00,43.67636287322185
2024-02-16 14:30:00,40.143321913420166
2024-02-16 14:35:00,41.53084653126054
2024-02-16 14:40:00,46.73777811082925
2024-02-16 14:45:00,46.274432895723606
2024-02-16 14:50:00,38.65044159871616
2024-02-16 14:55:00,38.4096770600888
2024-02-16 15:00:00,47.55243600059456
2024-02-16 15:05:00,49.09014437811612
2024-02-16 15:10:00,46.56553562850886
2024-02-16 15:15:00,53.359699354006494
2024-02-16 15:20:00,50.586688949642046
2024-02-16 15:25:00,50.82147002230554
2024-02-16 15:30:00,44.13097426702794
2024-02-16 15:35:00,53.86629245234295
2024-02-16 15:40:00,37.91645429384506
2024-02-16 15:45:00,52.5333513902053
2024-02-16 15:50:00,52.93437653349091
2024-02-16 15:55:00,47.46752483369598
2024-02-16 16:00:00,64.56166382183007
2024-02-16 16:05:00,59.21763274102298
2024-02-16 16:10:00,59.71974976615014
2024-02-16 16:15:00,60.82813810245723
2024-02-16 16:20:00,72.21632260008458
2024-02-16 16:25:00,64.84775858517239
2024-02-16 16:30:00,62.27454775569204
2024-02-16 16:35:00,55.81880500643559
2024-02-16 16:40:00,60.04438225475833
2024-02-16 16:45:00,56.21752657745482
2024-02-16 16:50:00,62.75846634197162
2024-02-16 16:55:00,60.03189085577979
2024-02-16 17:00:00,60.50191332970125
2024-02-16 17:05:00,65.32449838183085
2024-02-16 17:10:00,61.60233016929161
2024-02-16 17:15:00,65.60486493350702
2024-02-16 17:20:00,61.56369078269581
2024-02-16 17:25:00,65.10995058160009
2024-02-16 17:30:00,68.00187949589721
2024-02-16 17:35:00,64.78779208045641
2024-02-16 17:40:00,63.43644697946728
2024-02-16 17:45:00,65.81310493238668
2024-02-16 17:50:00,67.78873053132824
2024-02-16 17:55:00,60.57126696862979
2024-02-16 18:00:00,60.51264419602258
2024-02-16 18:05:00,64.74018285327136
2024-02-16 18:10:00,61.76464743030863
2024-02-16 18:15:00,59.70103616387068
2024-02-16 18:20:00,62.02896960399735
2024-02-16 18:25:00,61.2800054016125
2024-02-16 18:30:00,62.48442401384102
2024-02-16 18:35:00,51.37429313326999
2024-02-16 18:40:00,53.256195042548704
2024-02-16 18:45:00,63.48933617513472
2024-02-16 18:50:00,53.448902872556005
2024-02-16 18:55:00,61.07617412007859
2024-02-16 19:00:00,47.78878740515909
2024-02-16 19:05:00,45.21222904690426
2024-02-16 19:10:00,50.59558505787814
2024-02-16 19:15:00,50.00112004415453
2024-02-16 19:20:00,57.63835663767376
2024-02-16 19:25:00,46.69774121114469
2024-02-16 19:30:00,54.95742650956494
2024-02-16 19:35:00,50.60667768682551
2024-02-16 19:40:00,46.5528985031174
2024-02-16 19:45:00,52.39397185935723
2024-02-16 19:50:00,51.459940047104055
2024-02-16 19:55:00,49.34035920872044
2024-02-16 20:00:00,43.70016203980912
2024-02-16 20:05:00,40.247032489864495
2024-02-16 20:10:00,39.33183211302859
2024-02-16 20:15:00,45.67274930933695
2024-02-16 20:20:00,41.73922291679352
2024-02-16 20:25:00,42.314648621050246
2024-02-16 20:30:00,43.75426699782373
2024-02-16 20:35:00,43.69613399318185
2024-02-16 20:40:00,36.91767473015036
2024-02-16 20:45:00,47.77998895986605
2024-02-16 20:50:00,43.11970922164933
2024-02-16 20:55:00,41.82436756275802
2024-02-16 21:00:00,42.181274992897336
2024-02-16 21:05:00,41.4040597466778
2024-02-16 21:10:00,43.52614173017716
2024-02-16 21:15:00,42.60982566082212
2024-02-16 21:20:00,43.32927588820342
2024-02-16 21:25:00,45.86186659512842
2024-02-16 21:30:00,43.99238916810224
2024-02-16 21:35:00,39.8159460909041
2024-02-16 21:40:00,35.96628634791102
2024-02-16 21:45:00,47.12908270423641
2024-02-16 21:50:00,39.5069974788299
2024-02-16 21:55:00,38.565461318776265
2024-02-16 22:00:00,33.10135408234794
2024-02-16 22:05:00,41.40215377465414
2024-02-16 22:10:00,40.64380776922077
2024-02-16 22:15:00,33.98780160840777
2024-02-16 22:20:00,41.8613575219384
2024-02-16 22:25:00,38.05549367059994
2024-02-16 22:30:00,50.80952138256047
2024-02-16 22:35:00,37.77081658504222
2024-02-16 22:40:00,38.30748802461452
2024-02-16 22:45:00,36.54915645638822
2024-02-16 22:50:00,45.15976743757358
2024-02-16 22:55:00,38.55715817554668
2024-02-16 23:00:00,37.103428630040185
2024-02-16 23:05:00,42.83090528478434
2024-02-16 23:10:00,34.48167350344943
2024-02-16 23:15:00,42.50352743009796
2024-02-16 23:20:00,47.1286841115056
2024-02-16 23:25:00,42.26951657644253
2024-02-16 23:30:00,42.55467851014187
2024-02-16 23:35:00,43.48332611273211
2024-02-16 23:40:00,46.84191735980424
2024-02-16 23:45:00,44.84266108517859
2024-02-16 23:50:00,41.761764134194266
2024-02-16 23:55:00,43.61865084764617
2024-02-17 00:00:00,18.45626215496994
2024-02-17 00:05:00,25.105176219819672
2024-02-17 00:10:00,17.977777972095392
2024-02-17 00:15:00,20.53191218230388
2024-02-17 00:20:00,9.669753156257434
2024-02-17 00:25:00,23.605720494300236
2024-02-17 00:30:00,19.42451381239697
2024-02-17 00:35:00,26.444582717648235
2024-02-17 00:40:00,23.560772299251997
2024-02-17 00:45:00,26.496385435636885
2024-02-17 00:50:00,17.665615678140234
2024-02-17 00:55:00,26.153546005468915
2024-02-17 01:00:00,30.42350433189028
2024-02-17 01:05:00,25.05671215416455
2024-02-17 01:10:00,25.161474989206127
2024-02-17 01:15:00,22.678469660016717
2024-02-17 01:20:00,19.901403832175514
2024-02-17 01:25:00,25.044848445243005
2024-02-17 01:30:00,15.975747312828698
2024-02-17 01:35:00,20.329058454753707
2024-02-17 01:40:00,14.915851745088244
2024-02-17 01:45:00,19.18545344517664
2024-02-17 01:50:00,24.56825932201121
2024-02-17 01:55:00,24.021652459318823
2024-02-17 02:00:00,22.20569104390932
2024-02-17 02:05:00,22.68364023801547
2024-02-17 02:10:00,14.458577790310592
2024-02-17 02:15:00,20.51178713948377
2024-02-17 02:20:00,19.27662983602659
2024-02-17 02:25:00,19.365797499709267
2024-02-17 02:30:00,24.40035077302244
2024-02-17 02:35:00,18.56000695574619
2024-02-17 02:40:00,19.583312861257784
2024-02-17 02:45:00,13.653759278929364
2024-02-17 02:50:00,20.82554354026275
2024-02-17 02:55:00,17.65068607091295
2024-02-17 03:00:00,22.348664208006333
2024-02-17 03:05:00,18.2274203062779
2024-02-17 03:10:00,22.450021475444625
2024-02-17 03:15:00,21.453109450278387
2024-02-17 03:20:00,28.72001958541704
2024-02-17 03:25:00,24.02072441506053
2024-02-17 03:30:00,14.673301002998546
2024-02-17 03:35:00,16.972297116836923
2024-02-17 03:40:00,22.25268452921709
2024-02-17 03:45:00,18.312460699677157
2024-02-17 03:50:00,10.15837877230435
2024-02-17 03:55:00,27.43003774858273
2024-02-17 04:00:00,25.183104109285747
2024-02-17 04:05:00,24.3861155356312
2024-02-17 04:10:00,19.872915859780456
2024-02-17 04:15:00,24.012915125703834
2024-02-17 04:20:00,19.48476674478059
2024-02-17 04:25:00,23.12163724253488
2024-02-17 04:30:00,18.619875138318207
2024-02-17 04:35:00,28.367361843888173
2024-02-17 04:40:00,16.02126142533674
2024-02-17 04:45:00,27.23134335970744
2024-02-17 04:50:00,22.45787135373344
2024-02-17 04:55:00,20.344340060296155
2024-02-17 05:00:00,24.407098892053725
2024-02-17 05:05:00,26.67247923398349
2024-02-17 05:10:00,29.20607415204836
2024-02-17 05:15:00,24.9916592978049
2024-02-17 05:20:00,20.17630286422166
2024-02-17 05:25:00,23.961607700333925
2024-02-17 05:30:00,31.006260151920262
2024-02-17 05:35:00,29.129799547321262
2024-02-17 05:40:00,27.374141117768204
2024-02-17 05:45:00,26.92183528576032
2024-02-17 05:50:00,26.536887567696937
2024-02-17 05:55:00,28.37410654331025
2024-02-17 06:00:00,26.24349563644218
2024-02-17 06:05:00,22.64966651622978
2024-02-17 06:10:00,28.346024782278047
2024-02-17 06:15:00,24.79968443221904
2024-02-17 06:20:00,23.849927757821064
2024-02-17 06:25:00,25.18889647297808
2024-02-17 06:30:00,38.01126647746455
2024-02-17 06:35:00,28.61450931563318
2024-02-17 06:40:00,29.517642124773754
2024-02-17 06:45:00,23.180559551312783
2024-02-17 06:50:00,20.694998944159284
2024-02-17 06:55:00,24.793800206854577
2024-02-17 07:00:00,40.60299526170413
2024-02-17 07:05:00,36.187314785175225
2024-02-17 07:10:00,37.24459328664671
2024-02-17 07:15:00,37.80447707767738
2024-02-17 07:20:00,32.48481540167603
2024-02-17 07:25:00,40.40207525676261
2024-02-17 07:30:00,32.31898252398041
2024-02-17 07:35:00,40.47514235791935
2024-02-17 07:40:00,36.6194215454105
2024-02-17 07:45:00,27.69403230388385
2024-02-17 07:50:00,31.858174974467
2024-02-17 07:55:00,27.710458789380723
2024-02-17 08:00:00,43.15312855324872
2024-02-17 08:05:00,38.401058338862285
2024-02-17 08:10:00,29.586630262272767
2024-02-17 08:15:00,40.00298754895052
2024-02-17 08:20:00,36.35134297251861
2024-02-17 08:25:00,32.5647766019386
2024-02-17 08:30:00,45.21186336994668
2024-02-17 08:35:00,38.9291434864582
2024-02-17 08:40:00,37.32627441281864
2024-02-17 08:45:00,36.90230089812782
2024-02-17 08:50:00,32.4468821454408
2024-02-17 08:55:00,33.28180442373545
2024-02-17 09:00:00,39.98988160753717
2024-02-17 09:05:00,32.95468298889396
2024-02-17 09:10:00,34.93848527178429
2024-02-17 09:15:00,26.672892563232534
2024-02-17 09:20:00,29.57784632485481
2024-02-17 09:25:00,37.28946454753584
2024-02-17 09:30:00,36.36106150849216
2024-02-17 09:35:00,41.86371526293409
2024-02-17 09:40:00,40.22203979456174
2024-02-17 09:45:00,33.92737057809754
2024-02-17 09:50:00,36.74202872688991
2024-02-17 09:55:00,33.58380069642453
2024-02-17 10:00:00,36.28931584924754
2024-02-17 10:05:00,32.66613535890254
2024-02-17 10:10:00,28.748816938123944
2024-02-17 10:15:00,28.871655714198347
2024-02-17 10:20:00,33.84947772373217
2024-02-17 10:25:00,30.38838796314833
2024-02-17 10:30:00,34.304588642973286
2024-02-17 10:35:00,19.295484869657447
2024-02-17 10:40:00,29.91498962068813
2024-02-17 10:45:00,26.0083371159674
2024-02-17 10:50:00,35.09558852520491
2024-02-17 10:55:00,34.255671323452255
2024-02-17 11:00:00,23.872127326482182
2024-02-17 11:05:00,29.883308005321087
2024-02-17 11:10:00,30.873242170046986
2024-02-17 11:15:00,24.03841077778155
2024-02-17 11:20:00,33.62851917980439
2024-02-17 11:25:00,23.61541947939807
2024-02-17 11:30:00,22.882700288733325
2024-02-17 11:35:00,27.20427444441433
2024-02-17 11:40:00,22.325621165507705
2024-02-17 11:45:00,24.08214319325653
2024-02-17 11:50:00,29.3785217862806
2024-02-17 11:55:00,23.817659498946043
2024-02-17 12:00:00,15.548680614136018
2024-02-17 12:05:00,23.798029337434038
2024-02-17 12:10:00,19.543577469827667
2024-02-17 12:15:00,25.789836415215436
2024-02-17 12:20:00,25.11351064934223
2024-02-17 12:25:00,28.214353178703337
2024-02-17 12:30:00,25.95888098920804
2024-02-17 12:35:00,26.68972892066951
2024-02-17 12:40:00,19.652364745486395
2024-02-17 12:45:00,25.54469776959926
2024-02-17 12:50:00,30.20255694347841
2024-02-17 12:55:00,19.57415215149018
2024-02-17 13:00:00,29.482645694876243
2024-02-17 13:05:00,20.08629216316253
2024-02-17 13:10:00,18.875807547767955
2024-02-17 13:15:00,23.468494301387203
2024-02-17 13:20:00,25.14733419248309
2024-02-17 13:25:00,25.93069302385691
2024-02-17 13:30:00,18.436642844875045
2024-02-17 13:35:00,24.02185291698501
2024-02-17 13:40:00,19.54147424203383
2024-02-17 13:45:00,16.328003503685544
2024-02-17 13:50:00,18.568747265836716
2024-02-17 13:55:00,19.280091064144575
2024-02-17 14:00:00,25.537656240903093
2024-02-17 14:05:00,28.06013025176774
2024-02-17 14:10:00,17.558449079992
2024-02-17 14:15:00,24.85911989632529
2024-02-17 14:20:00,18.74448285640944
2024-02-17 14:25:00,25.967617235549067
2024-02-17 14:30:00,20.960353275478077
2024-02-17 14:35:00,19.24595952739995
2024-02-17 14:40:00,26.649933660883363
2024-02-17 14:45:00,21.103585177712688
2024-02-17 14:50:00,22.187419794082277
2024-02-17 14:55:00,14.57131924926756
2024-02-17 15:00:00,30.844626716238203
2024-02-17 15:05:00,30.342055355220737
2024-02-17 15:10:00,27.080252647669564
2024-02-17 15:15:00,20.94809750512127
2024-02-17 15:20:00,31.89589798388336
2024-02-17 15:25:00,24.393367725101143
2024-02-17 15:30:00,25.24500747014196
2024-02-17 15:35:00,36.30659749598243
2024-02-17 15:40:00,24.24387549410739
2024-02-17 15:45:00,30.02726112025031
2024-02-17 15:50:00,29.30679031887478
2024-02-17 15:55:00,28.619110042064648
2024-02-17 16:00:00,33.83651479428025
2024-02-17 16:05:00,34.214066871619
2024-02-17 16:10:00,33.79627498782436
2024-02-17 16:15:00,32.50083918895796
2024-02-17 16:20:00,38.75364512050517
2024-02-17 16:25:00,27.45787038086509
2024-02-17 16:30:00,36.79434504012371
2024-02-17 16:35:00,35.99788181881241
2024-02-17 16:40:00,35.50210910937981
2024-02-17 16:45:00,37.17643033462272
2024-02-17 16:50:00,32.33811504298863
2024-02-17 16:55:00,25.23261632075469
2024-02-17 17:00:00,35.46082938762832
2024-02-17 17:05:00,31.78522315598805
2024-02-17 17:10:00,32.82256318705401
2024-02-17 17:15:00,30.78032133115661
2024-02-17 17:20:00,33.84062059271093
2024-02-17 17:25:00,33.363505250552464
2024-02-17 17:30:00,26.23972070677785
2024-02-17 17:35:00,38.55088767161542
2024-02-17 17:40:00,44.63128745850579
2024-02-17 17:45:00,38.17494880047142
2024-02-17 17:50:00,34.93830420034935
2024-02-17 17:55:00,35.5310144437814
2024-02-17 18:00:00,31.024567295408268
2024-02-17 18:05:00,33.0686771029288
2024-02-17 18:10:00,32.56047839116804
2024-02-17 18:15:00,29.344317045867797
2024-02-17 18:20:00,39.4400643232523
2024-02-17 18:25:00,26.759893824621887
2024-02-17 18:30:00,35.58183694023796
2024-02-17 18:35:00,32.30372025819084
2024-02-17 18:40:00,40.31183802772395
2024-02-17 18:45:00,34.071969164453854
2024-02-17 18:50:00,31.268888618727978
2024-02-17 18:55:00,31.717681973722986
2024-02-17 19:00:00,27.217969094187584
2024-02-17 19:05:00,22.487179536122937
2024-02-17 19:10:00,23.990864215636893
2024-02-17 19:15:00,19.91856643934111
2024-02-17 19:20:00,23.36643472261217
2024-02-17 19:25:00,27.43396824275034
2024-02-17 19:30:00,28.259042513246623
2024-02-17 19:35:00,19.141023536122933
2024-02-17 19:40:00,26.50949550393174
2024-02-17 19:45:00,29.31198211939707
2024-02-17 19:50:00,26.4066935426036
2024-02-17 19:55:00,24.52318773299734
2024-02-17 20:00:00,21.80059475753279
2024-02-17 20:05:00,21.28618591781676
2024-02-17 20:10:00,20.902317101293413
2024-02-17 20:15:00,24.14453343870504
2024-02-17 20:20:00,32.679992248667446
2024-02-17 20:25:00,20.47443967010491
2024-02-17 20:30:00,22.17666880707993
2024-02-17 20:35:00,23.24244758022472
2024-02-17 20:40:00,20.69982160029247
2024-02-17 20:45:00,27.84218255181935
2024-02-17 20:50:00,13.965697844499893
2024-02-17 20:55:00,21.32500265621094
2024-02-17 21:00:00,25.525094979999945
2024-02-17 21:05:00,21.07546280116556
2024-02-17 21:10:00,18.96848419931893
2024-02-17 21:15:00,24.014867052475157
2024-02-17 21:20:00,25.877212976308705
2024-02-17 21:25:00,23.09438181558033
2024-02-17 21:30:00,19.046958595468563
2024-02-17 21:35:00,24.07665331132707
2024-02-17 21:40:00,20.643642833620937
2024-02-17 21:45:00,25.232587562295407
2024-02-17 21:50:00,28.18487557414646
2024-02-17 21:55:00,11.829533011965966
2024-02-17 22:00:00,22.47081363715566
2024-02-17 22:05:00,15.083607996582623
2024-02-17 22:10:00,31.793698085692213
2024-02-17 22:15:00,20.15404560918837
2024-02-17 22:20:00,25.01203671167462
2024-02-17 22:25:00,21.88527630599355
2024-02-17 22:30:00,18.814205421496894
2024-02-17 22:35:00,18.338331555663427
2024-02-17 22:40:00,28.36926043677617
2024-02-17 22:45:00,25.850295985086376
2024-02-17 22:50:00,29.800880093883386
2024-02-17 22:55:00,22.248357085003928
2024-02-17 23:00:00,23.1533753697902
2024-02-17 23:05:00,20.932930622185044
2024-02-17 23:10:00,20.85336807234616
2024-02-17 23:15:00,17.834149154896725
2024-02-17 23:20:00,22.3377376485036
2024-02-17 23:25:00,18.84471050526141
2024-02-17 23:30:00,23.769332573463007
2024-02-17 23:35:00,22.681737760727035
2024-02-17 23:40:00,23.152425059509085
2024-02-17 23:45:00,28.702216643567105
2024-02-17 23:50:00,21.850825085743832
2024-02-17 23:55:00,25.02860489621991
2024-02-18 00:00:00,30.206039713172707
2024-02-18 00:05:00,27.226470134010576
2024-02-18 00:10:00,26.612680650649764
2024-02-18 00:15:00,20.773248994748386
2024-02-18 00:20:00,22.91857407910157
2024-02-18 00:25:00,16.726896688710617
2024-02-18 00:30:00,23.99565946068804
2024-02-18 00:35:00,23.09784256728575
2024-02-18 00:40:00,22.093542357455107
2024-02-18 00:45:00,26.108781009801824
2024-02-18 00:50:00,17.168902567132797
2024-02-18 00:55:00,28.53945326147177
2024-02-18 01:00:00,25.60713770619811
2024-02-18 01:05:00,21.71754303582908
2024-02-18 01:10:00,21.4051606031674
2024-02-18 01:15:00,23.92252381543135
2024-02-18 01:20:00,28.08348388269209
2024-02-18 01:25:00,22.406509829197017
2024-02-18 01:30:00,22.57620256235388
2024-02-18 01:35:00,22.07255286494046
2024-02-18 01:40:00,29.128175405242864
2024-02-18 01:45:00,20.52454654268888
2024-02-18 01:50:00,21.882048559960687
2024-02-18 01:55:00,27.85382157148095
2024-02-18 02:00:00,22.590079596218885
2024-02-18 02:05:00,26.55027170194952
2024-02-18 02:10:00,18.3569160341556
2024-02-18 02:15:00,21.18086617525337
2024-02-18 02:20:00,27.939772415528346
2024-02-18 02:25:00,19.296677398713246
2024-02-18 02:30:00,21.3968401026886
2024-02-18 02:35:00,23.028777185333343
2024-02-18 02:40:00,18.045418189795484
2024-02-18 02:45:00,20.34679578727984
2024-02-18 02:50:00,22.45258298906999
2024-02-18 02:55:00,22.188763198415277
2024-02-18 03:00:00,27.153260576596303
2024-02-18 03:05:00,28.197681272576773
2024-02-18 03:10:00,18.607513005244112
2024-02-18 03:15:00,22.476926569917715
2024-02-18 03:20:00,24.72884572694682
2024-02-18 03:25:00,28.097242356444543
2024-02-18 03:30:00,24.905813682516275
2024-02-18 03:35:00,23.195506099617084
2024-02-18 03:40:00,24.69802262117828
2024-02-18 03:45:00,24.7269278305928
2024-02-18 03:50:00,18.320995324110285
2024-02-18 03:55:00,22.80304766327283
2024-02-18 04:00:00,28.13885201841888
2024-02-18 04:05:00,21.4727809668881
2024-02-18 04:10:00,22.819994611853893
2024-02-18 04:15:00,21.33214224356003
2024-02-18 04:20:00,13.046770059236616
2024-02-18 04:25:00,22.38456875060283
2024-02-18 04:30:00,23.509375764275607
2024-02-18 04:35:00,20.252234478140508
2024-02-18 04:40:00,17.683660246125203
2024-02-18 04:45:00,18.77978220253752
2024-02-18 04:50:00,25.35895850620637
2024-02-18 04:55:00,30.19230713385173
2024-02-18 05:00:00,29.2688205688925
2024-02-18 05:05:00,18.361703185948564
2024-02-18 05:10:00,27.157596447473583
2024-02-18 05:15:00,21.08643770203361
2024-02-18 05:20:00,21.410018955235664
2024-02-18 05:25:00,21.891184813385635
2024-02-18 05:30:00,26.563355004692493
2024-02-18 05:35:00,27.576100711066925
2024-02-18 05:40:00,23.34696292015162
2024-02-18 05:45:00,23.41480424123867
2024-02-18 05:50:00,25.59614217821394
2024-02-18 05:55:00,26.011065363367734
2024-02-18 06:00:00,32.77491360636392
2024-02-18 06:05:00,22.932522877293007
2024-02-18 06:10:00,28.150120138545923
2024-02-18 06:15:00,23.79791327576509
2024-02-18 06:20:00,27.86624166307619
2024-02-18 06:25:00,27.16530962860676
2024-02-18 06:30:00,27.883012963718997
2024-02-18 06:35:00,24.871039226887675
2024-02-18 06:40:00,22.12085160650009
2024-02-18 06:45:00,19.69226067247019
2024-02-18 06:50:00,27.54529016227044
2024-02-18 06:55:00,26.34600635599805
2024-02-18 07:00:00,32.14646226165383
2024-02-18 07:05:00,40.14040677219578
2024-02-18 07:10:00,31.412460173687897
2024-02-18 07:15:00,40.51754924942435
2024-02-18 07:20:00,41.34558789794617
2024-02-18 07:25:00,27.04661105371161
2024-02-18 07:30:00,35.21973875686502
2024-02-18 07:35:00,33.251426957525176
2024-02-18 07:40:00,23.20299714200008
2024-02-18 07:45:00,29.071647908595484
2024-02-18 07:50:00,37.94995734930304
2024-02-18 07:55:00,42.9270099317142
2024-02-18 08:00:00,42.11071259286888
2024-02-18 08:05:00,39.7945299121238
2024-02-18 08:10:00,38.41467049554754
2024-02-18 08:15:00,45.23065168066434
2024-02-18 08:20:00,47.09295682990245
2024-02-18 08:25:00,36.15262930397515
2024-02-18 08:30:00,30.50005378083072
2024-02-18 08:35:00,30.10725016898708
2024-02-18 08:40:00,43.78752399071109
2024-02-18 08:45:00,38.31176585897434
2024-02-18 08:50:00,39.23296766390676
2024-02-18 08:55:00,31.337396050245037
2024-02-18 09:00:00,31.837458816882965
2024-02-18 09:05:00,33.6682912124337
2024-02-18 09:10:00,35.68156800149311
2024-02-18 09:15:00,33.2558463123818
2024-02-18 09:20:00,30.70090967483146
2024-02-18 09:25:00,31.71194649762674
2024-02-18 09:30:00,39.68350761182576
2024-02-18 09:35:00,35.82935294645083
2024-02-18 09:40:00,37.29884169585904
2024-02-18 09:45:00,31.254719224527516
2024-02-18 09:50:00,23.03492052643433
2024-02-18 09:55:00,32.757797240498846
2024-02-18 10:00:00,24.603794356990957
2024-02-18 10:05:00,29.466125649205257
2024-02-18 10:10:00,41.21297142942031
2024-02-18 10:15:00,30.850740645165963
2024-02-18 10:20:00,39.01391721222689
2024-02-18 10:25:00,30.345155356050736
2024-02-18 10:30:00,25.55053162440208
2024-02-18 10:35:00,29.461740887176475
2024-02-18 10:40:00,35.19263097260377
2024-02-18 10:45:00,35.388326959977896
2024-02-18 10:50:00,25.768727102520625
2024-02-18 10:55:00,29.082811357490137
2024-02-18 11:00:00,18.02371657139238
2024-02-18 11:05:00,27.03945858884268
2024-02-18 11:10:00,29.95420288630054
2024-02-18 11:15:00,23.899981906541026
2024-02-18 11:20:00,21.071247872636448
2024-02-18 11:25:00,25.18130789518721
2024-02-18 11:30:00,25.410620215529622
2024-02-18 11:35:00,24.06535941747544
2024-02-18 11:40:00,24.45564458742077
2024-02-18 11:45:00,23.04552468819948
2024-02-18 11:50:00,27.724603802982585
2024-02-18 11:55:00,26.685693870737467
2024-02-18 12:00:00,18.39633919746065
2024-02-18 12:05:00,18.28638937340287
2024-02-18 12:10:00,21.311254117931
2024-02-18 12:15:00,25.276100282457964
2024-02-18 12:20:00,22.920981441600507
2024-02-18 12:25:00,19.756150145546627
2024-02-18 12:30:00,23.37482617294057
2024-02-18 12:35:00,21.00550970794816
2024-02-18 12:40:00,25.850697626933773
2024-02-18 12:45:00,23.66098552630544
2024-02-18 12:50:00,21.067639036228677
2024-02-18 12:55:00,23.25482687422309
2024-02-18 13:00:00,27.543884766064657
2024-02-18 13:05:00,20.005172221782345
2024-02-18 13:10:00,23.894320454556496
2024-02-18 13:15:00,22.00185116610387
2024-02-18 13:20:00,23.991627263416248
2024-02-18 13:25:00,19.66543276158493
2024-02-18 13:30:00,22.725034260605355
2024-02-18 13:35:00,26.71498565763505
2024-02-18 13:40:00,18.53566460298342
2024-02-18 13:45:00,16.966072114667526
2024-02-18 13:50:00,17.117870270019992
2024-02-18 13:55:00,17.601042407167096
2024-02-18 14:00:00,25.83256875106372
2024-02-18 14:05:00,17.827836856031205
2024-02-18 14:10:00,22.25969422051894
2024-02-18 14:15:00,25.924432812735898
2024-02-18 14:20:00,25.11791184168744
2024-02-18 14:25:00,21.90903967964313
2024-02-18 14:30:00,24.21497052651349
2024-02-18 14:35:00,23.879856918443338
2024-02-18 14:40:00,22.55431177730032
2024-02-18 14:45:00,22.607936724874744
2024-02-18 14:50:00,32.39298533852091
2024-02-18 14:55:00,26.688519215218268
2024-02-18 15:00:00,36.98102494059288
2024-02-18 15:05:00,25.070568738862303
2024-02-18 15:10:00,26.71855488299172
2024-02-18 15:15:00,21.72991820943772
2024-02-18 15:20:00,23.82015406218602
2024-02-18 15:25:00,34.66607386519431
2024-02-18 15:30:00,24.97028411117728
2024-02-18 15:35:00,34.73554647112215
2024-02-18 15:40:00,22.084972227824743
2024-02-18 15:45:00,22.8445451342512
2024-02-18 15:50:00,25.693496386450622
2024-02-18 15:55:00,26.8034215838276
2024-02-18 16:00:00,36.40086179386272
2024-02-18 16:05:00,34.51159429280727
2024-02-18 16:10:00,31.04325159468609
2024-02-18 16:15:00,32.175249397989774
2024-02-18 16:20:00,31.432260944923403
2024-02-18 16:25:00,29.049897682759283
2024-02-18 16:30:00,29.156660877655717
2024-02-18 16:35:00,36.82004818979584
2024-02-18 16:40:00,25.395852912353643
2024-02-18 16:45:00,39.17794741384242
2024-02-18 16:50:00,31.336535721653277
2024-02-18 16:55:00,29.618478198493563
2024-02-18 17:00:00,38.709037189275335
2024-02-18 17:05:00,41.69086636307473
2024-02-18 17:10:00,40.22052979290209
2024-02-18 17:15:00,37.75740822392582
2024-02-18 17:20:00,40.097453985373605
2024-02-18 17:25:00,28.8840097179108
2024-02-18 17:30:00,33.66267786053367
2024-02-18 17:35:00,32.105319786386886
2024-02-18 17:40:00,40.648554951346966
2024-02-18 17:45:00,34.216087950790715
2024-02-18 17:50:00,39.131626253614485
2024-02-18 17:55:00,37.89342779644081
2024-02-18 18:00:00,29.259283022806247
2024-02-18 18:05:00,30.360677927555837
2024-02-18 18:10:00,37.88378153071987
2024-02-18 18:15:00,29.60658017272332
2024-02-18 18:20:00,33.207981208242884
2024-02-18 18:25:00,29.57834562215519
2024-02-18 18:30:00,31.452702019797528
2024-02-18 18:35:00,32.52386299158108
2024-02-18 18:40:00,29.577044726271005
2024-02-18 18:45:00,28.86672295152545
2024-02-18 18:50:00,33.85360411457074
2024-02-18 18:55:00,29.329561132296263
2024-02-18 19:00:00,23.81571209331385
2024-02-18 19:05:00,23.302129741300657
2024-02-18 19:10:00,26.746710130783267
2024-02-18 19:15:00,30.833148853707904
2024-02-18 19:20:00,33.08445686135761
2024-02-18 19:25:00,24.154669972133423
2024-02-18 19:30:00,35.65958548943338
2024-02-18 19:35:00,23.03952287328136
2024-02-18 19:40:00,31.392536409420018
2024-02-18 19:45:00,24.17155650004677
2024-02-18 19:50:00,23.5746492366285
2024-02-18 19:55:00,24.079317688970985
2024-02-18 20:00:00,23.239448539129167
2024-02-18 20:05:00,25.769128021860084
2024-02-18 20:10:00,26.12871148934493
2024-02-18 20:15:00,19.67329927633409
2024-02-18 20:20:00,19.49060218768057
2024-02-18 20:25:00,19.782684564271456
2024-02-18 20:30:00,23.0038217281836
2024-02-18 20:35:00,22.608616920962145
2024-02-18 20:40:00,19.648537489446465
2024-02-18 20:45:00,24.52765411397862
2024-02-18 20:50:00,32.49951457106692
2024-02-18 20:55:00,21.43037749038504
2024-02-18 21:00:00,20.51779274990596
2024-02-18 21:05:00,24.49048631601757
2024-02-18 21:10:00,20.01657486777292
2024-02-18 21:15:00,24.927697961592827
2024-02-18 21:20:00,19.377669207603937
2024-02-18 21:25:00,29.5803184650293
2024-02-18 21:30:00,23.63093992508928
2024-02-18 21:35:00,19.77174823841325
2024-02-18 21:40:00,19.897073236843
2024-02-18 21:45:00,20.19664102388796
2024-02-18 21:50:00,27.74283869971559
2024-02-18 21:55:00,17.176836004314964
2024-02-18 22:00:00,19.354777062535117
2024-02-18 22:05:00,19.77990151667143
2024-02-18 22:10:00,21.96379187734538
2024-02-18 22:15:00,20.942104973785955
2024-02-18 22:20:00,16.061632418811282
2024-02-18 22:25:00,20.42725300999126
2024-02-18 22:30:00,21.628341011633257
2024-02-18 22:35:00,19.514152404054
2024-02-18 22:40:00,24.77364570056379
2024-02-18 22:45:00,25.70417745938772
2024-02-18 22:50:00,21.71299694545556
2024-02-18 22:55:00,22.94871009177605
2024-02-18 23:00:00,13.357472895409114
2024-02-18 23:05:00,20.31728579615887
2024-02-18 23:10:00,26.02098365183785
2024-02-18 23:15:00,20.30795055208909
2024-02-18 23:20:00,19.052650179238352
2024-02-18 23:25:00,31.11245258892992
2024-02-18 23:30:00,29.278005645589417
2024-02-18 23:35:00,23.871996534734823
2024-02-18 23:40:00,26.557339330726386
2024-02-18 23:45:00,13.097955212973886
2024-02-18 23:50:00,18.85149112229137
2024-02-18 23:55:00,20.12186539211359
2024-02-19 00:00:00,39.056082980587455
2024-02-19 00:05:00,38.040227292159386
2024-02-19 00:10:00,29.799898209989856
2024-02-19 00:15:00,41.54410185088948
2024-02-19 00:20:00,42.17461988917767
2024-02-19 00:25:00,46.407598542415165
2024-02-19 00:30:00,36.84676631695539
2024-02-19 00:35:00,36.51935074493563
2024-02-19 00:40:00,29.280065432197365
2024-02-19 00:45:00,38.8257360296917
2024-02-19 00:50:00,43.604450500303926
2024-02-19 00:55:00,37.55293192728436
2024-02-19 01:00:00,48.57392282769636
2024-02-19 01:05:00,38.97376421036368
2024-02-19 01:10:00,40.58811269067599
2024-02-19 01:15:00,34.54773123119539
2024-02-19 01:20:00,41.149024934222886
2024-02-19 01:25:00,32.08286437411098
2024-02-19 01:30:00,42.77493537357434
2024-02-19 01:35:00,42.89785625846341
2024-02-19 01:40:00,45.437309250867806
2024-02-19 01:45:00,35.92026867845101
2024-02-19 01:50:00,40.64239202671144
2024-02-19 01:55:00,42.25540979106778
2024-02-19 02:00:00,41.77282884744383
2024-02-19 02:05:00,36.54250519358319
2024-02-19 02:10:00,30.43577473589804
2024-02-19 02:15:00,41.39154348166052
2024-02-19 02:20:00,39.39370358088292
2024-02-19 02:25:00,37.73701992227684
2024-02-19 02:30:00,43.05948374898446
2024-02-19 02:35:00,39.824024141504864
2024-02-19 02:40:00,34.7269220830514
2024-02-19 02:45:00,32.27789313773771
2024-02-19 02:50:00,35.487849233589934
2024-02-19 02:55:00,49.57575147318974
2024-02-19 03:00:00,42.94902071981792
2024-02-19 03:05:00,40.81236299198687
2024-02-19 03:10:00,39.33126991534361
2024-02-19 03:15:00,39.06834186429709
2024-02-19 03:20:00,44.72669755752321
2024-02-19 03:25:00,38.0955306564731
2024-02-19 03:30:00,42.365595266824
2024-02-19 03:35:00,38.66420182292045
2024-02-19 03:40:00,47.81854015142708
2024-02-19 03:45:00,43.02706765440004
2024-02-19 03:50:00,45.04014088282133
2024-02-19 03:55:00,37.72027452533388
2024-02-19 04:00:00,44.782013616931714
2024-02-19 04:05:00,39.299159465083264
2024-02-19 04:10:00,40.98960846239343
2024-02-19 04:15:00,47.08965984913986
2024-02-19 04:20:00,36.37836893963635
2024-02-19 04:25:00,41.36246009188363
2024-02-19 04:30:00,42.301490200736936
2024-02-19 04:35:00,42.62948668986527
2024-02-19 04:40:00,38.74633119428817
2024-02-19 04:45:00,48.89452556989436
2024-02-19 04:50:00,35.36974162530099
2024-02-19 04:55:00,46.385010721191904
2024-02-19 05:00:00,48.022239159222494
2024-02-19 05:05:00,50.76553189527068
2024-02-19 05:10:00,36.80906834202466
2024-02-19 05:15:00,39.6866507852971
2024-02-19 05:20:00,49.1297489735025
2024-02-19 05:25:00,35.65382011833471
2024-02-19 05:30:00,36.736141132694286
2024-02-19 05:35:00,41.208745590009976
2024-02-19 05:40:00,43.92995189134501
2024-02-19 05:45:00,49.53087703145104
2024-02-19 05:50:00,42.42091307713451
2024-02-19 05:55:00,40.72902014459778
2024-02-19 06:00:00,52.2819429859308
2024-02-19 06:05:00,52.91476916832269
2024-02-19 06:10:00,52.80134252382617
2024-02-19 06:15:00,50.324438403339705
2024-02-19 06:20:00,43.21603877947249
2024-02-19 06:25:00,47.36591927871976
2024-02-19 06:30:00,56.717467576214936
2024-02-19 06:35:00,51.784658987051486
2024-02-19 06:40:00,49.746294758716864
2024-02-19 06:45:00,55.509057428640986
2024-02-19 06:50:00,46.5159167056693
2024-02-19 06:55:00,50.13499070029306
2024-02-19 07:00:00,63.91505711318549
2024-02-19 07:05:00,61.59851347931083
2024-02-19 07:10:00,63.76707478409574
2024-02-19 07:15:00,62.61324776680228
2024-02-19 07:20:00,57.766651301345846
2024-02-19 07:25:00,64.08993502000557
2024-02-19 07:30:00,58.05061632643788
2024-02-19 07:35:00,64.02648399287624
2024-02-19 07:40:00,68.86056678908979
2024-02-19 07:45:00,62.23993070338513
2024-02-19 07:50:00,58.6780909726054
2024-02-19 07:55:00,62.85607223966942
2024-02-19 08:00:00,66.67211560781658
2024-02-19 08:05:00,72.37803605065658
2024-02-19 08:10:00,69.40804505003929
2024-02-19 08:15:00,76.83905304678899
2024-02-19 08:20:00,74.65195842284005
2024-02-19 08:25:00,69.3876780222051
2024-02-19 08:30:00,72.86243631202306
2024-02-19 08:35:00,68.42705440347932
2024-02-19 08:40:00,70.13582758079137
2024-02-19 08:45:00,68.55426325472945
2024-02-19 08:50:00,73.06582387952953
2024-02-19 08:55:00,75.73195314696902
2024-02-19 09:00:00,66.55861913428609
2024-02-19 09:05:00,67.05177271066293
2024-02-19 09:10:00,67.05616005446443
2024-02-19 09:15:00,65.56904999486035
2024-02-19 09:20:00,58.80688166868044
2024-02-19 09:25:00,70.16791238318751
2024-02-19 09:30:00,70.58166961231521
2024-02-19 09:35:00,62.42850789226804
2024-02-19 09:40:00,61.88123464465679
2024-02-19 09:45:00,65.81367291718301
2024-02-19 09:50:00,65.56727764625553
2024-02-19 09:55:00,62.55624203050944
2024-02-19 10:00:00,46.03640024072765
2024-02-19 10:05:00,52.25930762607718
2024-02-19 10:10:00,53.24224901578025
2024-02-19 10:15:00,53.93978745523326
2024-02-19 10:20:00,52.4336739524949
2024-02-19 10:25:00,49.95204226963043
2024-02-19 10:30:00,55.01251102110318
2024-02-19 10:35:00,51.29989685334174
2024-02-19 10:40:00,49.17681080561919
2024-02-19 10:45:00,50.31388933489519
2024-02-19 10:50:00,44.052626733178144
2024-02-19 10:55:00,50.30753556636392
2024-02-19 11:00:00,45.91880806145678
2024-02-19 11:05:00,44.52419407051502
2024-02-19 11:10:00,49.24771867388285
2024-02-19 11:15:00,42.11316232589529
2024-02-19 11:20:00,45.114314634171365
2024-02-19 11:25:00,46.33602268718119
2024-02-19 11:30:00,52.53649001510774
2024-02-19 11:35:00,43.744123946428665
2024-02-19 11:40:00,38.98831326650201
2024-02-19 11:45:00,46.55677699537923
2024-02-19 11:50:00,50.62797140583193
2024-02-19 11:55:00,41.87486714105162
2024-02-19 12:00:00,43.96205667449338
2024-02-19 12:05:00,45.5126427409834
2024-02-19 12:10:00,44.66599269594833
2024-02-19 12:15:00,41.09996460996203
2024-02-19 12:20:00,37.80383548721514
2024-02-19 12:25:00,40.27261232801338
2024-02-19 12:30:00,42.432132335578245
2024-02-19 12:35:00,44.23062061643464
2024-02-19 12:40:00,41.93351071206388
2024-02-19 12:45:00,39.07809865390541
2024-02-19 12:50:00,42.8192491446668
2024-02-19 12:55:00,44.03807079103901
2024-02-19 13:00:00,42.0342448219631
2024-02-19 13:05:00,37.17105613815188
2024-02-19 13:10:00,39.79018045743642
2024-02-19 13:15:00,44.30708770195505
2024-02-19 13:20:00,34.98373336132728
2024-02-19 13:25:00,32.143092506740544
2024-02-19 13:30:00,46.548135996881264
2024-02-19 13:35:00,42.5614656163927
2024-02-19 13:40:00,42.9427246063856
2024-02-19 13:45:00,36.20853670179696
2024-02-19 13:50:00,43.46591685017133
2024-02-19 13:55:00,41.61679934657864
2024-02-19 14:00:00,36.30137259677562
2024-02-19 14:05:00,48.33581656526464
2024-02-19 14:10:00,43.27341620264412
2024-02-19 14:15:00,41.05434704385213
2024-02-19 14:20:00,41.12672392422834
2024-02-19 14:25:00,34.5777952864397
2024-02-19 14:30:00,45.01202930669466
2024-02-19 14:35:00,43.68611173715211
2024-02-19 14:40:00,41.86236237883683
2024-02-19 14:45:00,47.752623737975895
2024-02-19 14:50:00,37.10324683218583
2024-02-19 14:55:00,40.25159300269875
2024-02-19 15:00:00,45.79709656376628
2024-02-19 15:05:00,48.081949663721616
2024-02-19 15:10:00,49.46700968383672
2024-02-19 15:15:00,50.91718367805324
2024-02-19 15:20:00,47.80923577038735
2024-02-19 15:25:00,45.68770664218825
2024-02-19 15:30:00,55.9411573818896
2024-02-19 15:35:00,58.8436903499621
2024-02-19 15:40:00,49.77027627033593
2024-02-19 15:45:00,46.170008114724354
2024-02-19 15:50:00,55.098946106977
2024-02-19 15:55:00,43.41010115749396
2024-02-19 16:00:00,58.13092965402106
2024-02-19 16:05:00,56.68555474745516
2024-02-19 16:10:00,54.83188075103841
2024-02-19 16:15:00,58.34992602115329
2024-02-19 16:20:00,56.013334636144506
2024-02-19 16:25:00,59.52064080943499
2024-02-19 16:30:00,59.578731623530224
2024-02-19 16:35:00,56.98469605875245
2024-02-19 16:40:00,57.98796952646489
2024-02-19 16:45:00,58.54662708122552
2024-02-19 16:50:00,62.70940719731807
2024-02-19 16:55:00,58.87630534858362
2024-02-19 17:00:00,68.29880701130122
2024-02-19 17:05:00,67.34325198237546
2024-02-19 17:10:00,67.2861228357598
2024-02-19 17:15:00,70.55138392954073
2024-02-19 17:20:00,60.5224365291732
2024-02-19 17:25:00,63.10726762292838
2024-02-19 17:30:00,72.05319524935511
2024-02-19 17:35:00,63.970734045799766
2024-02-19 17:40:00,53.73950528853344
2024-02-19 17:45:00,64.1881266755653
2024-02-19 17:50:00,65.53975816880984
2024-02-19 17:55:00,54.53154757843199
2024-02-19 18:00:00,64.80576213675356
2024-02-19 18:05:00,56.61516972173936
2024-02-19 18:10:00,60.78427203795183
2024-02-19 18:15:00,58.56609339582552
2024-02-19 18:20:00,54.316613900385605
2024-02-19 18:25:00,55.18798703866009
2024-02-19 18:30:00,55.72968823149158
2024-02-19 18:35:00,63.81270721393632
2024-02-19 18:40:00,58.87986682480116
2024-02-19 18:45:00,57.38255751099478
2024-02-19 18:50:00,55.73158392684084
2024-02-19 18:55:00,64.25462046330627
2024-02-19 19:00:00,55.0537911193826
2024-02-19 19:05:00,53.93596162411497
2024-02-19 19:10:00,51.166735385904914
2024-02-19 19:15:00,50.35630619677109
2024-02-19 19:20:00,44.333234757384645
2024-02-19 19:25:00,48.21370952244402
2024-02-19 19:30:00,46.4615452159025
2024-02-19 19:35:00,41.89493759334941
2024-02-19 19:40:00,53.42515970594971
2024-02-19 19:45:00,46.41366624371915
2024-02-19 19:50:00,53.98075365902948
2024-02-19 19:55:00,52.72397163232829
2024-02-19 20:00:00,44.86185252058029
2024-02-19 20:05:00,45.08651690109935
2024-02-19 20:10:00,40.17372508575179
2024-02-19 20:15:00,50.06638121920928
2024-02-19 20:20:00,42.807482337858815
2024-02-19 20:25:00,43.84270735452144
2024-02-19 20:30:00,40.03867527978007
2024-02-19 20:35:00,38.91031957093878
2024-02-19 20:40:00,44.54416464928431
2024-02-19 20:45:00,43.50503459780176
2024-02-19 20:50:00,39.47757115043631
2024-02-19 20:55:00,36.881273738945005
2024-02-19 21:00:00,35.378198622908165
2024-02-19 21:05:00,45.24242584058278
2024-02-19 21:10:00,38.00487571361806
2024-02-19 21:15:00,39.10225678951502
2024-02-19 21:20:00,46.2592520072546
2024-02-19 21:25:00,35.969288726272694
2024-02-19 21:30:00,37.54991166935013
2024-02-19 21:35:00,37.38282365797558
2024-02-19 21:40:00,46.93016489688251
2024-02-19 21:45:00,48.43142497454801
2024-02-19 21:50:00,43.46414387382704
2024-02-19 21:55:00,43.59142986883531
2024-02-19 22:00:00,37.72684134199477
2024-02-19 22:05:00,47.83757530102282
2024-02-19 22:10:00,41.11904637084034
2024-02-19 22:15:00,43.46070241120465
2024-02-19 22:20:00,39.62616159832188
2024-02-19 22:25:00,38.97613100409525
2024-02-19 22:30:00,46.70043039179016
2024-02-19 22:35:00,42.20715607235892
2024-02-19 22:40:00,45.85376319768722
2024-02-19 22:45:00,41.069574040385874
2024-02-19 22:50:00,36.65479520771333
2024-02-19 22:55:00,37.71488962189174
2024-02-19 23:00:00,40.414946214960615
2024-02-19 23:05:00,37.49708438092886
2024-02-19 23:10:00,35.57323961059141
2024-02-19 23:15:00,44.808753372250266
2024-02-19 23:20:00,37.82360496180812
2024-02-19 23:25:00,40.55585623626745
2024-02-19 23:30:00,41.18761960464459
2024-02-19 23:35:00,37.6504727438199
2024-02-19 23:40:00,45.80628311033713
2024-02-19 23:45:00,35.53451820028372
2024-02-19 23:50:00,41.04958629942525
2024-02-19 23:55:00,40.987556070608505
2024-02-20 00:00:00,39.78298496459865
2024-02-20 00:05:00,34.81235292296731
2024-02-20 00:10:00,43.483273583509096
2024-02-20 00:15:00,42.97404605739363
2024-02-20 00:20:00,37.29772926169038
2024-02-20 00:25:00,42.82995220487669
2024-02-20 00:30:00,41.499634121258346
2024-02-20 00:35:00,34.87755479461081
2024-02-20 00:40:00,36.58428771776981
2024-02-20 00:45:00,44.553129155613554
2024-02-20 00:50:00,41.23766811662344
2024-02-20 00:55:00,37.742791592812736
2024-02-20 01:00:00,36.5662399888312
2024-02-20 01:05:00,37.938568361060085
2024-02-20 01:10:00,38.22222543401095
2024-02-20 01:15:00,36.61629142300476
2024-02-20 01:20:00,33.03308710398856
2024-02-20 01:25:00,44.56019669912491
2024-02-20 01:30:00,43.88267824396754
2024-02-20 01:35:00,34.90712174629433
2024-02-20 01:40:00,40.545388735776434
2024-02-20 01:45:00,36.3911907426627
2024-02-20 01:50:00,38.953874660615625
2024-02-20 01:55:00,38.62107723402714
2024-02-20 02:00:00,38.29236543125111
2024-02-20 02:05:00,48.01549063042774
2024-02-20 02:10:00,38.24239955541783
2024-02-20 02:15:00,36.770646993854896
2024-02-20 02:20:00,36.9533765761344
2024-02-20 02:25:00,44.17881011972962
2024-02-20 02:30:00,33.395292967350855
2024-02-20 02:35:00,36.95321062838052
2024-02-20 02:40:00,45.79099365456873
2024-02-20 02:45:00,40.97964704611319
2024-02-20 02:50:00,40.77139031426705
2024-02-20 02:55:00,48.5322881346974
2024-02-20 03:00:00,41.043305435880825
2024-02-20 03:05:00,37.2251689786485
2024-02-20 03:10:00,38.92960539658144
2024-02-20 03:15:00,35.51618438796456
2024-02-20 03:20:00,45.08166178414962
2024-02-20 03:25:00,42.35616049423369
2024-02-20 03:30:00,44.55557022397039
2024-02-20 03:35:00,44.90984933828431
2024-02-20 03:40:00,38.4010705003767
2024-02-20 03:45:00,36.27890221605127
2024-02-20 03:50:00,39.85106117885464
2024-02-20 03:55:00,36.56686934093268
2024-02-20 04:00:00,41.20929666829813
2024-02-20 04:05:00,45.07785669000079
2024-02-20 04:10:00,39.87691058246536
2024-02-20 04:15:00,41.14944952629298
2024-02-20 04:20:00,40.17408670176856
2024-02-20 04:25:00,43.76037945641282
2024-02-20 04:30:00,37.87833958950887
2024-02-20 04:35:00,31.763684120089632
2024-02-20 04:40:00,42.43294460416355
2024-02-20 04:45:00,44.500806851894005
2024-02-20 04:50:00,42.33496614569617
2024-02-20 04:55:00,37.98854718478997
2024-02-20 05:00:00,38.62192834411167
2024-02-20 05:05:00,45.13996686397723
2024-02-20 05:10:00,43.72789254859464
2024-02-20 05:15:00,42.65880622622262
2024-02-20 05:20:00,50.4518301088311
2024-02-20 05:25:00,39.37477636013061
2024-02-20 05:30:00,50.2621248213658
2024-02-20 05:35:00,43.2891123563385
2024-02-20 05:40:00,35.819694829372445
2024-02-20 05:45:00,42.445166119579376
2024-02-20 05:50:00,46.999961043253705
2024-02-20 05:55:00,41.70175660563606
2024-02-20 06:00:00,45.13726907019151
2024-02-20 06:05:00,50.37832510796041
2024-02-20 06:10:00,47.607693739578266
2024-02-20 06:15:00,53.00364083949694
2024-02-20 06:20:00,54.12998249941553
2024-02-20 06:25:00,46.81130160415266
2024-02-20 06:30:00,48.21316701468249
2024-02-20 06:35:00,54.06295309557284
2024-02-20 06:40:00,47.60100612194925
2024-02-20 06:45:00,46.70775069183311
2024-02-20 06:50:00,46.32161870796007
2024-02-20 06:55:00,52.44453768697757
2024-02-20 07:00:00,64.6006543705592
2024-02-20 07:05:00,60.62783937097318
2024-02-20 07:10:00,63.38436507700228
2024-02-20 07:15:00,69.47255302910986
2024-02-20 07:20:00,59.467782864816456
2024-02-20 07:25:00,55.55705305644754
2024-02-20 07:30:00,65.18432579537082
2024-02-20 07:35:00,62.92241883688299
2024-02-20 07:40:00,60.52392314522894
2024-02-20 07:45:00,65.97234444190897
2024-02-20 07:50:00,66.7209240711645
2024-02-20 07:55:00,54.530911412968976
2024-02-20 08:00:00,67.38960840280475
2024-02-20 08:05:00,79.27006496491812
2024-02-20 08:10:00,72.33361970332346
2024-02-20 08:15:00,72.7044145933193
2024-02-20 08:20:00,74.69157715465661
2024-02-20 08:25:00,70.0682753409296
2024-02-20 08:30:00,73.18673668049718
2024-02-20 08:35:00,72.87224821547952
2024-02-20 08:40:00,72.15616602714174
2024-02-20 08:45:00,68.71195215766109
2024-02-20 08:50:00,70.68823572959573
2024-02-20 08:55:00,67.64655378290358
2024-02-20 09:00:00,63.41528352378749
2024-02-20 09:05:00,58.69006273712444
2024-02-20 09:10:00,60.201530340429706
2024-02-20 09:15:00,62.23477813782179
2024-02-20 09:20:00,59.589204579801205
2024-02-20 09:25:00,61.34395722254081
2024-02-20 09:30:00,62.70832239849945
2024-02-20 09:35:00,64.97307568417902
2024-02-20 09:40:00,67.16105551293315
2024-02-20 09:45:00,61.50888882000908
2024-02-20 09:50:00,68.70444477459601
2024-02-20 09:55:00,67.11847062002349
2024-02-20 10:00:00,53.05287819085384
2024-02-20 10:05:00,51.65109938026455
2024-02-20 10:10:00,52.31298623055224
2024-02-20 10:15:00,55.7847074657436
2024-02-20 10:20:00,55.930821502115165
2024-02-20 10:25:00,56.37628977661264
2024-02-20 10:30:00,51.20181019058608
2024-02-20 10:35:00,53.25637152307253
2024-02-20 10:40:00,56.41068888956627
2024-02-20 10:45:00,48.5416387234125
2024-02-20 10:50:00,49.76283544820485
2024-02-20 10:55:00,51.100649515131984
2024-02-20 11:00:00,46.76345693387573
2024-02-20 11:05:00,46.8257505848326
2024-02-20 11:10:00,42.241605537166365
2024-02-20 11:15:00,37.13062416443926
2024-02-20 11:20:00,44.149797759141975
2024-02-20 11:25:00,39.491797432644496
2024-02-20 11:30:00,37.20531716339721
2024-02-20 11:35:00,38.10957573902324
2024-02-20 11:40:00,44.470586013340345
2024-02-20 11:45:00,48.60921142568933
2024-02-20 11:50:00,43.32064004690308
2024-02-20 11:55:00,44.01058460054196
2024-02-20 12:00:00,45.329310275579424
2024-02-20 12:05:00,34.41991088373351
2024-02-20 12:10:00,42.67843620646881
2024-02-20 12:15:00,40.55137138279244
2024-02-20 12:20:00,42.86196035539599
2024-02-20 12:25:00,38.66379488645246
2024-02-20 12:30:00,37.325981358361794
2024-02-20 12:35:00,41.15976613721014
2024-02-20 12:40:00,47.19449581340557
2024-02-20 12:45:00,44.04137093823357
2024-02-20 12:50:00,38.56695943934736
2024-02-20 12:55:00,35.233842376142604
2024-02-20 13:00:00,33.78753546151404
2024-02-20 13:05:00,45.78020240370711
2024-02-20 13:10:00,36.69547544376187
2024-02-20 13:15:00,39.21375094432543
2024-02-20 13:20:00,45.80064910061549
2024-02-20 13:25:00,34.060198774389214
2024-02-20 13:30:00,46.48486263420541
2024-02-20 13:35:00,39.501242780735176
2024-02-20 13:40:00,35.921471335350226
2024-02-20 13:45:00,39.52640088770953
2024-02-20 13:50:00,37.62541747069927
2024-02-20 13:55:00,42.279083791928045
2024-02-20 14:00:00,40.0461531726181
2024-02-20 14:05:00,34.99211406449304
2024-02-20 14:10:00,41.75643277053325
2024-02-20 14:15:00,37.212502699023055
2024-02-20 14:20:00,43.45596244412248
2024-02-20 14:25:00,37.89016157903591
2024-02-20 14:30:00,40.68663169548086
2024-02-20 14:35:00,43.36903412502655
2024-02-20 14:40:00,41.78884800803213
2024-02-20 14:45:00,43.64040404017339
2024-02-20 14:50:00,45.35983157104024
2024-02-20 14:55:00,38.00694810924399
2024-02-20 15:00:00,48.939539420309
2024-02-20 15:05:00,35.87911439277531
2024-02-20 15:10:00,50.18646278953792
2024-02-20 15:15:00,47.993873061308456
2024-02-20 15:20:00,45.26333052889594
2024-02-20 15:25:00,50.46000727199392
2024-02-20 15:30:00,53.887919891548094
2024-02-20 15:35:00,47.29305859241205
2024-02-20 15:40:00,45.41787162184095
2024-02-20 15:45:00,49.85723063256268
2024-02-20 15:50:00,43.85470291622238
2024-02-20 15:55:00,46.55560410066567
2024-02-20 16:00:00,64.35963159944238
2024-02-20 16:05:00,59.71873987208952
2024-02-20 16:10:00,51.9521550970557
2024-02-20 16:15:00,52.28205636372276
2024-02-20 16:20:00,60.118365723427466
2024-02-20 16:25:00,62.91958525651112
2024-02-20 16:30:00,52.999537118335766
2024-02-20 16:35:00,61.2688733828264
2024-02-20 16:40:00,64.79139698279924
2024-02-20 16:45:00,67.02145890467492
2024-02-20 16:50:00,60.794913992279874
2024-02-20 16:55:00,61.49723333105026
2024-02-20 17:00:00,56.46726233764426
2024-02-20 17:05:00,73.3990102401408
2024-02-20 17:10:00,62.69803919577235
2024-02-20 17:15:00,61.26611541445667
2024-02-20 17:20:00,63.979175510398335
2024-02-20 17:25:00,71.04669370489856
2024-02-20 17:30:00,73.83218423833102
2024-02-20 17:35:00,65.5016347660602
2024-02-20 17:40:00,68.99233673857145
2024-02-20 17:45:00,65.17281624289885
2024-02-20 17:50:00,60.8488181560841
2024-02-20 17:55:00,70.90697473131
2024-02-20 18:00:00,56.981509655776215
2024-02-20 18:05:00,65.6121426706893
2024-02-20 18:10:00,64.6641848962781
2024-02-20 18:15:00,61.9261646330306
2024-02-20 18:20:00,66.78591860221918
2024-02-20 18:25:00,68.39940370994472
2024-02-20 18:30:00,58.76904612534452
2024-02-20 18:35:00,56.23484310353604
2024-02-20 18:40:00,52.01294022817588
2024-02-20 18:45:00,68.44874859892279
2024-02-20 18:50:00,57.71129154152797
2024-02-20 18:55:00,64.01016700560872
2024-02-20 19:00:00,46.23196455925032
2024-02-20 19:05:00,55.35004859293639
2024-02-20 19:10:00,46.396515662026594
2024-02-20 19:15:00,44.43010949481887
2024-02-20 19:20:00,48.36296030547325
2024-02-20 19:25:00,47.0698832254417
2024-02-20 19:30:00,51.5821851711331
2024-02-20 19:35:00,48.99140632051815
2024-02-20 19:40:00,51.70779560749593
2024-02-20 19:45:00,48.03290013694707
2024-02-20 19:50:00,46.536556545213024
2024-02-20 19:55:00,46.86274383770395
2024-02-20 20:00:00,50.81473580617072
2024-02-20 20:05:00,43.53566434295436
2024-02-20 20:10:00,34.69993177623444
2024-02-20 20:15:00,40.55414456023029
2024-02-20 20:20:00,43.02244474395012
2024-02-20 20:25:00,50.016579339048135
2024-02-20 20:30:00,46.74977547760621
2024-02-20 20:35:00,38.94810926811896
2024-02-20 20:40:00,52.30840362833642
2024-02-20 20:45:00,42.51033915484071
2024-02-20 20:50:00,47.6202998583464
2024-02-20 20:55:00,38.014946624447006
2024-02-20 21:00:00,30.86523859121476
2024-02-20 21:05:00,34.824165010744906
2024-02-20 21:10:00,27.45655706743553
2024-02-20 21:15:00,48.90624828122999
2024-02-20 21:20:00,41.316022647764015
2024-02-20 21:25:00,36.75931489842623
2024-02-20 21:30:00,42.26838709213884
2024-02-20 21:35:00,41.21522711693901
2024-02-20 21:40:00,42.94162455467432
2024-02-20 21:45:00,45.29601657676343
2024-02-20 21:50:00,39.29820636011829
2024-02-20 21:55:00,36.9385337478144
2024-02-20 22:00:00,43.359362210893366
2024-02-20 22:05:00,43.25759246494356
2024-02-20 22:10:00,40.45120458589107
2024-02-20 22:15:00,48.758478108128784
2024-02-20 22:20:00,38.29697286195909
2024-02-20 22:25:00,36.448829466864616
2024-02-20 22:30:00,41.7206270634321
2024-02-20 22:35:00,37.3485099257517
2024-02-20 22:40:00,42.03032744998527
2024-02-20 22:45:00,36.71622833004793
2024-02-20 22:50:00,38.44729222167815
2024-02-20 22:55:00,47.61162303356235
2024-02-20 23:00:00,38.380735818111454
2024-02-20 23:05:00,36.807679069032986
2024-02-20 23:10:00,44.68580039992817
2024-02-20 23:15:00,35.7989174439554
2024-02-20 23:20:00,37.2313123245139
2024-02-20 23:25:00,42.30932972713815
2024-02-20 23:30:00,43.75673094059534
2024-02-20 23:35:00,44.88499080942647
2024-02-20 23:40:00,37.01419791622023
2024-02-20 23:45:00,42.38711993704665
2024-02-20 23:50:00,38.13865244692545
2024-02-20 23:55:00,37.58046271105964
2024-02-21 00:00:00,44.81285450522438
2024-02-21 00:05:00,37.8017857926169
2024-02-21 00:10:00,41.11282176013916
2024-02-21 00:15:00,40.6223212529778
2024-02-21 00:20:00,35.71698587070123
2024-02-21 00:25:00,43.86437479748052
2024-02-21 00:30:00,42.241126950771054
2024-02-21 00:35:00,32.054840928573554
2024-02-21 00:40:00,41.10968782100461
2024-02-21 00:45:00,36.90810963938876
2024-02-21 00:50:00,44.38830460170575
2024-02-21 00:55:00,34.218404028932206
2024-02-21 01:00:00,38.57423567900359
2024-02-21 01:05:00,41.44824175747563
2024-02-21 01:10:00,40.21750473008927
2024-02-21 01:15:00,43.051976580377655
2024-02-21 01:20:00,33.92645560948461
2024-02-21 01:25:00,46.60780090099128
2024-02-21 01:30:00,42.10072218867485
2024-02-21 01:35:00,45.43901640552535
2024-02-21 01:40:00,43.49710423045473
2024-02-21 01:45:00,39.95370309570159
2024-02-21 01:50:00,34.863350709877125
2024-02-21 01:55:00,37.745930828526966
2024-02-21 02:00:00,46.3619556255729
2024-02-21 02:05:00,45.545453420748125
2024-02-21 02:10:00,37.52530237370784
2024-02-21 02:15:00,28.73048514931388
2024-02-21 02:20:00,39.15294335690212
2024-02-21 02:25:00,38.85289074160613
2024-02-21 02:30:00,39.004611845961065
2024-02-21 02:35:00,42.11785910144821
2024-02-21 02:40:00,43.50855261140925
2024-02-21 02:45:00,43.96490048252069
2024-02-21 02:50:00,41.78653885466407
2024-02-21 02:55:00,32.800619486432055
2024-02-21 03:00:00,38.693114693313646
2024-02-21 03:05:00,49.27427275828359
2024-02-21 03:10:00,41.554780563296745
2024-02-21 03:15:00,41.52919189786229
2024-02-21 03:20:00,41.49585738318226
2024-02-21 03:25:00,41.71943211411079
2024-02-21 03:30:00,30.52546489974313
2024-02-21 03:35:00,39.09981635644255
2024-02-21 03:40:00,39.90634229690807
2024-02-21 03:45:00,45.18389522110048
2024-02-21 03:50:00,40.248605202576016
2024-02-21 03:55:00,33.47186807767906
2024-02-21 04:00:00,42.26982579134904
2024-02-21 04:05:00,37.33417057369105
2024-02-21 04:10:00,35.68232660233636
2024-02-21 04:15:00,37.21283297979571
2024-02-21 04:20:00,42.71948608532009
2024-02-21 04:25:00,45.5845141257023
2024-02-21 04:30:00,42.48118894737237
2024-02-21 04:35:00,43.07756206113012
2024-02-21 04:40:00,42.44165025801404
2024-02-21 04:45:00,40.954777874103904
2024-02-21 04:50:00,43.33719170651306
2024-02-21 04:55:00,30.874367298384342
2024-02-21 05:00:00,43.60633014207527
2024-02-21 05:05:00,38.98227659836694
2024-02-21 05:10:00,47.8135870270325
2024-02-21 05:15:00,42.573355515988496
2024-02-21 05:20:00,43.285769089927264
2024-02-21 05:25:00,37.14168923984073
2024-02-21 05:30:00,47.22930029290735
2024-02-21 05:35:00,45.67128921795118
2024-02-21 05:40:00,45.38976826621796
2024-02-21 05:45:00,39.90988532818065
2024-02-21 05:50:00,40.06741735710342
2024-02-21 05:55:00,44.05637455463956
2024-02-21 06:00:00,48.25838959415288
2024-02-21 06:05:00,52.77595508585444
2024-02-21 06:10:00,42.3927328240782
2024-02-21 06:15:00,49.08620500951872
2024-02-21 06:20:00,58.22339709685105
2024-02-21 06:25:00,52.79432654712815
2024-02-21 06:30:00,51.70355789326906
2024-02-21 06:35:00,58.97728937783052
2024-02-21 06:40:00,41.69256875993935
2024-02-21 06:45:00,47.77513877599266
2024-02-21 06:50:00,49.43169054815553
2024-02-21 06:55:00,54.46978816716665
2024-02-21 07:00:00,66.86664894540229
2024-02-21 07:05:00,59.89999665655884
2024-02-21 07:10:00,67.35584078105954
2024-02-21 07:15:00,61.75076442320251
2024-02-21 07:20:00,68.21058199508602
2024-02-21 07:25:00,59.23345270000112
2024-02-21 07:30:00,62.8707770962247
2024-02-21 07:35:00,61.40335423098311
2024-02-21 07:40:00,67.5881449787522
2024-02-21 07:45:00,61.27289862622466
2024-02-21 07:50:00,63.19422937644232
2024-02-21 07:55:00,65.39126908314154
2024-02-21 08:00:00,72.18103397223518
2024-02-21 08:05:00,73.54781047002339
2024-02-21 08:10:00,70.84449914750937
2024-02-21 08:15:00,68.32700437901137
2024-02-21 08:20:00,68.6012050586957
2024-02-21 08:25:00,70.10268930096115
2024-02-21 08:30:00,70.99836994442823
2024-02-21 08:35:00,69.41131344873696
2024-02-21 08:40:00,70.07681372399288
2024-02-21 08:45:00,63.93098459784228
2024-02-21 08:50:00,72.66942117794942
2024-02-21 08:55:00,70.72444919568842
2024-02-21 09:00:00,67.37150795968587
2024-02-21 09:05:00,63.36466833514985
2024-02-21 09:10:00,56.41043599143437
2024-02-21 09:15:00,61.930241548294816
2024-02-21 09:20:00,62.56430661304785
2024-02-21 09:25:00,66.3356395272559
2024-02-21 09:30:00,55.082932127467934
2024-02-21 09:35:00,63.52874437331725
2024-02-21 09:40:00,65.41872716869474
2024-02-21 09:45:00,60.71807476439543
2024-02-21 09:50:00,63.6625383447889
2024-02-21 09:55:00,60.855880268922135
2024-02-21 10:00:00,48.11821113019651
2024-02-21 10:05:00,49.4028234625528
2024-02-21 10:10:00,48.19373489321003
2024-02-21 10:15:00,53.7709761108234
2024-02-21 10:20:00,48.09669535573656
2024-02-21 10:25:00,47.42486283488636
2024-02-21 10:30:00,58.10821753043621
2024-02-21 10:35:00,54.87946291037421
2024-02-21 10:40:00,43.59044942044127
2024-02-21 10:45:00,47.97742970366794
2024-02-21 10:50:00,52.006354749968914
2024-02-21 10:55:00,52.33152313200405
2024-02-21 11:00:00,37.20309051901053
2024-02-21 11:05:00,47.7993239532474
2024-02-21 11:10:00,46.46595965868461
2024-02-21 11:15:00,45.09266851011946
2024-02-21 11:20:00,48.59197594480659
2024-02-21 11:25:00,44.97422195224178
2024-02-21 11:30:00,44.959385498965496
2024-02-21 11:35:00,49.39577906924707
2024-02-21 11:40:00,47.569940304868936
2024-02-21 11:45:00,39.79903214631198
2024-02-21 11:50:00,45.697842696645765
2024-02-21 11:55:00,40.50799052212378
2024-02-21 12:00:00,42.61434872386883
2024-02-21 12:05:00,42.50418454814698
2024-02-21 12:10:00,35.06386127024378
2024-02-21 12:15:00,40.11034807482358
2024-02-21 12:20:00,41.65875861438933
2024-02-21 12:25:00,38.85256975609109
2024-02-21 12:30:00,41.85657028963076
2024-02-21 12:35:00,43.821321628072
2024-02-21 12:40:00,40.4753582631447
2024-02-21 12:45:00,41.49612842690076
2024-02-21 12:50:00,46.13142683429162
2024-02-21 12:55:00,42.49051685296863
2024-02-21 13:00:00,41.31910175500308
2024-02-21 13:05:00,36.68348707773974
2024-02-21 13:10:00,43.199908641860574
2024-02-21 13:15:00,41.83640439387293
2024-02-21 13:20:00,45.65076233111081
2024-02-21 13:25:00,40.703318769518425
2024-02-21 13:30:00,33.2507385957692
2024-02-21 13:35:00,33.71532112099213
2024-02-21 13:40:00,43.45852765134411
2024-02-21 13:45:00,38.235030205512565
2024-02-21 13:50:00,42.26287560074717
2024-02-21 13:55:00,40.97273517431461
2024-02-21 14:00:00,41.97132423739352
2024-02-21 14:05:00,42.25323776581632
2024-02-21 14:10:00,39.1771248879883
2024-02-21 14:15:00,42.57557215257052
2024-02-21 14:20:00,40.30070917699162
2024-02-21 14:25:00,41.14965682766639
2024-02-21 14:30:00,41.34408672933257
2024-02-21 14:35:00,41.73190982857433
2024-02-21 14:40:00,46.32737673419756
2024-02-21 14:45:00,42.11951959135043
2024-02-21 14:50:00,46.7334922545296
2024-02-21 14:55:00,48.790102713475136
2024-02-21 15:00:00,52.61690818703242
2024-02-21 15:05:00,51.33500372308187
2024-02-21 15:10:00,50.50445842074191
2024-02-21 15:15:00,52.65856441900811
2024-02-21 15:20:00,49.55457253719278
2024-02-21 15:25:00,53.13540896663662
2024-02-21 15:30:00,51.65355280396656
2024-02-21 15:35:00,47.75776773968627
2024-02-21 15:40:00,52.78053310321905
2024-02-21 15:45:00,49.5630496067181
2024-02-21 15:50:00,48.77260155235856
2024-02-21 15:55:00,47.29233294121188
2024-02-21 16:00:00,60.13409834433865
2024-02-21 16:05:00,63.4558734144923
2024-02-21 16:10:00,63.02578297521252
2024-02-21 16:15:00,60.88359814267619
2024-02-21 16:20:00,61.86859751574051
2024-02-21 16:25:00,64.5568101189306
2024-02-21 16:30:00,58.87015778815693
2024-02-21 16:35:00,55.00834293871954
2024-02-21 16:40:00,64.67454236155466
2024-02-21 16:45:00,57.35090994471749
2024-02-21 16:50:00,56.70867045946475
2024-02-21 16:55:00,52.28523193150216
2024-02-21 17:00:00,67.28513226081402
2024-02-21 17:05:00,58.51418954994795
2024-02-21 17:10:00,61.99896481738989
2024-02-21 17:15:00,67.35294722621707
2024-02-21 17:20:00,67.88768505779032
2024-02-21 17:25:00,62.3931834552839
2024-02-21 17:30:00,64.46338674018722
2024-02-21 17:35:00,61.50962194253222
2024-02-21 17:40:00,62.80641289691211
2024-02-21 17:45:00,66.06486108876847
2024-02-21 17:50:00,62.993413332971
2024-02-21 17:55:00,64.02313988745416
2024-02-21 18:00:00,53.6111928507315
2024-02-21 18:05:00,64.00184423642632
2024-02-21 18:10:00,61.51028594988603
2024-02-21 18:15:00,62.641641064550576
2024-02-21 18:20:00,64.63172087566922
2024-02-21 18:25:00,56.1691680750189
2024-02-21 18:30:00,58.03644164508968
2024-02-21 18:35:00,51.89068210687292
2024-02-21 18:40:00,72.03171121761072
2024-02-21 18:45:00,58.871678315932265
2024-02-21 18:50:00,63.624931176861416
2024-02-21 18:55:00,54.51737499985993
2024-02-21 19:00:00,53.18253973186029
2024-02-21 19:05:00,56.62734953588691
2024-02-21 19:10:00,48.95586303317632
2024-02-21 19:15:00,45.15346004292984
2024-02-21 19:20:00,48.641800425506105
2024-02-21 19:25:00,40.289939929459344
2024-02-21 19:30:00,49.04543922520088
2024-02-21 19:35:00,52.48085458654023
2024-02-21 19:40:00,49.05395545179419
2024-02-21 19:45:00,48.06042781053237
2024-02-21 19:50:00,51.30725849373638
2024-02-21 19:55:00,51.61308541708646
2024-02-21 20:00:00,35.99535836402589
2024-02-21 20:05:00,42.99027246316177
2024-02-21 20:10:00,52.37892111096359
2024-02-21 20:15:00,37.29491563145452
2024-02-21 20:20:00,42.29330528271435
2024-02-21 20:25:00,50.40196510225343
2024-02-21 20:30:00,47.05168124022132
2024-02-21 20:35:00,40.58139389094237
2024-02-21 20:40:00,43.45952213253703
2024-02-21 20:45:00,42.626533894107325
2024-02-21 20:50:00,39.64269339675995
2024-02-21 20:55:00,42.33797218407429
2024-02-21 21:00:00,39.33802644099224
2024-02-21 21:05:00,40.90888672452535
2024-02-21 21:10:00,37.46435824945421
2024-02-21 21:15:00,35.35141817123971
2024-02-21 21:20:00,40.29276787864887
2024-02-21 21:25:00,47.31836384493347
2024-02-21 21:30:00,40.78670267726954
2024-02-21 21:35:00,39.13151585649217
2024-02-21 21:40:00,43.47423419237234
2024-02-21 21:45:00,39.82461252183683
2024-02-21 21:50:00,47.93002267205479
2024-02-21 21:55:00,40.44224093503804
2024-02-21 22:00:00,42.850249606038346
2024-02-21 22:05:00,37.0298438238326
2024-02-21 22:10:00,42.06061836675234
2024-02-21 22:15:00,41.14863526118071
2024-02-21 22:20:00,39.82223685476886
2024-02-21 22:25:00,38.04123030872681
2024-02-21 22:30:00,37.4961406907962
2024-02-21 22:35:00,41.177672009324304
2024-02-21 22:40:00,42.56401779219159
2024-02-21 22:45:00,39.53961016822917
2024-02-21 22:50:00,41.19733306988886
2024-02-21 22:55:00,39.89660264087461
2024-02-21 23:00:00,40.39718934472372
2024-02-21 23:05:00,39.20130531439327
2024-02-21 23:10:00,40.0749755625754
2024-02-21 23:15:00,50.79524707237188
2024-02-21 23:20:00,41.24962244033187
2024-02-21 23:25:00,42.58427307882634
2024-02-21 23:30:00,41.75517966641456
2024-02-21 23:35:00,38.95181795191393
2024-02-21 23:40:00,45.179042098268845
2024-02-21 23:45:00,38.83843016339681
2024-02-21 23:50:00,44.22330344087238
2024-02-21 23:55:00,38.66625725283637
2024-02-22 00:00:00,36.16011329947908
2024-02-22 00:05:00,41.46158820900001
2024-02-22 00:10:00,35.581329951646815
2024-02-22 00:15:00,42.14256427612168
2024-02-22 00:20:00,35.223368751689975
2024-02-22 00:25:00,38.72397125416383
2024-02-22 00:30:00,34.27308458995628
2024-02-22 00:35:00,51.29667141366616
2024-02-22 00:40:00,33.38416513758998
2024-02-22 00:45:00,40.03925833764086
2024-02-22 00:50:00,44.573220473375294
2024-02-22 00:55:00,44.14554701040334
2024-02-22 01:00:00,43.40551204221431
2024-02-22 01:05:00,38.73123000063586
2024-02-22 01:10:00,45.404499338869776
2024-02-22 01:15:00,43.6537079167305
2024-02-22 01:20:00,40.84934202416368
2024-02-22 01:25:00,40.962466584428135
2024-02-22 01:30:00,38.78445296306028
2024-02-22 01:35:00,36.36153545018961
2024-02-22 01:40:00,44.94874745543663
2024-02-22 01:45:00,45.2489755279279
2024-02-22 01:50:00,36.46370698940208
2024-02-22 01:55:00,39.385002892937
2024-02-22 02:00:00,39.43000942828688
2024-02-22 02:05:00,39.87307867916136
2024-02-22 02:10:00,40.26088180847293
2024-02-22 02:15:00,43.791148140707314
2024-02-22 02:20:00,37.014833060175626
2024-02-22 02:25:00,36.61831432807196
2024-02-22 02:30:00,44.9501812626945
2024-02-22 02:35:00,38.1531233265974
2024-02-22 02:40:00,34.95156087981433
2024-02-22 02:45:00,38.06318252572312
2024-02-22 02:50:00,38.68349135314659
2024-02-22 02:55:00,46.22355320502566
2024-02-22 03:00:00,43.75721847359378
2024-02-22 03:05:00,44.6479960906158
2024-02-22 03:10:00,43.337808193473975
2024-02-22 03:15:00,43.84288831054808
2024-02-22 03:20:00,37.30558511776556
2024-02-22 03:25:00,39.26350500267289
2024-02-22 03:30:00,36.09825237199264
2024-02-22 03:35:00,39.21596150193869
2024-02-22 03:40:00,42.79433358782579
2024-02-22 03:45:00,40.59624676333581
2024-02-22 03:50:00,45.30383689992801
2024-02-22 03:55:00,35.49225045517795
2024-02-22 04:00:00,42.55042256945499
2024-02-22 04:05:00,35.556257959184755
2024-02-22 04:10:00,40.9261750433566
2024-02-22 04:15:00,43.51080285688794
2024-02-22 04:20:00,39.69145889936515
2024-02-22 04:25:00,42.753975583009854
2024-02-22 04:30:00,36.71053982733029
2024-02-22 04:35:00,33.8947092538765
2024-02-22 04:40:00,42.77758765661324
2024-02-22 04:45:00,47.52551010296496
2024-02-22 04:50:00,36.56528940598246
2024-02-22 04:55:00,45.43824588708921
2024-02-22 05:00:00,43.335670372121584
2024-02-22 05:05:00,37.81921065008363
2024-02-22 05:10:00,38.635955531447294
2024-02-22 05:15:00,43.22511583029854
2024-02-22 05:20:00,41.54412758515953
2024-02-22 05:25:00,37.91032482982298
2024-02-22 05:30:00,36.38581961195432
2024-02-22 05:35:00,39.77509942514992
2024-02-22 05:40:00,43.937212770180416
2024-02-22 05:45:00,43.13637372644339
2024-02-22 05:50:00,41.157024906855625
2024-02-22 05:55:00,43.96952551402188
2024-02-22 06:00:00,55.19649011459584
2024-02-22 06:05:00,52.61288927688168
2024-02-22 06:10:00,50.55114854958676
2024-02-22 06:15:00,54.74867126178784
2024-02-22 06:20:00,47.19698202627991
2024-02-22 06:25:00,50.13670507692368
2024-02-22 06:30:00,50.232031492743616
2024-02-22 06:35:00,46.088570201373706
2024-02-22 06:40:00,49.35688658600765
2024-02-22 06:45:00,42.73654451156388
2024-02-22 06:50:00,58.6850954257969
2024-02-22 06:55:00,47.28672808139984
2024-02-22 07:00:00,69.7084800181746
2024-02-22 07:05:00,63.51636151536732
2024-02-22 07:10:00,65.62348002111318
2024-02-22 07:15:00,61.408824299085616
2024-02-22 07:20:00,64.19574226033605
2024-02-22 07:25:00,65.9659820524431
2024-02-22 07:30:00,66.02223315006607
2024-02-22 07:35:00,66.46311705278677
2024-02-22 07:40:00,61.89069265233264
2024-02-22 07:45:00,61.442584802523925
2024-02-22 07:50:00,56.98731819141893
2024-02-22 07:55:00,65.45689953719709
2024-02-22 08:00:00,74.32951488542447
2024-02-22 08:05:00,76.46392675980242
2024-02-22 08:10:00,71.22069057845273
2024-02-22 08:15:00,66.93408094849643
2024-02-22 08:20:00,63.21161546697288
2024-02-22 08:25:00,74.1666669724641
2024-02-22 08:30:00,62.81489377302056
2024-02-22 08:35:00,68.63758372915564
2024-02-22 08:40:00,69.10277272835611
2024-02-22 08:45:00,69.72217948872662
2024-02-22 08:50:00,70.14321044027406
2024-02-22 08:55:00,70.552590265601
2024-02-22 09:00:00,53.70257325720739
2024-02-22 09:05:00,63.42264994500202
2024-02-22 09:10:00,54.445724009074006
2024-02-22 09:15:00,66.2928985978855
2024-02-22 09:20:00,61.143525682307065
2024-02-22 09:25:00,54.73587940462811
2024-02-22 09:30:00,60.10720759598001
2024-02-22 09:35:00,61.0837249487829
2024-02-22 09:40:00,68.12682477574153
2024-02-22 09:45:00,64.1505772725225
2024-02-22 09:50:00,64.74180608292383
2024-02-22 09:55:00,68.08891284240391
2024-02-22 10:00:00,50.65192571138011
2024-02-22 10:05:00,54.053254707207685
2024-02-22 10:10:00,53.77194731880604
2024-02-22 10:15:00,45.89062488880042
2024-02-22 10:20:00,56.92843717359739
2024-02-22 10:25:00,45.35529574279529
2024-02-22 10:30:00,54.705969460989465
2024-02-22 10:35:00,44.96821071545554
2024-02-22 10:40:00,53.441450015684765
2024-02-22 10:45:00,58.48416237567877
2024-02-22 10:50:00,50.184588236877225
2024-02-22 10:55:00,50.011080291665486
2024-02-22 11:00:00,45.6068219792255
2024-02-22 11:05:00,41.84747615810793
2024-02-22 11:10:00,50.43817679692939
2024-02-22 11:15:00,43.93383097979289
2024-02-22 11:20:00,41.8843839490752
2024-02-22 11:25:00,41.00391987037537
2024-02-22 11:30:00,39.43326810126602
2024-02-22 11:35:00,40.65404203492815
2024-02-22 11:40:00,41.76236840732372
2024-02-22 11:45:00,41.214505687963786
2024-02-22 11:50:00,40.53236088540969
2024-02-22 11:55:00,51.56042690336786
2024-02-22 12:00:00,36.47735021410976
2024-02-22 12:05:00,41.18426087065242
2024-02-22 12:10:00,42.96781455911121
2024-02-22 12:15:00,43.118162502402654
2024-02-22 12:20:00,40.36330221693783
2024-02-22 12:25:00,39.63492023267848
2024-02-22 12:30:00,42.40392048502574
2024-02-22 12:35:00,41.66381711998052
2024-02-22 12:40:00,39.56189518099767
2024-02-22 12:45:00,34.350216233169995
2024-02-22 12:50:00,38.72603563073473
2024-02-22 12:55:00,36.01152986523789
2024-02-22 13:00:00,37.847166396039874
2024-02-22 13:05:00,40.648697550373015
2024-02-22 13:10:00,41.95074917229165
2024-02-22 13:15:00,47.637615601474806
2024-02-22 13:20:00,38.366179080689925
2024-02-22 13:25:00,43.61430713740578
2024-02-22 13:30:00,41.73964469405653
2024-02-22 13:35:00,45.69979527886434
2024-02-22 13:40:00,42.820719474687685
2024-02-22 13:45:00,36.48187888715992
2024-02-22 13:50:00,33.62362047914026
2024-02-22 13:55:00,41.7608513949752
2024-02-22 14:00:00,40.52487891656765
2024-02-22 14:05:00,38.71742792436682
2024-02-22 14:10:00,37.568372090036895
2024-02-22 14:15:00,43.28258489851783
2024-02-22 14:20:00,48.669513705422666
2024-02-22 14:25:00,41.003993525345045
2024-02-22 14:30:00,44.9997641524705
2024-02-22 14:35:00,42.22961750729884
2024-02-22 14:40:00,37.48115455175564
2024-02-22 14:45:00,45.57792828221088
2024-02-22 14:50:00,38.25991473205973
2024-02-22 14:55:00,42.725189430543466
2024-02-22 15:00:00,47.8310479227866
2024-02-22 15:05:00,52.76943932107059
2024-02-22 15:10:00,44.96452561292508
2024-02-22 15:15:00,50.76060921401567
2024-02-22 15:20:00,45.83793995341302
2024-02-22 15:25:00,47.15270873349269
2024-02-22 15:30:00,34.65632867264742
2024-02-22 15:35:00,57.56552386927946
2024-02-22 15:40:00,51.39935731411276
2024-02-22 15:45:00,46.12773963905517
2024-02-22 15:50:00,44.698506829475846
2024-02-22 15:55:00,47.214534571290464
2024-02-22 16:00:00,62.33754109211817
2024-02-22 16:05:00,51.90168325050067
2024-02-22 16:10:00,58.903685275663015
2024-02-22 16:15:00,66.55259044269106
2024-02-22 16:20:00,54.93423760896915
2024-02-22 16:25:00,59.79156310789499
2024-02-22 16:30:00,68.2832622138714
2024-02-22 16:35:00,61.99862947160346
2024-02-22 16:40:00,59.97371823478219
2024-02-22 16:45:00,61.49656877247638
2024-02-22 16:50:00,57.866561612801554
2024-02-22 16:55:00,64.66854809405413
2024-02-22 17:00:00,63.40267995655599
2024-02-22 17:05:00,57.16327361321293
2024-02-22 17:10:00,63.43478763239499
2024-02-22 17:15:00,61.13306192865002
2024-02-22 17:20:00,63.87522399936712
2024-02-22 17:25:00,63.96366381183431
2024-02-22 17:30:00,69.78969284737647
2024-02-22 17:35:00,67.78117095481437
2024-02-22 17:40:00,66.05306199845842
2024-02-22 17:45:00,64.98821840282645
2024-02-22 17:50:00,60.76456801272486
2024-02-22 17:55:00,56.27529909749413
2024-02-22 18:00:00,59.9226596227729
2024-02-22 18:05:00,62.64858439149641
2024-02-22 18:10:00,59.03668404422341
2024-02-22 18:15:00,57.33060228605497
2024-02-22 18:20:00,61.32802823805862
2024-02-22 18:25:00,59.13669077470438
2024-02-22 18:30:00,66.21299634509761
2024-02-22 18:35:00,64.4009329454749
2024-02-22 18:40:00,63.30805180529509
2024-02-22 18:45:00,62.50095603404138
2024-02-22 18:50:00,54.30934991939594
2024-02-22 18:55:00,62.121994385412165
2024-02-22 19:00:00,50.70228985987455
2024-02-22 19:05:00,51.6226849428529
2024-02-22 19:10:00,51.167423976540455
2024-02-22 19:15:00,51.00803638068051
2024-02-22 19:20:00,60.00045190748663
2024-02-22 19:25:00,48.89224334948057
2024-02-22 19:30:00,52.94233555260557
2024-02-22 19:35:00,47.31302678823224
2024-02-22 19:40:00,52.35955236483893
2024-02-22 19:45:00,52.95426559021807
2024-02-22 19:50:00,50.65469033782964
2024-02-22 19:55:00,55.873973798794246
2024-02-22 20:00:00,39.09787646860495
2024-02-22 20:05:00,40.68609684737373
2024-02-22 20:10:00,43.48450095814058
2024-02-22 20:15:00,46.15820802798351
2024-02-22 20:20:00,43.35269869922635
2024-02-22 20:25:00,47.77801676008888
2024-02-22 20:30:00,39.988221130181344
2024-02-22 20:35:00,38.0726666560924
2024-02-22 20:40:00,43.86749396019264
2024-02-22 20:45:00,42.32625950959184
2024-02-22 20:50:00,44.8064354954795
2024-02-22 20:55:00,42.5253714505806
2024-02-22 21:00:00,39.097811809724526
2024-02-22 21:05:00,40.15814068532346
2024-02-22 21:10:00,40.57328655139109
2024-02-22 21:15:00,39.23796577282503
2024-02-22 21:20:00,39.64536278692464
2024-02-22 21:25:00,38.84351762427071
2024-02-22 21:30:00,43.88455145169598
2024-02-22 21:35:00,41.23397499024155
2024-02-22 21:40:00,49.48490086089342
2024-02-22 21:45:00,41.1007091773322
2024-02-22 21:50:00,38.2544610909037
2024-02-22 21:55:00,51.14059247167061
2024-02-22 22:00:00,41.70276686426303
2024-02-22 22:05:00,44.00876050097696
2024-02-22 22:10:00,42.416673286215655
2024-02-22 22:15:00,42.540305470596685
2024-02-22 22:20:00,42.19087755881559
2024-02-22 22:25:00,35.63992309430143
2024-02-22 22:30:00,41.51837754365134
2024-02-22 22:35:00,34.748816138004734
2024-02-22 22:40:00,39.35081000775556
2024-02-22 22:45:00,37.14579152715255
2024-02-22 22:50:00,41.47814209680059
2024-02-22 22:55:00,41.38476634275863
2024-02-22 23:00:00,41.92766880816292
2024-02-22 23:05:00,41.15227153609852
2024-02-22 23:10:00,37.575783877956574
2024-02-22 23:15:00,38.95907128769545
2024-02-22 23:20:00,43.68466989012011
2024-02-22 23:25:00,44.27451195427977
2024-02-22 23:30:00,35.41595285059597
2024-02-22 23:35:00,33.87937471505158
2024-02-22 23:40:00,37.09552771228332
2024-02-22 23:45:00,44.183915573231175
2024-02-22 23:50:00,44.86262136583431
2024-02-22 23:55:00,36.30423772349749
2024-02-23 00:00:00,41.22924079100059
2024-02-23 00:05:00,47.33772870861559
2024-02-23 00:10:00,41.661249285016574
2024-02-23 00:15:00,45.686016516987614
2024-02-23 00:20:00,43.994909656387634
2024-02-23 00:25:00,36.3592085511436
2024-02-23 00:30:00,39.240077682066925
2024-02-23 00:35:00,40.13902128922263
2024-02-23 00:40:00,40.4165369281406
2024-02-23 00:45:00,43.66531918980952
2024-02-23 00:50:00,41.63474242515687
2024-02-23 00:55:00,28.25519960094278
2024-02-23 01:00:00,34.74878246115086
2024-02-23 01:05:00,31.2506198936176
2024-02-23 01:10:00,40.70160451614311
2024-02-23 01:15:00,40.96209415139281
2024-02-23 01:20:00,41.13304338796464
2024-02-23 01:25:00,36.1644304826633
2024-02-23 01:30:00,42.696719574001726
2024-02-23 01:35:00,42.86519353939588
2024-02-23 01:40:00,34.979547284701134
2024-02-23 01:45:00,34.135990747726275
2024-02-23 01:50:00,39.999616808614014
2024-02-23 01:55:00,47.1672726479752
2024-02-23 02:00:00,46.80267326291717
2024-02-23 02:05:00,42.257319735914805
2024-02-23 02:10:00,37.08371560780229
2024-02-23 02:15:00,43.55107293207693
2024-02-23 02:20:00,38.19400523488643
2024-02-23 02:25:00,36.93367414742736
2024-02-23 02:30:00,31.42783496763462
2024-02-23 02:35:00,40.41323108751321
2024-02-23 02:40:00,37.48423289757309
2024-02-23 02:45:00,40.389423812236615
2024-02-23 02:50:00,30.80627150917435
2024-02-23 02:55:00,40.68300898445735
2024-02-23 03:00:00,30.33342896820032
2024-02-23 03:05:00,44.40967463716104
2024-02-23 03:10:00,42.14547856062717
2024-02-23 03:15:00,38.94325453838848
2024-02-23 03:20:00,42.30879306441515
2024-02-23 03:25:00,36.14561657343262
2024-02-23 03:30:00,40.3474156865464
2024-02-23 03:35:00,43.23700977792817
2024-02-23 03:40:00,27.680756627721276
2024-02-23 03:45:00,38.269016185376735
2024-02-23 03:50:00,39.96733710354133
2024-02-23 03:55:00,39.27273915310376
2024-02-23 04:00:00,46.377876471571646
2024-02-23 04:05:00,36.05386466697049
2024-02-23 04:10:00,38.06483219288111
2024-02-23 04:15:00,32.88599306142824
2024-02-23 04:20:00,46.59061577175461
2024-02-23 04:25:00,39.56430859622683
2024-02-23 04:30:00,38.7958336145152
2024-02-23 04:35:00,40.33953843741917
2024-02-23 04:40:00,43.094412480383326
2024-02-23 04:45:00,41.93892278072653
2024-02-23 04:50:00,51.14100602089038
2024-02-23 04:55:00,42.36521272027713
2024-02-23 05:00:00,41.30099502017961
2024-02-23 05:05:00,40.91654978676015
2024-02-23 05:10:00,41.590940927188704
2024-02-23 05:15:00,37.15462903833659
2024-02-23 05:20:00,43.321433566822286
2024-02-23 05:25:00,46.295849161691606
2024-02-23 05:30:00,40.708522334363
2024-02-23 05:35:00,39.93245651171949
2024-02-23 05:40:00,49.22575732203288
2024-02-23 05:45:00,37.45604411037128
2024-02-23 05:50:00,34.890703230946734
2024-02-23 05:55:00,38.55036896226641
2024-02-23 06:00:00,44.8746523666479
2024-02-23 06:05:00,52.581287491563415
2024-02-23 06:10:00,49.5935652333468
2024-02-23 06:15:00,50.15763505504973
2024-02-23 06:20:00,55.64811994304418
2024-02-23 06:25:00,48.271043790493984
2024-02-23 06:30:00,54.13674088212765
2024-02-23 06:35:00,57.0816744319579
2024-02-23 06:40:00,49.213733243090445
2024-02-23 06:45:00,53.98447465737034
2024-02-23 06:50:00,50.06911158502917
2024-02-23 06:55:00,54.732775750508246
2024-02-23 07:00:00,57.078066742184255
2024-02-23 07:05:00,56.78197451198796
2024-02-23 07:10:00,61.798952632859184
2024-02-23 07:15:00,59.80832425625026
2024-02-23 07:20:00,61.2971870547698
2024-02-23 07:25:00,62.48591716270079
2024-02-23 07:30:00,66.24407761983436
2024-02-23 07:35:00,61.733381178225606
2024-02-23 07:40:00,60.068578249997
2024-02-23 07:45:00,61.95796998545375
2024-02-23 07:50:00,60.28744237326288
2024-02-23 07:55:00,59.62800148423849
2024-02-23 08:00:00,63.54793278582282
2024-02-23 08:05:00,70.27791250501501
2024-02-23 08:10:00,67.72517721374248
2024-02-23 08:15:00,73.86511499706938
2024-02-23 08:20:00,64.21041567189494
2024-02-23 08:25:00,67.83166581993919
2024-02-23 08:30:00,77.25162892276569
2024-02-23 08:35:00,66.2415619717393
2024-02-23 08:40:00,69.05386703174621
2024-02-23 08:45:00,65.13662410882922
2024-02-23 08:50:00,64.60628998900678
2024-02-23 08:55:00,76.18924397248142
2024-02-23 09:00:00,64.0481842760701
2024-02-23 09:05:00,63.898741658472005
2024-02-23 09:10:00,56.57876136505662
2024-02-23 09:15:00,64.79899185795472
2024-02-23 09:20:00,67.99371408949682
2024-02-23 09:25:00,67.96193454883563
2024-02-23 09:30:00,66.03735922394615
2024-02-23 09:35:00,58.8460839951399
2024-02-23 09:40:00,64.61651997429348
2024-02-23 09:45:00,66.03436614742795
2024-02-23 09:50:00,56.18625196516591
2024-02-23 09:55:00,58.87890793959437
2024-02-23 10:00:00,54.58913215005184
2024-02-23 10:05:00,54.54068596976578
2024-02-23 10:10:00,44.8421707285925
2024-02-23 10:15:00,54.21658870015476
2024-02-23 10:20:00,51.41771645969254
2024-02-23 10:25:00,54.16053868150668
2024-02-23 10:30:00,48.4984175693423
2024-02-23 10:35:00,53.61723684900168
2024-02-23 10:40:00,54.41181796102057
2024-02-23 10:45:00,49.63116312125522
2024-02-23 10:50:00,51.107513047771214
2024-02-23 10:55:00,48.442416345059456
2024-02-23 11:00:00,49.77161777670162
2024-02-23 11:05:00,42.68397422465504
2024-02-23 11:10:00,39.47696468124938
2024-02-23 11:15:00,40.3017583264591
2024-02-23 11:20:00,43.67214438652656
2024-02-23 11:25:00,46.17838666907095
2024-02-23 11:30:00,37.82175460135602
2024-02-23 11:35:00,50.5557019937279
2024-02-23 11:40:00,44.39976315818057
2024-02-23 11:45:00,45.03088587383576
2024-02-23 11:50:00,42.77630380666436
2024-02-23 11:55:00,43.24209785136261
2024-02-23 12:00:00,40.00459796835811
2024-02-23 12:05:00,44.66891439621156
2024-02-23 12:10:00,40.56601617025424
2024-02-23 12:15:00,43.66593139403856
2024-02-23 12:20:00,38.86234042665743
2024-02-23 12:25:00,41.38029263331698
2024-02-23 12:30:00,37.38204914311004
2024-02-23 12:35:00,45.46384345026587
2024-02-23 12:40:00,37.262741557191255
2024-02-23 12:45:00,39.29781274302242
2024-02-23 12:50:00,39.33788887024874
2024-02-23 12:55:00,39.181924969372645
2024-02-23 13:00:00,43.405787674076926
2024-02-23 13:05:00,39.24917353735861
2024-02-23 13:10:00,46.09150271846947
2024-02-23 13:15:00,37.2419042517845
2024-02-23 13:20:00,41.19331447607601
2024-02-23 13:25:00,37.41266063905478
2024-02-23 13:30:00,42.199695726431045
2024-02-23 13:35:00,40.4520056883981
2024-02-23 13:40:00,39.89555641751127
2024-02-23 13:45:00,45.26970446231928
2024-02-23 13:50:00,37.89843711208477
2024-02-23 13:55:00,42.861865226777184
2024-02-23 14:00:00,39.56284325747004
2024-02-23 14:05:00,43.08942370881071
2024-02-23 14:10:00,37.85638159527543
2024-02-23 14:15:00,39.98861432294225
2024-02-23 14:20:00,42.31011072587775
2024-02-23 14:25:00,49.89727957746152
2024-02-23 14:30:00,43.04189839000831
2024-02-23 14:35:00,49.25735617163603
2024-02-23 14:40:00,43.51997607493288
2024-02-23 14:45:00,41.09034593026945
2024-02-23 14:50:00,48.79610899857198
2024-02-23 14:55:00,44.386753396462886
2024-02-23 15:00:00,46.62624320727697
2024-02-23 15:05:00,51.07941542040901
2024-02-23 15:10:00,48.02675058317738
2024-02-23 15:15:00,41.24099279812264
2024-02-23 15:20:00,52.9410222198703
2024-02-23 15:25:00,53.57686580537554
2024-02-23 15:30:00,56.54889770277693
2024-02-23 15:35:00,50.88570435158888
2024-02-23 15:40:00,48.202235886477695
2024-02-23 15:45:00,52.53708729232217
2024-02-23 15:50:00,52.59641104408345
2024-02-23 15:55:00,55.75025431535352
2024-02-23 16:00:00,59.2915124605746
2024-02-23 16:05:00,58.80770706256999
2024-02-23 16:10:00,56.607845273806255
2024-02-23 16:15:00,61.61987129974117
2024-02-23 16:20:00,53.27697627991702
2024-02-23 16:25:00,62.574372444290624
2024-02-23 16:30:00,61.82136344030353
2024-02-23 16:35:00,61.810303762673854
2024-02-23 16:40:00,60.02292389884773
2024-02-23 16:45:00,65.6019359429647
2024-02-23 16:50:00,62.95799681454782
2024-02-23 16:55:00,57.04171418733757
2024-02-23 17:00:00,62.64328384936625
2024-02-23 17:05:00,61.481304794498286
2024-02-23 17:10:00,67.20513337925918
2024-02-23 17:15:00,60.99944436319701
2024-02-23 17:20:00,69.33356862249025
2024-02-23 17:25:00,70.291893281539
2024-02-23 17:30:00,61.48393497235503
2024-02-23 17:35:00,64.25780590978542
2024-02-23 17:40:00,65.0664839736065
2024-02-23 17:45:00,68.53593269003551
2024-02-23 17:50:00,71.43737355059635
2024-02-23 17:55:00,58.25803047668253
2024-02-23 18:00:00,58.19729670709504
2024-02-23 18:05:00,58.40595279496038
2024-02-23 18:10:00,53.867340157655576
2024-02-23 18:15:00,57.52957949998552
2024-02-23 18:20:00,61.18109535460421
2024-02-23 18:25:00,58.35530396584354
2024-02-23 18:30:00,53.29153490277211
2024-02-23 18:35:00,70.96635036924143
2024-02-23 18:40:00,60.53473103801849
2024-02-23 18:45:00,59.91679609762847
2024-02-23 18:50:00,55.078314124933584
2024-02-23 18:55:00,60.51284422508687
2024-02-23 19:00:00,48.54013089312227
2024-02-23 19:05:00,41.64289237842662
2024-02-23 19:10:00,44.915964269230585
2024-02-23 19:15:00,52.376690099984025
2024-02-23 19:20:00,56.973056629290014
2024-02-23 19:25:00,50.665647649460425
2024-02-23 19:30:00,53.60931914246172
2024-02-23 19:35:00,48.57396479495541
2024-02-23 19:40:00,48.85080138656584
2024-02-23 19:45:00,53.56090213976611
2024-02-23 19:50:00,55.84809518600613
2024-02-23 19:55:00,54.401372803150736
2024-02-23 20:00:00,38.36952831250734
2024-02-23 20:05:00,42.36714505278564
2024-02-23 20:10:00,43.7450793519518
2024-02-23 20:15:00,41.5962687600165
2024-02-23 20:20:00,44.186410787709
2024-02-23 20:25:00,45.91728786072241
2024-02-23 20:30:00,46.64621962186718
2024-02-23 20:35:00,49.37846122293272
2024-02-23 20:40:00,41.31721619514728
2024-02-23 20:45:00,37.17884795468936
2024-02-23 20:50:00,44.06791899010443
2024-02-23 20:55:00,50.17022473878583
2024-02-23 21:00:00,38.54998753240211
2024-02-23 21:05:00,43.20527888047323
2024-02-23 21:10:00,43.24087414210892
2024-02-23 21:15:00,41.22365916159679
2024-02-23 21:20:00,40.48558985639321
2024-02-23 21:25:00,36.76417414933278
2024-02-23 21:30:00,31.331242682536043
2024-02-23 21:35:00,36.010488145562235
2024-02-23 21:40:00,38.89667437577155
2024-02-23 21:45:00,44.84758172190918
2024-02-23 21:50:00,40.04537872281285
2024-02-23 21:55:00,38.38178809654576
2024-02-23 22:00:00,36.48431958559197
2024-02-23 22:05:00,42.67548466744361
2024-02-23 22:10:00,45.48169001912811
2024-02-23 22:15:00,44.30200424087553
2024-02-23 22:20:00,42.472860152439566
2024-02-23 22:25:00,34.145810367873935
2024-02-23 22:30:00,38.64156438203061
2024-02-23 22:35:00,47.83747826896439
2024-02-23 22:40:00,44.53606332106659
2024-02-23 22:45:00,33.89824848046679
2024-02-23 22:50:00,39.82589926060861
2024-02-23 22:55:00,41.500655084049846
2024-02-23 23:00:00,36.95445139299729
2024-02-23 23:05:00,30.766269159466773
2024-02-23 23:10:00,40.3983814251679
2024-02-23 23:15:00,36.852052214620414
2024-02-23 23:20:00,36.86771828876344
2024-02-23 23:25:00,38.58436380537914
2024-02-23 23:30:00,39.46838158648292
2024-02-23 23:35:00,39.96675406871943
2024-02-23 23:40:00,36.46712564941416
2024-02-23 23:45:00,39.12224712656586
2024-02-23 23:50:00,32.97339176349115
2024-02-23 23:55:00,41.24724150657448
2024-02-24 00:00:00,10.574900203465754
2024-02-24 00:05:00,20.842041535095905
2024-02-24 00:10:00,25.6767464715382
2024-02-24 00:15:00,17.762639107731076
2024-02-24 00:20:00,24.865722671459984
2024-02-24 00:25:00,26.622932705313957
2024-02-24 00:30:00,8.76840204684083
2024-02-24 00:35:00,21.394550242527416
2024-02-24 00:40:00,10.496908146317285
2024-02-24 00:45:00,21.5271680745466
2024-02-24 00:50:00,21.971317012905075
2024-02-24 00:55:00,12.06982591318703
2024-02-24 01:00:00,29.69943240275644
2024-02-24 01:05:00,23.144142184975472
2024-02-24 01:10:00,18.603985226108836
2024-02-24 01:15:00,27.861596664431048
2024-02-24 01:20:00,14.817626071867704
2024-02-24 01:25:00,17.083394820363704
2024-02-24 01:30:00,12.802256859757378
2024-02-24 01:35:00,29.20425974059431
2024-02-24 01:40:00,23.329464440324987
2024-02-24 01:45:00,24.637686113830952
2024-02-24 01:50:00,23.20408389011088
2024-02-24 01:55:00,24.29514999901531
2024-02-24 02:00:00,22.31434711735139
2024-02-24 02:05:00,23.085721632597195
2024-02-24 02:10:00,22.43245000665923
2024-02-24 02:15:00,19.567669039490315
2024-02-24 02:20:00,21.815537200908757
2024-02-24 02:25:00,23.09641455481414
2024-02-24 02:30:00,22.444232739975952
2024-02-24 02:35:00,16.09094783075416
2024-02-24 02:40:00,16.622089587333793
2024-02-24 02:45:00,26.333401997432997
2024-02-24 02:50:00,20.774060078233823
2024-02-24 02:55:00,24.34093764991119
2024-02-24 03:00:00,17.663372854358173
2024-02-24 03:05:00,16.139268986661637
2024-02-24 03:10:00,18.657466043120905
2024-02-24 03:15:00,21.141592210162106
2024-02-24 03:20:00,19.37129129611011
2024-02-24 03:25:00,27.20758658567061
2024-02-24 03:30:00,22.749945699397603
2024-02-24 03:35:00,29.427606967495198
2024-02-24 03:40:00,23.649485109533423
2024-02-24 03:45:00,12.381649221568514
2024-02-24 03:50:00,26.25601891908197
2024-02-24 03:55:00,15.99364600336794
2024-02-24 04:00:00,23.22434271050947
2024-02-24 04:05:00,19.203471811008736
2024-02-24 04:10:00,30.87305217952086
2024-02-24 04:15:00,28.060599751384657
2024-02-24 04:20:00,19.334925474857084
2024-02-24 04:25:00,21.792777369179667
2024-02-24 04:30:00,23.280600320260987
2024-02-24 04:35:00,25.75586432791056
2024-02-24 04:40:00,22.418815690964166
2024-02-24 04:45:00,18.20262844414065
2024-02-24 04:50:00,19.431973484863903
2024-02-24 04:55:00,22.28428085615695
2024-02-24 05:00:00,28.676915120329536
2024-02-24 05:05:00,25.450438647414945
2024-02-24 05:10:00,20.645427498810708
2024-02-24 05:15:00,26.33257831610993
2024-02-24 05:20:00,22.19114784975813
2024-02-24 05:25:00,27.30071922601813
2024-02-24 05:30:00,33.847128878585195
2024-02-24 05:35:00,22.303781721496573
2024-02-24 05:40:00,26.94550784417625
2024-02-24 05:45:00,20.75751387711985
2024-02-24 05:50:00,23.29003213650558
2024-02-24 05:55:00,23.857336352759177
2024-02-24 06:00:00,27.29527613915228
2024-02-24 06:05:00,37.9220655344299
2024-02-24 06:10:00,26.843638480616278
2024-02-24 06:15:00,30.417416934469276
2024-02-24 06:20:00,20.349663302036078
2024-02-24 06:25:00,29.797997032808244
2024-02-24 06:30:00,32.63822914873879
2024-02-24 06:35:00,25.9596214090136
2024-02-24 06:40:00,18.02912221516815
2024-02-24 06:45:00,27.915403704020505
2024-02-24 06:50:00,28.13874618087192
2024-02-24 06:55:00,30.966310982307014
2024-02-24 07:00:00,42.89382506252288
2024-02-24 07:05:00,33.329998318467915
2024-02-24 07:10:00,31.42506042622802
2024-02-24 07:15:00,30.182541715383365
2024-02-24 07:20:00,35.64252738899554
2024-02-24 07:25:00,36.767629956143146
2024-02-24 07:30:00,32.6675913434188
2024-02-24 07:35:00,37.9649439037723
2024-02-24 07:40:00,36.71174922814584
2024-02-24 07:45:00,35.023139679448704
2024-02-24 07:50:00,31.24055403789264
2024-02-24 07:55:00,32.92275565893025
2024-02-24 08:00:00,28.780978831341702
2024-02-24 08:05:00,39.44314827886402
2024-02-24 08:10:00,38.60536517706163
2024-02-24 08:15:00,39.25391598642983
2024-02-24 08:20:00,40.51727608433013
2024-02-24 08:25:00,40.04328596780078
2024-02-24 08:30:00,38.05846729948775
2024-02-24 08:35:00,38.6946721947229
2024-02-24 08:40:00,32.88273435528721
2024-02-24 08:45:00,36.16511743931419
2024-02-24 08:50:00,38.70188423680573
2024-02-24 08:55:00,35.55658571842245
2024-02-24 09:00:00,38.29081765152701
2024-02-24 09:05:00,32.21568614421671
2024-02-24 09:10:00,35.715436113030094
2024-02-24 09:15:00,35.316477095298175
2024-02-24 09:20:00,37.83532484247847
2024-02-24 09:25:00,38.45337916415004
2024-02-24 09:30:00,37.62634491190859
2024-02-24 09:35:00,26.4261896625043
2024-02-24 09:40:00,39.62680706008934
2024-02-24 09:45:00,40.959447364815226
2024-02-24 09:50:00,32.92171733075095
2024-02-24 09:55:00,35.79680211872823
2024-02-24 10:00:00,24.50674985416981
2024-02-24 10:05:00,20.276562547764332
2024-02-24 10:10:00,25.115215512523395
2024-02-24 10:15:00,25.9095204168385
2024-02-24 10:20:00,26.65067364928568
2024-02-24 10:25:00,24.23442021466899
2024-02-24 10:30:00,25.136375907423982
2024-02-24 10:35:00,28.02605128817931
2024-02-24 10:40:00,24.989168642252373
2024-02-24 10:45:00,30.244173904893053
2024-02-24 10:50:00,30.7967191802827
2024-02-24 10:55:00,37.5916275593509
2024-02-24 11:00:00,28.243503818570808
2024-02-24 11:05:00,24.71319632339062
2024-02-24 11:10:00,21.259726903406246
2024-02-24 11:15:00,24.91577349677296
2024-02-24 11:20:00,25.047167929742383
2024-02-24 11:25:00,21.68753173405432
2024-02-24 11:30:00,26.875709677088476
2024-02-24 11:35:00,18.14839203134946
2024-02-24 11:40:00,22.76318474792692
2024-02-24 11:45:00,25.96421792734659
2024-02-24 11:50:00,22.59044749970857
2024-02-24 11:55:00,22.913766476359875
2024-02-24 12:00:00,21.777608341268127
2024-02-24 12:05:00,18.986346823286265
2024-02-24 12:10:00,27.024355512334083
2024-02-24 12:15:00,18.25660109834599
2024-02-24 12:20:00,23.60138909567679
2024-02-24 12:25:00,23.983343379166744
2024-02-24 12:30:00,18.53426418120138
2024-02-24 12:35:00,22.62116880356022
2024-02-24 12:40:00,18.69022309505844
2024-02-24 12:45:00,27.89292168626103
2024-02-24 12:50:00,17.773620038132396
2024-02-24 12:55:00,19.71316340910939
2024-02-24 13:00:00,17.386792494545528
2024-02-24 13:05:00,16.852897620497643
2024-02-24 13:10:00,28.648553691497025
2024-02-24 13:15:00,24.4547912236181
2024-02-24 13:20:00,22.844866230770027
2024-02-24 13:25:00,19.657384674580165
2024-02-24 13:30:00,25.914139772154925
2024-02-24 13:35:00,18.98680277049804
2024-02-24 13:40:00,25.458249705288264
2024-02-24 13:45:00,18.793647421545305
2024-02-24 13:50:00,19.70566172046516
2024-02-24 13:55:00,25.316822072439532
2024-02-24 14:00:00,26.906584976116136
2024-02-24 14:05:00,25.84116733508011
2024-02-24 14:10:00,19.252579136465886
2024-02-24 14:15:00,21.66436813660175
2024-02-24 14:20:00,24.07887056428712
2024-02-24 14:25:00,20.0541517518527
2024-02-24 14:30:00,28.93512664001024
2024-02-24 14:35:00,13.843487823690882
2024-02-24 14:40:00,20.336317538016456
2024-02-24 14:45:00,21.41300958801374
2024-02-24 14:50:00,12.075500940405997
2024-02-24 14:55:00,17.866359078548303
2024-02-24 15:00:00,29.559579320712583
2024-02-24 15:05:00,27.179555816756164
2024-02-24 15:10:00,33.35096535871592
2024-02-24 15:15:00,33.23932705408358
2024-02-24 15:20:00,28.790606784960094
2024-02-24 15:25:00,28.311374266547155
2024-02-24 15:30:00,27.32214570485991
2024-02-24 15:35:00,16.438093199026348
2024-02-24 15:40:00,21.480183217240008
2024-02-24 15:45:00,27.461123282940044
2024-02-24 15:50:00,29.522524105534995
2024-02-24 15:55:00,28.21710051909687
2024-02-24 16:00:00,29.13865275319957
2024-02-24 16:05:00,36.458137753940186
2024-02-24 16:10:00,38.63828873908075
2024-02-24 16:15:00,36.46047102522756
2024-02-24 16:20:00,36.66690994242408
2024-02-24 16:25:00,30.47160943224136
2024-02-24 16:30:00,37.0122491148654
2024-02-24 16:35:00,33.29154718137283
2024-02-24 16:40:00,34.75473473815022
2024-02-24 16:45:00,34.17023999536104
2024-02-24 16:50:00,32.22256420230056
2024-02-24 16:55:00,29.268502723572997
2024-02-24 17:00:00,35.42145337227008
2024-02-24 17:05:00,39.69704649641756
2024-02-24 17:10:00,33.98409680523462
2024-02-24 17:15:00,39.32338907691884
2024-02-24 17:20:00,38.69828270895695
2024-02-24 17:25:00,34.55425043840694
2024-02-24 17:30:00,41.30520044096457
2024-02-24 17:35:00,34.32781334172344
2024-02-24 17:40:00,41.78818747693679
2024-02-24 17:45:00,37.48650795265015
2024-02-24 17:50:00,35.686536352672206
2024-02-24 17:55:00,32.198794505135645
2024-02-24 18:00:00,32.355469846920805
2024-02-24 18:05:00,31.89347271348329
2024-02-24 18:10:00,27.67532522645735
2024-02-24 18:15:00,31.838049076590305
2024-02-24 18:20:00,29.493298047072628
2024-02-24 18:25:00,35.052477843376096
2024-02-24 18:30:00,37.93363267037378
2024-02-24 18:35:00,27.80084806228001
2024-02-24 18:40:00,39.557741680928665
2024-02-24 18:45:00,32.194306629920455
2024-02-24 18:50:00,28.80842522770692
2024-02-24 18:55:00,35.7395298882937
2024-02-24 19:00:00,25.272524403088347
2024-02-24 19:05:00,26.731395611982563
2024-02-24 19:10:00,25.441229339260225
2024-02-24 19:15:00,23.79139058864894
2024-02-24 19:20:00,29.95433044571616
2024-02-24 19:25:00,25.91313670453179
2024-02-24 19:30:00,21.31173514739156
2024-02-24 19:35:00,29.26258281297227
2024-02-24 19:40:00,22.23601291201352
2024-02-24 19:45:00,22.445301625407502
2024-02-24 19:50:00,31.8287671360178
2024-02-24 19:55:00,22.27298271926769
2024-02-24 20:00:00,14.183459910015682
2024-02-24 20:05:00,25.940685277571625
2024-02-24 20:10:00,22.23378561980112
2024-02-24 20:15:00,22.57861885317318
2024-02-24 20:20:00,22.191237764324843
2024-02-24 20:25:00,24.37591909380055
2024-02-24 20:30:00,20.43836237011337
2024-02-24 20:35:00,29.353698835988705
2024-02-24 20:40:00,17.54431741648805
2024-02-24 20:45:00,25.228739004434136
2024-02-24 20:50:00,26.01772335323198
2024-02-24 20:55:00,20.41063229439213
2024-02-24 21:00:00,18.156902253608823
2024-02-24 21:05:00,26.32053689140072
2024-02-24 21:10:00,18.288397018653235
2024-02-24 21:15:00,19.82518427171783
2024-02-24 21:20:00,25.801075884559083
2024-02-24 21:25:00,22.390804968876196
2024-02-24 21:30:00,15.063265364203678
2024-02-24 21:35:00,29.240076612934157
2024-02-24 21:40:00,20.131796999600237
2024-02-24 21:45:00,20.640810875094427
2024-02-24 21:50:00,23.27497704402556
2024-02-24 21:55:00,24.752147222736387
2024-02-24 22:00:00,29.870960909539
2024-02-24 22:05:00,15.386271146750346
2024-02-24 22:10:00,25.33035258007692
2024-02-24 22:15:00,24.99858252057344
2024-02-24 22:20:00,21.477884100876665
2024-02-24 22:25:00,25.17563852363802
2024-02-24 22:30:00,25.76363981491932
2024-02-24 22:35:00,16.498692604425116
2024-02-24 22:40:00,29.02560976789645
2024-02-24 22:45:00,15.791494731820563
2024-02-24 22:50:00,17.48527861941804
2024-02-24 22:55:00,20.979393049876748
2024-02-24 23:00:00,29.701458937554424
2024-02-24 23:05:00,20.76867036579265
2024-02-24 23:10:00,21.87396132460296
2024-02-24 23:15:00,27.73001130042445
2024-02-24 23:20:00,20.800424314544305
2024-02-24 23:25:00,17.287950033083494
2024-02-24 23:30:00,20.33275754385294
2024-02-24 23:35:00,27.48486422002931
2024-02-24 23:40:00,22.285156873026743
2024-02-24 23:45:00,29.724329921031234
2024-02-24 23:50:00,24.953436589854817
2024-02-24 23:55:00,19.422461139232265
2024-02-25 00:00:00,22.204307074690696
2024-02-25 00:05:00,18.587129384262862
2024-02-25 00:10:00,19.326269734235304
2024-02-25 00:15:00,39.91633886093341
2024-02-25 00:20:00,26.074499896965627
2024-02-25 00:25:00,25.44439381285708
2024-02-25 00:30:00,19.50728059559813
2024-02-25 00:35:00,28.2783381219547
2024-02-25 00:40:00,26.39766426400213
2024-02-25 00:45:00,29.526487014261463
2024-02-25 00:50:00,29.33245845042418
2024-02-25 00:55:00,16.083644704440296
2024-02-25 01:00:00,17.560720997357343
2024-02-25 01:05:00,17.984927692582428
2024-02-25 01:10:00,18.224316381107226
2024-02-25 01:15:00,23.29388841147853
2024-02-25 01:20:00,19.7328651460537
2024-02-25 01:25:00,30.290473117487046
2024-02-25 01:30:00,29.618798482763523
2024-02-25 01:35:00,21.97423257812081
2024-02-25 01:40:00,29.82138381903613
2024-02-25 01:45:00,27.95261746339778
2024-02-25 01:50:00,20.197252717727935
2024-02-25 01:55:00,13.963217578334726
2024-02-25 02:00:00,21.130162721924517
2024-02-25 02:05:00,19.42354773745354
2024-02-25 02:10:00,22.82805876235075
2024-02-25 02:15:00,22.358949409266422
2024-02-25 02:20:00,22.254106897364345
2024-02-25 02:25:00,24.096775227284088
2024-02-25 02:30:00,17.151948473432714
2024-02-25 02:35:00,23.64747737204626
2024-02-25 02:40:00,20.243571649699405
2024-02-25 02:45:00,22.801965061222177
2024-02-25 02:50:00,25.83167564269619
2024-02-25 02:55:00,17.10443716888331
2024-02-25 03:00:00,20.90667788256948
2024-02-25 03:05:00,21.5577155571323
2024-02-25 03:10:00,19.974776606965197
2024-02-25 03:15:00,25.631170477779587
2024-02-25 03:20:00,19.15029905804587
2024-02-25 03:25:00,19.810250895478404
2024-02-25 03:30:00,19.1921759614395
2024-02-25 03:35:00,26.400074139002964
2024-02-25 03:40:00,20.062076043598893
2024-02-25 03:45:00,23.872034056781985
2024-02-25 03:50:00,29.934672898168053
2024-02-25 03:55:00,21.732578811845418
2024-02-25 04:00:00,26.750450761796746
2024-02-25 04:05:00,28.987624378036628
2024-02-25 04:10:00,26.410974281825773
2024-02-25 04:15:00,22.23500277775316
2024-02-25 04:20:00,24.87063907765857
2024-02-25 04:25:00,17.152693669122733
2024-02-25 04:30:00,19.18203540906431
2024-02-25 04:35:00,19.88350731513644
2024-02-25 04:40:00,31.264656522361243
2024-02-25 04:45:00,19.051869984643048
2024-02-25 04:50:00,18.9923010366168
2024-02-25 04:55:00,18.126524120668183
2024-02-25 05:00:00,25.97833425299381
2024-02-25 05:05:00,24.3095727759463
2024-02-25 05:10:00,28.08612311337703
2024-02-25 05:15:00,26.424125869580187
2024-02-25 05:20:00,18.2175278183745
2024-02-25 05:25:00,20.509976125229286
2024-02-25 05:30:00,29.200402198374057
2024-02-25 05:35:00,22.92589422696355
2024-02-25 05:40:00,28.48945447734282
2024-02-25 05:45:00,23.140363413609503
2024-02-25 05:50:00,19.868461492116687
2024-02-25 05:55:00,22.526044094603947
2024-02-25 06:00:00,24.197811597131015
2024-02-25 06:05:00,25.807799729720102
2024-02-25 06:10:00,28.873713605590787
2024-02-25 06:15:00,30.116431140805883
2024-02-25 06:20:00,21.70924548631261
2024-02-25 06:25:00,28.00053874929341
2024-02-25 06:30:00,25.72354783709079
2024-02-25 06:35:00,25.476351543494552
2024-02-25 06:40:00,28.60074925586211
2024-02-25 06:45:00,25.868203288572957
2024-02-25 06:50:00,33.5985627587165
2024-02-25 06:55:00,32.82225828433404
2024-02-25 07:00:00,39.5775260966373
2024-02-25 07:05:00,32.87057213890793
2024-02-25 07:10:00,31.00021758119185
2024-02-25 07:15:00,35.1783326384216
2024-02-25 07:20:00,34.248819455724075
2024-02-25 07:25:00,32.41492027117568
2024-02-25 07:30:00,30.14727513420129
2024-02-25 07:35:00,34.684141043796856
2024-02-25 07:40:00,33.23393511985925
2024-02-25 07:45:00,37.60360106902122
2024-02-25 07:50:00,37.51063712695506
2024-02-25 07:55:00,39.25341214256001
2024-02-25 08:00:00,33.462817814551734
2024-02-25 08:05:00,40.10423325284642
2024-02-25 08:10:00,35.5901371971372
2024-02-25 08:15:00,33.61834317882755
2024-02-25 08:20:00,36.78559107427705
2024-02-25 08:25:00,42.77481994261036
2024-02-25 08:30:00,37.01072660778995
2024-02-25 08:35:00,44.761818661908336
2024-02-25 08:40:00,40.69551408415322
2024-02-25 08:45:00,36.92363810614958
2024-02-25 08:50:00,43.14019373769752
2024-02-25 08:55:00,40.28158711052903
2024-02-25 09:00:00,31.11997691425001
2024-02-25 09:05:00,42.28542501035889
2024-02-25 09:10:00,35.88812976038274
2024-02-25 09:15:00,34.9253992359788
2024-02-25 09:20:00,31.42808378841437
2024-02-25 09:25:00,39.56836753846778
2024-02-25 09:30:00,36.91931617748206
2024-02-25 09:35:00,37.3671671892178
2024-02-25 09:40:00,32.82008909393376
2024-02-25 09:45:00,38.18661675567711
2024-02-25 09:50:00,38.49746884232004
2024-02-25 09:55:00,32.17510151291234
2024-02-25 10:00:00,22.40211601596898
2024-02-25 10:05:00,30.39556881204864
2024-02-25 10:10:00,21.77668877626998
2024-02-25 10:15:00,28.67813968604406
2024-02-25 10:20:00,26.28109615554371
2024-02-25 10:25:00,32.94473741784863
2024-02-25 10:30:00,26.49870101162411
2024-02-25 10:35:00,32.499168462708155
2024-02-25 10:40:00,26.013238797240835
2024-02-25 10:45:00,32.070040594931385
2024-02-25 10:50:00,36.31144275004027
2024-02-25 10:55:00,23.79788802122798
2024-02-25 11:00:00,24.908926977000597
2024-02-25 11:05:00,34.73591375371722
2024-02-25 11:10:00,24.007139397688647
2024-02-25 11:15:00,23.987937170995554
2024-02-25 11:20:00,26.89477987948104
2024-02-25 11:25:00,23.905107546455977
2024-02-25 11:30:00,16.91188011179475
2024-02-25 11:35:00,28.269933589432718
2024-02-25 11:40:00,15.72899043461619
2024-02-25 11:45:00,22.07361748552359
2024-02-25 11:50:00,28.570487086703555
2024-02-25 11:55:00,22.31461437550582
2024-02-25 12:00:00,19.55396581617963
2024-02-25 12:05:00,25.84580740670349
2024-02-25 12:10:00,18.9242926386997
2024-02-25 12:15:00,17.439848907669433
2024-02-25 12:20:00,23.42680773601038
2024-02-25 12:25:00,21.597058592386883
2024-02-25 12:30:00,17.35405932928188
2024-02-25 12:35:00,24.87656194601673
2024-02-25 12:40:00,24.186702208346183
2024-02-25 12:45:00,20.88973171961472
2024-02-25 12:50:00,21.163423761537462
2024-02-25 12:55:00,24.210322754073875
2024-02-25 13:00:00,27.04513820697612
2024-02-25 13:05:00,21.152519687530557
2024-02-25 13:10:00,24.90244650000043
2024-02-25 13:15:00,24.544493396306247
2024-02-25 13:20:00,25.800921698803755
2024-02-25 13:25:00,22.440929322941717
2024-02-25 13:30:00,18.63439047170242
2024-02-25 13:35:00,20.433695915167974
2024-02-25 13:40:00,23.65510639109444
2024-02-25 13:45:00,29.557550041494224
2024-02-25 13:50:00,20.347614035182737
2024-02-25 13:55:00,25.502842302077447
2024-02-25 14:00:00,22.139049796786026
2024-02-25 14:05:00,23.89315062303761
2024-02-25 14:10:00,29.51286259654744
2024-02-25 14:15:00,26.5084459251748
2024-02-25 14:20:00,18.48607850852924
2024-02-25 14:25:00,21.161375504246703
2024-02-25 14:30:00,28.476160977258505
2024-02-25 14:35:00,24.018787770007048
2024-02-25 14:40:00,18.85591512102961
2024-02-25 14:45:00,20.17546581959818
2024-02-25 14:50:00,26.265249690337757
2024-02-25 14:55:00,27.428916724363585
2024-02-25 15:00:00,27.129842476473005
2024-02-25 15:05:00,36.95967647428871
2024-02-25 15:10:00,30.355030724366863
2024-02-25 15:15:00,26.084496992012703
2024-02-25 15:20:00,23.79559707814693
2024-02-25 15:25:00,23.158884051988142
2024-02-25 15:30:00,28.400106552465783
2024-02-25 15:35:00,25.10331309089068
2024-02-25 15:40:00,33.75339628647801
2024-02-25 15:45:00,32.923668482215746
2024-02-25 15:50:00,29.590687460533218
2024-02-25 15:55:00,22.342436578716725
2024-02-25 16:00:00,30.019637133852584
2024-02-25 16:05:00,37.731222727026605
2024-02-25 16:10:00,30.456247824881792
2024-02-25 16:15:00,37.1970795597403
2024-02-25 16:20:00,34.60692831620125
2024-02-25 16:25:00,32.915384163314954
2024-02-25 16:30:00,29.89718137232044
2024-02-25 16:35:00,32.3315372499632
2024-02-25 16:40:00,33.467104443561794
2024-02-25 16:45:00,36.83866821726669
2024-02-25 16:50:00,29.165570221527183
2024-02-25 16:55:00,31.65724525395774
2024-02-25 17:00:00,35.9292925542154
2024-02-25 17:05:00,38.40071345723092
2024-02-25 17:10:00,32.11614267639516
2024-02-25 17:15:00,30.483720854937403
2024-02-25 17:20:00,38.44586063332646
2024-02-25 17:25:00,29.678203566699448
2024-02-25 17:30:00,40.88991888553493
2024-02-25 17:35:00,35.12629563655463
2024-02-25 17:40:00,29.55987569738848
2024-02-25 17:45:00,33.82831914887228
2024-02-25 17:50:00,37.26649455876321
2024-02-25 17:55:00,33.61919567626635
2024-02-25 18:00:00,32.78862976275836
2024-02-25 18:05:00,35.66882423028212
2024-02-25 18:10:00,31.899749425910493
2024-02-25 18:15:00,28.96028006159644
2024-02-25 18:20:00,31.512574777973608
2024-02-25 18:25:00,38.36787131329801
2024-02-25 18:30:00,39.4487681487937
2024-02-25 18:35:00,24.62880607169187
2024-02-25 18:40:00,37.07262240422688
2024-02-25 18:45:00,33.709101631602394
2024-02-25 18:50:00,36.404441483941575
2024-02-25 18:55:00,30.50655772639045
2024-02-25 19:00:00,19.985288278102598
2024-02-25 19:05:00,29.396297470698386
2024-02-25 19:10:00,23.29443327097767
2024-02-25 19:15:00,21.50517259016913
2024-02-25 19:20:00,21.784736786214676
2024-02-25 19:25:00,29.46199744576988
2024-02-25 19:30:00,27.616152180225328
2024-02-25 19:35:00,30.18820640360724
2024-02-25 19:40:00,29.734643334094
2024-02-25 19:45:00,25.374608057773475
2024-02-25 19:50:00,26.77644802059872
2024-02-25 19:55:00,25.012592200978386
2024-02-25 20:00:00,22.60792824626368
2024-02-25 20:05:00,19.58022038580138
2024-02-25 20:10:00,25.011176513222985
2024-02-25 20:15:00,27.74972233365267
2024-02-25 20:20:00,20.182787218441696
2024-02-25 20:25:00,28.574317919331016
2024-02-25 20:30:00,23.90332532363741
2024-02-25 20:35:00,24.413555243348892
2024-02-25 20:40:00,16.65152125929557
2024-02-25 20:45:00,16.220190099462705
2024-02-25 20:50:00,24.02570478884437
2024-02-25 20:55:00,26.608167836253678
2024-02-25 21:00:00,19.566318260140285
2024-02-25 21:05:00,28.93221563705245
2024-02-25 21:10:00,25.19158393173736
2024-02-25 21:15:00,18.61847502788816
2024-02-25 21:20:00,22.37523470293413
2024-02-25 21:25:00,32.15955656961374
2024-02-25 21:30:00,17.281584023521276
2024-02-25 21:35:00,24.36491979038052
2024-02-25 21:40:00,20.960861823826725
2024-02-25 21:45:00,25.079425198394144
2024-02-25 21:50:00,27.320934619993626
2024-02-25 21:55:00,20.706891679874627
2024-02-25 22:00:00,26.50219283120183
2024-02-25 22:05:00,30.911357321460976
2024-02-25 22:10:00,22.29164269375007
2024-02-25 22:15:00,25.166098494349875
2024-02-25 22:20:00,19.664780663560038
2024-02-25 22:25:00,22.10358098049798
2024-02-25 22:30:00,21.319843373540163
2024-02-25 22:35:00,25.214287447007514
2024-02-25 22:40:00,26.845247487400837
2024-02-25 22:45:00,21.587924347903297
2024-02-25 22:50:00,28.161035127304824
2024-02-25 22:55:00,28.146733510619647
2024-02-25 23:00:00,25.3891118575258
2024-02-25 23:05:00,19.937590757919285
2024-02-25 23:10:00,19.554381617846587
2024-02-25 23:15:00,18.752171466046043
2024-02-25 23:20:00,25.79836116575884
2024-02-25 23:25:00,17.15462405484874
2024-02-25 23:30:00,24.709047501250225
2024-02-25 23:35:00,17.677259493509744
2024-02-25 23:40:00,25.29588136417409
2024-02-25 23:45:00,22.07057521572844
2024-02-25 23:50:00,27.336251132245508
2024-02-25 23:55:00,26.56751519809128
2024-02-26 00:00:00,45.74026502406369
2024-02-26 00:05:00,45.84327824921169
2024-02-26 00:10:00,40.57452671200803
2024-02-26 00:15:00,35.36483111035682
2024-02-26 00:20:00,35.78991115606573
2024-02-26 00:25:00,31.65260925879149
2024-02-26 00:30:00,35.66534004234286
2024-02-26 00:35:00,40.27529800687384
2024-02-26 00:40:00,37.76138665275459
2024-02-26 00:45:00,39.27946095841583
2024-02-26 00:50:00,41.970865053900845
2024-02-26 00:55:00,38.783742343792206
2024-02-26 01:00:00,35.51282835187143
2024-02-26 01:05:00,39.78720888326804
2024-02-26 01:10:00,36.40618160643039
2024-02-26 01:15:00,38.91699756560551
2024-02-26 01:20:00,45.37125141121378
2024-02-26 01:25:00,38.91812233713707
2024-02-26 01:30:00,47.08397376691275
2024-02-26 01:35:00,45.726687501273645
2024-02-26 01:40:00,37.6829223192056
2024-02-26 01:45:00,35.55564848785866
2024-02-26 01:50:00,39.78992690584099
2024-02-26 01:55:00,44.613454607109325
2024-02-26 02:00:00,38.04293866920784
2024-02-26 02:05:00,43.63606348717116
2024-02-26 02:10:00,44.83746225066695
2024-02-26 02:15:00,36.90759969267217
2024-02-26 02:20:00,37.29949794096825
2024-02-26 02:25:00,42.854350422630624
2024-02-26 02:30:00,40.61109249268888
2024-02-26 02:35:00,37.25945618794788
2024-02-26 02:40:00,38.59498050164425
2024-02-26 02:45:00,39.72162408321292
2024-02-26 02:50:00,33.74428459430075
2024-02-26 02:55:00,43.06627472005338
2024-02-26 03:00:00,38.14314486833006
2024-02-26 03:05:00,28.92304872889444
2024-02-26 03:10:00,39.96242975084902
2024-02-26 03:15:00,37.0916285885128
2024-02-26 03:20:00,46.81320239329754
2024-02-26 03:25:00,37.71613354040696
2024-02-26 03:30:00,35.66734016977239
2024-02-26 03:35:00,42.08964430393489
2024-02-26 03:40:00,37.4161241520565
2024-02-26 03:45:00,36.9400888190779
2024-02-26 03:50:00,42.09591915538445
2024-02-26 03:55:00,35.896044392528566
2024-02-26 04:00:00,34.72037453386422
2024-02-26 04:05:00,47.45346117503938
2024-02-26 04:10:00,42.86746411706461
2024-02-26 04:15:00,39.49263202668457
2024-02-26 04:20:00,40.53556032785429
2024-02-26 04:25:00,42.57292659912665
2024-02-26 04:30:00,44.44281896511571
2024-02-26 04:35:00,37.52556800140198
2024-02-26 04:40:00,42.01405527052476
2024-02-26 04:45:00,38.52265246182108
2024-02-26 04:50:00,39.793544188611534
2024-02-26 04:55:00,41.192240636521646
2024-02-26 05:00:00,43.13526244464525
2024-02-26 05:05:00,46.10424433006623
2024-02-26 05:10:00,45.11032297331832
2024-02-26 05:15:00,37.12929989936723
2024-02-26 05:20:00,37.73068390859417
2024-02-26 05:25:00,41.68310999781877
2024-02-26 05:30:00,50.47647778662324
2024-02-26 05:35:00,39.75560940684953
2024-02-26 05:40:00,42.32908589840493
2024-02-26 05:45:00,41.01659262902985
2024-02-26 05:50:00,40.94579920050362
2024-02-26 05:55:00,43.874935712476166
2024-02-26 06:00:00,56.63949233992769
2024-02-26 06:05:00,52.860256834667446
2024-02-26 06:10:00,47.82225938943672
2024-02-26 06:15:00,62.04930127835792
2024-02-26 06:20:00,51.35067611898959
2024-02-26 06:25:00,48.72749940961664
2024-02-26 06:30:00,56.68476873385545
2024-02-26 06:35:00,49.16010076336981
2024-02-26 06:40:00,57.68803785509486
2024-02-26 06:45:00,47.55381207127842
2024-02-26 06:50:00,56.75650479083056
2024-02-26 06:55:00,51.84057389227186
2024-02-26 07:00:00,68.52823242329907
2024-02-26 07:05:00,70.97108632729552
2024-02-26 07:10:00,58.83359433040433
2024-02-26 07:15:00,68.46711077552263
2024-02-26 07:20:00,57.72840787478773
2024-02-26 07:25:00,59.17528607149643
2024-02-26 07:30:00,60.1503856533196
2024-02-26 07:35:00,65.37857003720079
2024-02-26 07:40:00,63.49608700022878
2024-02-26 07:45:00,62.695479155838
2024-02-26 07:50:00,63.94896460857879
2024-02-26 07:55:00,65.72918184966323
2024-02-26 08:00:00,72.67299253589611
2024-02-26 08:05:00,74.37666738259122
2024-02-26 08:10:00,77.28013929120046
2024-02-26 08:15:00,69.9145505503648
2024-02-26 08:20:00,67.91564419160703
2024-02-26 08:25:00,72.45414455687146
2024-02-26 08:30:00,65.42298077507222
2024-02-26 08:35:00,67.28518351168425
2024-02-26 08:40:00,73.99752382570186
2024-02-26 08:45:00,69.50348654085988
2024-02-26 08:50:00,65.16723020669855
2024-02-26 08:55:00,64.04078777867001
2024-02-26 09:00:00,63.55889302309674
2024-02-26 09:05:00,67.93161245339356
2024-02-26 09:10:00,67.87820941564625
2024-02-26 09:15:00,63.80754831709286
2024-02-26 09:20:00,71.39966398190603
2024-02-26 09:25:00,62.94474484175967
2024-02-26 09:30:00,62.80975581193187
2024-02-26 09:35:00,53.09428266656551
2024-02-26 09:40:00,61.57457450887665
2024-02-26 09:45:00,66.7720864451555
2024-02-26 09:50:00,69.61987165296033
2024-02-26 09:55:00,60.04308777085237
2024-02-26 10:00:00,52.88551218025027
2024-02-26 10:05:00,55.22401899237122
2024-02-26 10:10:00,51.081335475861664
2024-02-26 10:15:00,41.90338103296915
2024-02-26 10:20:00,52.02566286137508
2024-02-26 10:25:00,54.08222535932164
2024-02-26 10:30:00,47.24681128300424
2024-02-26 10:35:00,50.01988473958052
2024-02-26 10:40:00,46.41451869456301
2024-02-26 10:45:00,40.75591266875666
2024-02-26 10:50:00,55.144520510228695
2024-02-26 10:55:00,51.02150872787066
2024-02-26 11:00:00,49.55576196877804
2024-02-26 11:05:00,46.594350749582816
2024-02-26 11:10:00,41.74822293529631
2024-02-26 11:15:00,42.83233934154047
2024-02-26 11:20:00,45.4297715450388
2024-02-26 11:25:00,47.03259564898108
2024-02-26 11:30:00,44.45574450492615
2024-02-26 11:35:00,47.58743456311604
2024-02-26 11:40:00,41.97838703526022
2024-02-26 11:45:00,39.17648779481536
2024-02-26 11:50:00,42.90582496771359
2024-02-26 11:55:00,43.98580154490284
2024-02-26 12:00:00,35.791588941110575
2024-02-26 12:05:00,35.25084218348123
2024-02-26 12:10:00,42.38727570596143
2024-02-26 12:15:00,38.972303114586026
2024-02-26 12:20:00,39.934366897419714
2024-02-26 12:25:00,39.15895985726443
2024-02-26 12:30:00,46.68013412712057
2024-02-26 12:35:00,45.64477516164772
2024-02-26 12:40:00,35.64831575991105
2024-02-26 12:45:00,38.46655766774593
2024-02-26 12:50:00,43.997747591946094
2024-02-26 12:55:00,43.00547546848069
2024-02-26 13:00:00,40.34997274698604
2024-02-26 13:05:00,35.96540377644824
2024-02-26 13:10:00,37.785644411691
2024-02-26 13:15:00,38.44873432612002
2024-02-26 13:20:00,41.62378192078158
2024-02-26 13:25:00,47.33071321509413
2024-02-26 13:30:00,37.768283657152665
2024-02-26 13:35:00,36.41166360608422
2024-02-26 13:40:00,40.08145868899341
2024-02-26 13:45:00,44.64276051836141
2024-02-26 13:50:00,34.728272729262365
2024-02-26 13:55:00,46.33034119980497
2024-02-26 14:00:00,41.95055745970653
2024-02-26 14:05:00,39.70140289891572
2024-02-26 14:10:00,36.23792576112057
2024-02-26 14:15:00,45.464766001851714
2024-02-26 14:20:00,41.95399812720307
2024-02-26 14:25:00,43.321504839187234
2024-02-26 14:30:00,39.03543594412376
2024-02-26 14:35:00,41.36229877116512
2024-02-26 14:40:00,40.692357922750254
2024-02-26 14:45:00,42.23631048665638
2024-02-26 14:50:00,39.96047360266597
2024-02-26 14:55:00,36.50195906542032
2024-02-26 15:00:00,60.11112856399426
2024-02-26 15:05:00,43.743512593457766
2024-02-26 15:10:00,49.92296561057798
2024-02-26 15:15:00,42.10901826911166
2024-02-26 15:20:00,41.20893983633593
2024-02-26 15:25:00,49.58843555021689
2024-02-26 15:30:00,49.89459993388104
2024-02-26 15:35:00,54.24312554601736
2024-02-26 15:40:00,50.79531694687065
2024-02-26 15:45:00,48.59788670782466
2024-02-26 15:50:00,45.398728606547806
2024-02-26 15:55:00,55.19317785574202
2024-02-26 16:00:00,63.18542793704126
2024-02-26 16:05:00,54.48470504184667
2024-02-26 16:10:00,59.6218778656829
2024-02-26 16:15:00,60.04623187894635
2024-02-26 16:20:00,58.08740832641769
2024-02-26 16:25:00,62.557424896067545
2024-02-26 16:30:00,62.79695550623308
2024-02-26 16:35:00,58.70808016161995
2024-02-26 16:40:00,58.34654596964973
2024-02-26 16:45:00,65.46585680351049
2024-02-26 16:50:00,63.20137852228932
2024-02-26 16:55:00,59.75946451247391
2024-02-26 17:00:00,58.48316389183662
2024-02-26 17:05:00,66.37600047337698
2024-02-26 17:10:00,67.79233390782751
2024-02-26 17:15:00,53.98191353456335
2024-02-26 17:20:00,66.00747784142894
2024-02-26 17:25:00,63.333232100973895
2024-02-26 17:30:00,64.11658292763863
2024-02-26 17:35:00,61.37047623710355
2024-02-26 17:40:00,64.40724288654226
2024-02-26 17:45:00,70.56796635288217
2024-02-26 17:50:00,63.21440605289477
2024-02-26 17:55:00,68.86229428332958
2024-02-26 18:00:00,56.24469470168333
2024-02-26 18:05:00,62.50504434782592
2024-02-26 18:10:00,59.47664299968957
2024-02-26 18:15:00,60.87811889235889
2024-02-26 18:20:00,59.49863260159172
2024-02-26 18:25:00,62.0365205069666
2024-02-26 18:30:00,49.199679105466736
2024-02-26 18:35:00,53.79071832337149
2024-02-26 18:40:00,61.138341569236346
2024-02-26 18:45:00,51.29586616161683
2024-02-26 18:50:00,57.34769815461293
2024-02-26 18:55:00,59.25265621305517
2024-02-26 19:00:00,45.88442547883666
2024-02-26 19:05:00,46.43074041851315
2024-02-26 19:10:00,50.283314829902615
2024-02-26 19:15:00,53.234165852407486
2024-02-26 19:20:00,45.36318850426902
2024-02-26 19:25:00,46.896753244538765
2024-02-26 19:30:00,46.27194213598007
2024-02-26 19:35:00,39.51146702177913
2024-02-26 19:40:00,49.76383319055828
2024-02-26 19:45:00,52.93585701260221
2024-02-26 19:50:00,53.263558858551775
2024-02-26 19:55:00,45.71392052352529
2024-02-26 20:00:00,37.62818841996605
2024-02-26 20:05:00,42.72140280441336
2024-02-26 20:10:00,45.952075360312485
2024-02-26 20:15:00,43.25438240728816
2024-02-26 20:20:00,43.79219915754167
2024-02-26 20:25:00,47.20230432499155
2024-02-26 20:30:00,39.67843437712381
2024-02-26 20:35:00,41.7551002673545
2024-02-26 20:40:00,49.17340266109142
2024-02-26 20:45:00,41.84773612165611
2024-02-26 20:50:00,37.565632750180335
2024-02-26 20:55:00,39.95755622904544
2024-02-26 21:00:00,36.70517156733338
2024-02-26 21:05:00,41.88654131502344
2024-02-26 21:10:00,36.87410295786324
2024-02-26 21:15:00,41.54202798366333
2024-02-26 21:20:00,37.51363009805575
2024-02-26 21:25:00,31.96437681862544
2024-02-26 21:30:00,41.68437012014604
2024-02-26 21:35:00,41.05174569840591
2024-02-26 21:40:00,42.52892223505371
2024-02-26 21:45:00,37.76594209555732
2024-02-26 21:50:00,37.339713070780846
2024-02-26 21:55:00,42.06375840614454
2024-02-26 22:00:00,46.124339643529616
2024-02-26 22:05:00,40.092933391431
2024-02-26 22:10:00,41.74660173759428
2024-02-26 22:15:00,38.76191061570287
2024-02-26 22:20:00,33.87373926591096
2024-02-26 22:25:00,43.917979030021925
2024-02-26 22:30:00,43.68191830975034
2024-02-26 22:35:00,42.89135745410647
2024-02-26 22:40:00,39.320479600036016
2024-02-26 22:45:00,42.43648575235986
2024-02-26 22:50:00,43.62330854295701
2024-02-26 22:55:00,46.52889609323252
2024-02-26 23:00:00,43.957189663691935
2024-02-26 23:05:00,40.258370145236725
2024-02-26 23:10:00,34.77007222340468
2024-02-26 23:15:00,40.62571843578913
2024-02-26 23:20:00,41.0293948284994
2024-02-26 23:25:00,42.83920434637539
2024-02-26 23:30:00,45.41865268239587
2024-02-26 23:35:00,39.62248319687505
2024-02-26 23:40:00,48.40703400435461
2024-02-26 23:45:00,32.96593716493986
2024-02-26 23:50:00,41.68045273494867
2024-02-26 23:55:00,36.80900367636606
2024-02-27 00:00:00,32.37111537730003
2024-02-27 00:05:00,39.1929058708586
2024-02-27 00:10:00,34.171312582371414
2024-02-27 00:15:00,39.35429178392397
2024-02-27 00:20:00,40.13908036843306
2024-02-27 00:25:00,44.47416901339904
2024-02-27 00:30:00,33.96966283699949
2024-02-27 00:35:00,43.63378403863833
2024-02-27 00:40:00,40.39232517717441
2024-02-27 00:45:00,44.115399990493614
2024-02-27 00:50:00,38.27299867593073
2024-02-27 00:55:00,34.671025029001456
2024-02-27 01:00:00,35.1301462486583
2024-02-27 01:05:00,34.8329137388533
2024-02-27 01:10:00,41.911400165204384
2024-02-27 01:15:00,45.907831642380565
2024-02-27 01:20:00,37.74033744690089
2024-02-27 01:25:00,42.5166847465529
2024-02-27 01:30:00,33.906375320979286
2024-02-27 01:35:00,40.72142855023096
2024-02-27 01:40:00,42.674394018870274
2024-02-27 01:45:00,34.20764445241429
2024-02-27 01:50:00,39.184609677602346
2024-02-27 01:55:00,42.86381211546403
2024-02-27 02:00:00,28.26861970520469
2024-02-27 02:05:00,45.34551454092957
2024-02-27 02:10:00,41.41841979768679
2024-02-27 02:15:00,42.87061288499197
2024-02-27 02:20:00,38.35282517734354
2024-02-27 02:25:00,33.112812367861174
2024-02-27 02:30:00,42.1399541193904
2024-02-27 02:35:00,39.67334099245655
2024-02-27 02:40:00,40.13216411585188
2024-02-27 02:45:00,44.354130234918415
2024-02-27 02:50:00,43.05195778957299
2024-02-27 02:55:00,47.688651962481046
2024-02-27 03:00:00,40.67333053958082
2024-02-27 03:05:00,37.29306387292236
2024-02-27 03:10:00,39.30424623645192
2024-02-27 03:15:00,41.720567114241256
2024-02-27 03:20:00,44.12133970005874
2024-02-27 03:25:00,34.189777818331955
2024-02-27 03:30:00,40.0920640848035
2024-02-27 03:35:00,46.496080252240304
2024-02-27 03:40:00,39.097078140076746
2024-02-27 03:45:00,43.78196104356325
2024-02-27 03:50:00,42.03038373295085
2024-02-27 03:55:00,43.88135605018675
2024-02-27 04:00:00,37.3104270002623
2024-02-27 04:05:00,37.3278624863997
2024-02-27 04:10:00,40.63055673515118
2024-02-27 04:15:00,34.42058201770078
2024-02-27 04:20:00,39.4705067402154
2024-02-27 04:25:00,41.5609757967247
2024-02-27 04:30:00,47.68801159446112
2024-02-27 04:35:00,42.16034192374131
2024-02-27 04:40:00,43.05038305015444
2024-02-27 04:45:00,45.20737255486205
2024-02-27 04:50:00,36.69083881108181
2024-02-27 04:55:00,39.88913851717808
2024-02-27 05:00:00,52.86362710407151
2024-02-27 05:05:00,42.84548784731791
2024-02-27 05:10:00,47.62769973198477
2024-02-27 05:15:00,47.01692824554837
2024-02-27 05:20:00,37.24952187930519
2024-02-27 05:25:00,44.40389384487968
2024-02-27 05:30:00,43.74896662567684
2024-02-27 05:35:00,44.48181188821768
2024-02-27 05:40:00,40.1455268176917
2024-02-27 05:45:00,38.6942986892073
2024-02-27 05:50:00,41.257936736772535
2024-02-27 05:55:00,42.77079674851913
2024-02-27 06:00:00,55.77632102554635
2024-02-27 06:05:00,58.30562651404752
2024-02-27 06:10:00,56.6227746200378
2024-02-27 06:15:00,54.47712407827247
2024-02-27 06:20:00,47.01902218594673
2024-02-27 06:25:00,49.40079853518711
2024-02-27 06:30:00,51.87608744479708
2024-02-27 06:35:00,48.50662708284039
2024-02-27 06:40:00,53.34520584525689
2024-02-27 06:45:00,53.91832766816224
2024-02-27 06:50:00,53.18154348540696
2024-02-27 06:55:00,55.13692165337541
2024-02-27 07:00:00,59.74565863763705
2024-02-27 07:05:00,67.09533830885813
2024-02-27 07:10:00,60.58144169200856
2024-02-27 07:15:00,59.600279681917804
2024-02-27 07:20:00,65.49248802923488
2024-02-27 07:25:00,68.22751774128527
2024-02-27 07:30:00,65.31607743799339
2024-02-27 07:35:00,63.44723958757952
2024-02-27 07:40:00,64.60463879689537
2024-02-27 07:45:00,63.90973116475846
2024-02-27 07:50:00,58.860219907947766
2024-02-27 07:55:00,58.39354291270968
2024-02-27 08:00:00,69.68469652223688
2024-02-27 08:05:00,70.31942738320791
2024-02-27 08:10:00,70.04532955360163
2024-02-27 08:15:00,72.70440649473035
2024-02-27 08:20:00,69.13809317547334
2024-02-27 08:25:00,72.25191676775012
2024-02-27 08:30:00,69.42165297082491
2024-02-27 08:35:00,77.29343588827656
2024-02-27 08:40:00,70.32285494703649
2024-02-27 08:45:00,79.36289048623341
2024-02-27 08:50:00,71.40804640449416
2024-02-27 08:55:00,69.14529135777784
2024-02-27 09:00:00,59.766234400482816
2024-02-27 09:05:00,57.59247200929074
2024-02-27 09:10:00,59.39825716793688
2024-02-27 09:15:00,59.84560106886556
2024-02-27 09:20:00,64.94330638717022
2024-02-27 09:25:00,61.25936482128076
2024-02-27 09:30:00,64.1117345157395
2024-02-27 09:35:00,68.49193975502826
2024-02-27 09:40:00,63.0127928989821
2024-02-27 09:45:00,71.68065309938873
2024-02-27 09:50:00,58.66078238416472
2024-02-27 09:55:00,62.761692112021805
2024-02-27 10:00:00,48.87925116863416
2024-02-27 10:05:00,54.7825292873061
2024-02-27 10:10:00,42.07733634161359
2024-02-27 10:15:00,45.264041706366825
2024-02-27 10:20:00,50.60711557327422
2024-02-27 10:25:00,57.24201374711604
2024-02-27 10:30:00,51.9398701992273
2024-02-27 10:35:00,45.630313046021136
2024-02-27 10:40:00,46.24783649231715
2024-02-27 10:45:00,57.72846167445788
2024-02-27 10:50:00,48.55196366789311
2024-02-27 10:55:00,47.26464937327901
2024-02-27 11:00:00,49.07455222448154
2024-02-27 11:05:00,47.20945000430606
2024-02-27 11:10:00,48.26130055502529
2024-02-27 11:15:00,39.36489446089484
2024-02-27 11:20:00,37.064639417900665
2024-02-27 11:25:00,43.69772793940893
2024-02-27 11:30:00,44.50556651425276
2024-02-27 11:35:00,44.62346919677743
2024-02-27 11:40:00,49.07779772451411
2024-02-27 11:45:00,36.22999362192511
2024-02-27 11:50:00,46.60384218714917
2024-02-27 11:55:00,38.77856180536883
2024-02-27 12:00:00,44.020671803511085
2024-02-27 12:05:00,38.69790370198221
2024-02-27 12:10:00,37.34184333650568
2024-02-27 12:15:00,38.15811969227092
2024-02-27 12:20:00,34.81528971696147
2024-02-27 12:25:00,40.75944627940159
2024-02-27 12:30:00,37.50703695742589
2024-02-27 12:35:00,43.74292344366884
2024-02-27 12:40:00,43.15795484419939
2024-02-27 12:45:00,47.35035873167888
2024-02-27 12:50:00,42.06304045423203
2024-02-27 12:55:00,42.680441588388014
2024-02-27 13:00:00,46.11620384361643
2024-02-27 13:05:00,38.0051538121984
2024-02-27 13:10:00,34.56277174501305
2024-02-27 13:15:00,41.31618083281875
2024-02-27 13:20:00,34.825270719447566
2024-02-27 13:25:00,50.33155928800674
2024-02-27 13:30:00,46.33779776462095
2024-02-27 13:35:00,49.1717099295115
2024-02-27 13:40:00,40.765592502957695
2024-02-27 13:45:00,42.71809897111157
2024-02-27 13:50:00,38.677902868494606
2024-02-27 13:55:00,44.04750381865219
2024-02-27 14:00:00,37.77651005996498
2024-02-27 14:05:00,32.46631015027009
2024-02-27 14:10:00,39.475840430214944
2024-02-27 14:15:00,36.816789005699945
2024-02-27 14:20:00,48.55038985280735
2024-02-27 14:25:00,49.90139272849047
2024-02-27 14:30:00,37.02696661851677
2024-02-27 14:35:00,47.80554533825416
2024-02-27 14:40:00,46.44422284217229
2024-02-27 14:45:00,36.3595761692937
2024-02-27 14:50:00,41.077612784442735
2024-02-27 14:55:00,40.31802801967113
2024-02-27 15:00:00,52.18911117731663
2024-02-27 15:05:00,44.282012179187774
2024-02-27 15:10:00,48.8016390801699
2024-02-27 15:15:00,46.45339156700936
2024-02-27 15:20:00,51.0904943163484
2024-02-27 15:25:00,48.32996145605611
2024-02-27 15:30:00,47.05614676704624
2024-02-27 15:35:00,48.34394328027951
2024-02-27 15:40:00,57.34130091416827
2024-02-27 15:45:00,47.52953103833027
2024-02-27 15:50:00,45.03310870967268
2024-02-27 15:55:00,51.53086385943168
2024-02-27 16:00:00,58.89592427514854
2024-02-27 16:05:00,53.80908722937448
2024-02-27 16:10:00,68.39600829365023
2024-02-27 16:15:00,58.06010717049377
2024-02-27 16:20:00,57.95854513699496
2024-02-27 16:25:00,60.10936436047275
2024-02-27 16:30:00,66.39049002967572
2024-02-27 16:35:00,52.75104164676439
2024-02-27 16:40:00,60.573966350522525
2024-02-27 16:45:00,67.81911160001488
2024-02-27 16:50:00,59.98493767579896
2024-02-27 16:55:00,54.52868703562645
2024-02-27 17:00:00,62.52641263631423
2024-02-27 17:05:00,65.827530167184
2024-02-27 17:10:00,70.32321571071628
2024-02-27 17:15:00,63.64265667049259
2024-02-27 17:20:00,68.30660723788657
2024-02-27 17:25:00,59.25852473996928
2024-02-27 17:30:00,59.22512656977662
2024-02-27 17:35:00,63.06879729341704
2024-02-27 17:40:00,70.75211493564989
2024-02-27 17:45:00,65.27549860621191
2024-02-27 17:50:00,66.15924483042332
2024-02-27 17:55:00,66.11231843045094
2024-02-27 18:00:00,63.90685150754869
2024-02-27 18:05:00,57.02913680705035
2024-02-27 18:10:00,62.2231600111547
2024-02-27 18:15:00,56.14648892178125
2024-02-27 18:20:00,67.40311020088481
2024-02-27 18:25:00,56.26845516001501
2024-02-27 18:30:00,55.94046236488728
2024-02-27 18:35:00,61.66869883115397
2024-02-27 18:40:00,59.78917330293106
2024-02-27 18:45:00,60.77742920224551
2024-02-27 18:50:00,60.37927475917104
2024-02-27 18:55:00,55.10845078197201
2024-02-27 19:00:00,55.65042174560618
2024-02-27 19:05:00,52.77115485284469
2024-02-27 19:10:00,54.63278583435671
2024-02-27 19:15:00,47.08366247284655
2024-02-27 19:20:00,50.86308020814893
2024-02-27 19:25:00,49.98645987822701
2024-02-27 19:30:00,53.70899653409428
2024-02-27 19:35:00,53.83797855660672
2024-02-27 19:40:00,49.96918924112071
2024-02-27 19:45:00,43.12518150191524
2024-02-27 19:50:00,56.315633577639005
2024-02-27 19:55:00,51.42093576404881
2024-02-27 20:00:00,40.20123244848205
2024-02-27 20:05:00,44.2611491671134
2024-02-27 20:10:00,36.590606420236526
2024-02-27 20:15:00,46.8563928839308
2024-02-27 20:20:00,36.75013363693001
2024-02-27 20:25:00,41.751642645898286
2024-02-27 20:30:00,43.61279841246882
2024-02-27 20:35:00,46.790339461975
2024-02-27 20:40:00,43.06115931978412
2024-02-27 20:45:00,45.17483210849682
2024-02-27 20:50:00,42.52231298024841
2024-02-27 20:55:00,42.506236810269485
2024-02-27 21:00:00,40.79979997361154
2024-02-27 21:05:00,39.701659288808855
2024-02-27 21:10:00,33.71160999989261
2024-02-27 21:15:00,37.38459699743184
2024-02-27 21:20:00,41.43699033666515
2024-02-27 21:25:00,39.461406958263474
2024-02-27 21:30:00,39.83465464349072
2024-02-27 21:35:00,39.16447629446349
2024-02-27 21:40:00,37.00349740129108
2024-02-27 21:45:00,38.48549312831317
2024-02-27 21:50:00,39.23056399466397
2024-02-27 21:55:00,40.47846353438575
2024-02-27 22:00:00,41.62177473128454
2024-02-27 22:05:00,39.32606018986274
2024-02-27 22:10:00,35.92964033063601
2024-02-27 22:15:00,34.45593319373056
2024-02-27 22:20:00,50.43801018290659
2024-02-27 22:25:00,35.52900123234744
2024-02-27 22:30:00,37.97376134834816
2024-02-27 22:35:00,42.11626256346143
2024-02-27 22:40:00,41.491703791668414
2024-02-27 22:45:00,42.13172412365199
2024-02-27 22:50:00,38.27739307527699
2024-02-27 22:55:00,41.00249363596388
2024-02-27 23:00:00,40.248459902065626
2024-02-27 23:05:00,38.75455977493702
2024-02-27 23:10:00,40.98472421218753
2024-02-27 23:15:00,44.224547432105
2024-02-27 23:20:00,39.91428435136087
2024-02-27 23:25:00,39.940896630527874
2024-02-27 23:30:00,44.27572938460611
2024-02-27 23:35:00,43.84852668437743
2024-02-27 23:40:00,46.338831008956106
2024-02-27 23:45:00,32.97816430718386
2024-02-27 23:50:00,43.62356197777973
2024-02-27 23:55:00,42.40940542671089
2024-02-28 00:00:00,36.45739378504218
2024-02-28 00:05:00,41.00635504805062
2024-02-28 00:10:00,44.20449036708723
2024-02-28 00:15:00,36.68336768611364
2024-02-28 00:20:00,41.77025309214647
2024-02-28 00:25:00,43.48541807897931
2024-02-28 00:30:00,35.71592512592929
2024-02-28 00:35:00,39.43086060627465
2024-02-28 00:40:00,41.20387688262488
2024-02-28 00:45:00,36.81547735388342
2024-02-28 00:50:00,36.48339057968106
2024-02-28 00:55:00,39.45982496860415
2024-02-28 01:00:00,43.20670242113653
2024-02-28 01:05:00,42.575079558290206
2024-02-28 01:10:00,36.5544926367764
2024-02-28 01:15:00,42.60881509398451
2024-02-28 01:20:00,36.65638444885573
2024-02-28 01:25:00,33.55946436154803
2024-02-28 01:30:00,38.53156926933284
2024-02-28 01:35:00,44.49202103986471
2024-02-28 01:40:00,42.62398576208726
2024-02-28 01:45:00,39.99385632402899
2024-02-28 01:50:00,38.33332161915754
2024-02-28 01:55:00,38.44109500905604
2024-02-28 02:00:00,40.43884191756578
2024-02-28 02:05:00,35.72995235073928
2024-02-28 02:10:00,38.61127291331741
2024-02-28 02:15:00,39.14142444868352
2024-02-28 02:20:00,34.599404460316606
2024-02-28 02:25:00,36.6499092905323
2024-02-28 02:30:00,41.645729460068125
2024-02-28 02:35:00,40.041749653886576
2024-02-28 02:40:00,38.76865512934906
2024-02-28 02:45:00,36.35799254397074
2024-02-28 02:50:00,46.31110159647947
2024-02-28 02:55:00,36.65178543540532
2024-02-28 03:00:00,41.06428485313378
2024-02-28 03:05:00,38.10643727179165
2024-02-28 03:10:00,40.20303079464017
2024-02-28 03:15:00,41.88835259184832
2024-02-28 03:20:00,34.57688726725529
2024-02-28 03:25:00,40.03144864747288
2024-02-28 03:30:00,44.82082822000621
2024-02-28 03:35:00,47.10392119805484
2024-02-28 03:40:00,39.5378577310663
2024-02-28 03:45:00,40.22463845295447
2024-02-28 03:50:00,48.90324573849296
2024-02-28 03:55:00,44.597610750483625
2024-02-28 04:00:00,38.080330889641154
2024-02-28 04:05:00,38.073535363117536
2024-02-28 04:10:00,44.3756670138111
2024-02-28 04:15:00,36.50532064647911
2024-02-28 04:20:00,44.90037617201744
2024-02-28 04:25:00,41.88666902166606
2024-02-28 04:30:00,42.62035222277032
2024-02-28 04:35:00,39.52253395274182
2024-02-28 04:40:00,38.03016994967639
2024-02-28 04:45:00,46.39744049013531
2024-02-28 04:50:00,39.56252004444813
2024-02-28 04:55:00,38.90572886036658
2024-02-28 05:00:00,42.84142846533671
2024-02-28 05:05:00,43.93406526772771
2024-02-28 05:10:00,39.038676229978144
2024-02-28 05:15:00,40.90249076002829
2024-02-28 05:20:00,40.68984844123171
2024-02-28 05:25:00,46.543097955283336
2024-02-28 05:30:00,39.61812646485638
2024-02-28 05:35:00,36.13890530582373
2024-02-28 05:40:00,35.29359848523133
2024-02-28 05:45:00,37.28045619815308
2024-02-28 05:50:00,48.60812954824839
2024-02-28 05:55:00,43.22680313479215
2024-02-28 06:00:00,53.0413795823739
2024-02-28 06:05:00,53.182334143630406
2024-02-28 06:10:00,51.26111890871437
2024-02-28 06:15:00,50.73725804853986
2024-02-28 06:20:00,55.21448895441765
2024-02-28 06:25:00,51.62036689239565
2024-02-28 06:30:00,56.632773152198745
2024-02-28 06:35:00,53.51970301630456
2024-02-28 06:40:00,48.565198141220975
2024-02-28 06:45:00,49.04784713966534
2024-02-28 06:50:00,48.12652400932797
2024-02-28 06:55:00,55.90657532294795
2024-02-28 07:00:00,61.743819680707134
2024-02-28 07:05:00,60.170132305290814
2024-02-28 07:10:00,64.64313565699662
2024-02-28 07:15:00,62.97535506699933
2024-02-28 07:20:00,64.54229754279
2024-02-28 07:25:00,70.92327910806472
2024-02-28 07:30:00,67.01630671620478
2024-02-28 07:35:00,63.47206570969697
2024-02-28 07:40:00,57.73032995566531
2024-02-28 07:45:00,61.3641735036548
2024-02-28 07:50:00,66.20820790267055
2024-02-28 07:55:00,58.67985933384208
2024-02-28 08:00:00,78.56388122545212
2024-02-28 08:05:00,70.0576662906729
2024-02-28 08:10:00,70.19539361296864
2024-02-28 08:15:00,67.33341926829878
2024-02-28 08:20:00,71.98695106723358
2024-02-28 08:25:00,65.36799281404177
2024-02-28 08:30:00,78.65957039653654
2024-02-28 08:35:00,75.26940525873874
2024-02-28 08:40:00,73.93718582091888
2024-02-28 08:45:00,64.43828401697147
2024-02-28 08:50:00,70.8216531219617
2024-02-28 08:55:00,74.83634563218672
2024-02-28 09:00:00,65.73644790295246
2024-02-28 09:05:00,59.355589886986415
2024-02-28 09:10:00,60.763651284286894
2024-02-28 09:15:00,61.55628175349755
2024-02-28 09:20:00,60.95027496756708
2024-02-28 09:25:00,69.47914164836274
2024-02-28 09:30:00,55.67997375022849
2024-02-28 09:35:00,65.98770286415686
2024-02-28 09:40:00,58.19481280580771
2024-02-28 09:45:00,59.519020355717245
2024-02-28 09:50:00,55.32509283804664
2024-02-28 09:55:00,61.167808580886046
2024-02-28 10:00:00,57.07942946923493
2024-02-28 10:05:00,52.09579983293718
2024-02-28 10:10:00,46.24305667508168
2024-02-28 10:15:00,55.10509356059532
2024-02-28 10:20:00,55.96171991735281
2024-02-28 10:25:00,51.452688787234415
2024-02-28 10:30:00,59.17549949568843
2024-02-28 10:35:00,54.32275936157653
2024-02-28 10:40:00,53.76711289224842
2024-02-28 10:45:00,47.82298803441291
2024-02-28 10:50:00,53.54609680556344
2024-02-28 10:55:00,51.90366797349604
2024-02-28 11:00:00,45.24437799264221
2024-02-28 11:05:00,40.42671950539278
2024-02-28 11:10:00,43.67745751939405
2024-02-28 11:15:00,39.89761598109827
2024-02-28 11:20:00,34.57653358209397
2024-02-28 11:25:00,47.15828025627164
2024-02-28 11:30:00,37.15550605520004
2024-02-28 11:35:00,43.59380784108777
2024-02-28 11:40:00,44.497070499754265
2024-02-28 11:45:00,44.47131404541032
2024-02-28 11:50:00,42.032745687565104
2024-02-28 11:55:00,44.249907883078
2024-02-28 12:00:00,42.48159879920837
2024-02-28 12:05:00,43.53758978307566
2024-02-28 12:10:00,47.53149587760477
2024-02-28 12:15:00,41.53450712606054
2024-02-28 12:20:00,40.85392590013853
2024-02-28 12:25:00,36.970814658667344
2024-02-28 12:30:00,42.34151581566507
2024-02-28 12:35:00,43.26726293263
2024-02-28 12:40:00,39.82851778294121
2024-02-28 12:45:00,42.77618053680387
2024-02-28 12:50:00,39.42766574587036
2024-02-28 12:55:00,43.28170112842341
2024-02-28 13:00:00,44.16621385242416
2024-02-28 13:05:00,44.11031606322712
2024-02-28 13:10:00,40.98718190087038
2024-02-28 13:15:00,36.355931989836975
2024-02-28 13:20:00,38.068152385737896
2024-02-28 13:25:00,42.8964338918441
2024-02-28 13:30:00,50.31105381926609
2024-02-28 13:35:00,39.15292151017685
2024-02-28 13:40:00,42.33915530985774
2024-02-28 13:45:00,38.29159436638757
2024-02-28 13:50:00,36.61993641930878
2024-02-28 13:55:00,37.81054114199573
2024-02-28 14:00:00,34.30879500135852
2024-02-28 14:05:00,48.05242315980021
2024-02-28 14:10:00,33.71816189651075
2024-02-28 14:15:00,41.58336998656668
2024-02-28 14:20:00,37.926171326768994
2024-02-28 14:25:00,39.10116204672039
2024-02-28 14:30:00,48.14477354712388
2024-02-28 14:35:00,43.44295086829478
2024-02-28 14:40:00,38.777098271442405
2024-02-28 14:45:00,40.28061437818317
2024-02-28 14:50:00,39.57675802640087
2024-02-28 14:55:00,42.46450021985368
2024-02-28 15:00:00,49.8886963219586
2024-02-28 15:05:00,56.77942867572207
2024-02-28 15:10:00,41.531926518817
2024-02-28 15:15:00,49.05788032377602
2024-02-28 15:20:00,47.93485881266974
2024-02-28 15:25:00,52.98332369367496
2024-02-28 15:30:00,50.6164020555214
2024-02-28 15:35:00,51.5585784152676
2024-02-28 15:40:00,50.57747432686816
2024-02-28 15:45:00,45.46916508167367
2024-02-28 15:50:00,54.04219156877988
2024-02-28 15:55:00,52.3911492012705
2024-02-28 16:00:00,63.13214211973934
2024-02-28 16:05:00,64.52622363486903
2024-02-28 16:10:00,61.14072335544821
2024-02-28 16:15:00,65.39399256931034
2024-02-28 16:20:00,60.98058123998693
2024-02-28 16:25:00,58.59378860074193
2024-02-28 16:30:00,59.443607310906906
2024-02-28 16:35:00,59.3746478802959
2024-02-28 16:40:00,57.392457664478194
2024-02-28 16:45:00,65.99757834632125
2024-02-28 16:50:00,60.65520441485504
2024-02-28 16:55:00,59.848976856172
2024-02-28 17:00:00,66.55309706786257
2024-02-28 17:05:00,76.91941811510543
2024-02-28 17:10:00,60.4731032937582
2024-02-28 17:15:00,61.61984600129173
2024-02-28 17:20:00,59.47771597836885
2024-02-28 17:25:00,64.06960309441489
2024-02-28 17:30:00,65.98207382146627
2024-02-28 17:35:00,63.138709974792526
2024-02-28 17:40:00,62.84109285554975
2024-02-28 17:45:00,65.56961951466937
2024-02-28 17:50:00,62.99156874883805
2024-02-28 17:55:00,66.24070335688819
2024-02-28 18:00:00,63.92695696417218
2024-02-28 18:05:00,62.178141456404994
2024-02-28 18:10:00,62.99407296586258
2024-02-28 18:15:00,63.81369322322865
2024-02-28 18:20:00,60.60133221767658
2024-02-28 18:25:00,58.83545547302936
2024-02-28 18:30:00,56.381007293668986
2024-02-28 18:35:00,57.90530692265888
2024-02-28 18:40:00,57.37527744649419
2024-02-28 18:45:00,62.39670888368541
2024-02-28 18:50:00,60.85714979557855
2024-02-28 18:55:00,62.257051028058974
2024-02-28 19:00:00,44.55563860488764
2024-02-28 19:05:00,54.92398396625256
2024-02-28 19:10:00,47.4890645432612
2024-02-28 19:15:00,44.7969194609896
2024-02-28 19:20:00,47.440114970001
2024-02-28 19:25:00,59.13204999963829
2024-02-28 19:30:00,47.64611856332198
2024-02-28 19:35:00,47.89660014340455
2024-02-28 19:40:00,48.42856730676954
2024-02-28 19:45:00,48.60250449556243
2024-02-28 19:50:00,46.07108176608323
2024-02-28 19:55:00,49.76983836211277
2024-02-28 20:00:00,46.93736024683994
2024-02-28 20:05:00,43.892137875961446
2024-02-28 20:10:00,38.19031941844668
2024-02-28 20:15:00,41.25759699431178
2024-02-28 20:20:00,40.4288710136401
2024-02-28 20:25:00,42.84673848698582
2024-02-28 20:30:00,47.956787300295886
2024-02-28 20:35:00,42.039449429963085
2024-02-28 20:40:00,42.28236113856506
2024-02-28 20:45:00,49.74555988932433
2024-02-28 20:50:00,46.13980458073326
2024-02-28 20:55:00,44.93130574247276
2024-02-28 21:00:00,48.29041743342545
2024-02-28 21:05:00,42.4171359913944
2024-02-28 21:10:00,32.51178240430826
2024-02-28 21:15:00,43.78855400373979
2024-02-28 21:20:00,34.08985714374375
2024-02-28 21:25:00,42.26591244654814
2024-02-28 21:30:00,33.602916675701394
2024-02-28 21:35:00,38.590469330618674
2024-02-28 21:40:00,39.00275285377887
2024-02-28 21:45:00,37.37741454329134
2024-02-28 21:50:00,39.06248298345355
2024-02-28 21:55:00,44.58813785366056
2024-02-28 22:00:00,37.19244970476748
2024-02-28 22:05:00,42.228824871447856
2024-02-28 22:10:00,36.185662794976494
2024-02-28 22:15:00,39.29026304783718
2024-02-28 22:20:00,41.34361841871549
2024-02-28 22:25:00,36.06214768693145
2024-02-28 22:30:00,34.80137962176293
2024-02-28 22:35:00,42.01577395572125
2024-02-28 22:40:00,44.54058295076825
2024-02-28 22:45:00,39.732001275456206
2024-02-28 22:50:00,38.21900972717888
2024-02-28 22:55:00,40.67096290415924
2024-02-28 23:00:00,40.22500492016369
2024-02-28 23:05:00,40.97469540794717
2024-02-28 23:10:00,29.89010484384731
2024-02-28 23:15:00,35.72666808043832
2024-02-28 23:20:00,36.62216482335475
2024-02-28 23:25:00,40.60655575914842
2024-02-28 23:30:00,40.74659677959124
2024-02-28 23:35:00,42.54780719983832
2024-02-28 23:40:00,41.03341224194392
2024-02-28 23:45:00,34.800144963552825
2024-02-28 23:50:00,45.79110371544241
2024-02-28 23:55:00,45.09075845879163
2024-02-29 00:00:00,34.967214215947536
2024-02-29 00:05:00,41.33082455355197
2024-02-29 00:10:00,37.61830583508318
2024-02-29 00:15:00,40.55545933285743
2024-02-29 00:20:00,44.21324449462272
2024-02-29 00:25:00,48.52042044133908
2024-02-29 00:30:00,43.00511419662568
2024-02-29 00:35:00,41.17974231649578
2024-02-29 00:40:00,38.64071870282205
2024-02-29 00:45:00,40.72854286009994
2024-02-29 00:50:00,45.43909094936849
2024-02-29 00:55:00,39.8211683490169
2024-02-29 01:00:00,36.455692948131166
2024-02-29 01:05:00,33.52138409145526
2024-02-29 01:10:00,42.05233502316277
2024-02-29 01:15:00,40.98929605603272
2024-02-29 01:20:00,37.41651086047258
2024-02-29 01:25:00,44.10420005635096
2024-02-29 01:30:00,38.31303609597124
2024-02-29 01:35:00,39.46156718622259
2024-02-29 01:40:00,39.93348702032999
2024-02-29 01:45:00,38.59633258496942
2024-02-29 01:50:00,40.94360381652005
2024-02-29 01:55:00,44.60620413725377
2024-02-29 02:00:00,35.43377470164891
2024-02-29 02:05:00,41.95778284801863
2024-02-29 02:10:00,40.69233697254836
2024-02-29 02:15:00,40.61875761230142
2024-02-29 02:20:00,43.49108057361896
2024-02-29 02:25:00,40.20089199499123
2024-02-29 02:30:00,41.92461934174541
2024-02-29 02:35:00,42.86716081240719
2024-02-29 02:40:00,37.98624149260017
2024-02-29 02:45:00,41.20043613737779
2024-02-29 02:50:00,39.00055186528007
2024-02-29 02:55:00,39.472975175243015
2024-02-29 03:00:00,38.7696680381735
2024-02-29 03:05:00,41.942235240474375
2024-02-29 03:10:00,40.38449246015985
2024-02-29 03:15:00,41.63608976135352
2024-02-29 03:20:00,39.98784417250384
2024-02-29 03:25:00,33.64142957420553
2024-02-29 03:30:00,40.18338728848566
2024-02-29 03:35:00,40.3120654447141
2024-02-29 03:40:00,41.02829737270067
2024-02-29 03:45:00,37.68299684934386
2024-02-29 03:50:00,35.27603475742478
2024-02-29 03:55:00,42.55634020366394
2024-02-29 04:00:00,39.45504294052535
2024-02-29 04:05:00,41.23444535740201
2024-02-29 04:10:00,39.42362884710885
2024-02-29 04:15:00,40.52522186356765
2024-02-29 04:20:00,38.7523277749188
2024-02-29 04:25:00,36.67713481004672
2024-02-29 04:30:00,42.444395809736655
2024-02-29 04:35:00,38.13698881375755
2024-02-29 04:40:00,41.20527509024127
2024-02-29 04:45:00,42.19131005427034
2024-02-29 04:50:00,38.202218304249705
2024-02-29 04:55:00,35.733926629170085
2024-02-29 05:00:00,52.86631919226815
2024-02-29 05:05:00,41.05088923307424
2024-02-29 05:10:00,45.655645371260576
2024-02-29 05:15:00,50.91983093513644
2024-02-29 05:20:00,46.32160772427152
2024-02-29 05:25:00,41.96020550154574
2024-02-29 05:30:00,42.89351118671549
2024-02-29 05:35:00,39.83154785790055
2024-02-29 05:40:00,46.68876244468691
2024-02-29 05:45:00,45.42705956909069
2024-02-29 05:50:00,41.104273463808966
2024-02-29 05:55:00,38.99327750846216
2024-02-29 06:00:00,45.75144828449032
2024-02-29 06:05:00,54.98243925036189
2024-02-29 06:10:00,51.517875750967335
2024-02-29 06:15:00,51.896321380476095
2024-02-29 06:20:00,47.74458873169566
2024-02-29 06:25:00,45.18237082192746
2024-02-29 06:30:00,54.88683753399162
2024-02-29 06:35:00,51.20453938313401
2024-02-29 06:40:00,54.66532187537557
2024-02-29 06:45:00,49.49265072908283
2024-02-29 06:50:00,50.089111862997655
2024-02-29 06:55:00,53.88957594162762
2024-02-29 07:00:00,66.29341581109145
2024-02-29 07:05:00,66.55428598323316
2024-02-29 07:10:00,62.18321848007856
2024-02-29 07:15:00,65.82221244309281
2024-02-29 07:20:00,67.80042135439622
2024-02-29 07:25:00,62.94493544576321
2024-02-29 07:30:00,61.31007003739313
2024-02-29 07:35:00,68.7350139057564
2024-02-29 07:40:00,60.746240558284114
2024-02-29 07:45:00,65.88192948094725
2024-02-29 07:50:00,63.1303342504099
2024-02-29 07:55:00,55.9977610265511
2024-02-29 08:00:00,74.51437631004502
2024-02-29 08:05:00,58.96858552194123
2024-02-29 08:10:00,62.06348777310026
2024-02-29 08:15:00,72.10932035805338
2024-02-29 08:20:00,72.10828483484316
2024-02-29 08:25:00,67.44968060862055
2024-02-29 08:30:00,70.59128840134368
2024-02-29 08:35:00,59.87427985701868
2024-02-29 08:40:00,72.8279018980131
2024-02-29 08:45:00,70.99890198834508
2024-02-29 08:50:00,69.81742862679552
2024-02-29 08:55:00,70.08336596868179
2024-02-29 09:00:00,65.33704301029364
2024-02-29 09:05:00,63.24842021153007
2024-02-29 09:10:00,55.86780429459663
2024-02-29 09:15:00,72.14935524361161
2024-02-29 09:20:00,68.16722958323531
2024-02-29 09:25:00,58.2242476577022
2024-02-29 09:30:00,61.98347738361515
2024-02-29 09:35:00,62.41988954489735
2024-02-29 09:40:00,67.67942457155736
2024-02-29 09:45:00,54.72695056424244
2024-02-29 09:50:00,61.36799324780235
2024-02-29 09:55:00,56.3214805321715
2024-02-29 10:00:00,49.89612079976472
2024-02-29 10:05:00,49.14649929073845
2024-02-29 10:10:00,51.35527913260892
2024-02-29 10:15:00,48.617005267041336
2024-02-29 10:20:00,48.032409297515976
2024-02-29 10:25:00,53.51512963013066
2024-02-29 10:30:00,52.85519382684839
2024-02-29 10:35:00,53.24209623419104
2024-02-29 10:40:00,50.3289025011147
2024-02-29 10:45:00,48.74954853417732
2024-02-29 10:50:00,50.56109293499499
2024-02-29 10:55:00,53.04115114335188
2024-02-29 11:00:00,34.45794317807071
2024-02-29 11:05:00,44.74150970344154
2024-02-29 11:10:00,44.40161473129729
2024-02-29 11:15:00,43.41366560630101
2024-02-29 11:20:00,42.567808294471405
2024-02-29 11:25:00,32.90058443822845
2024-02-29 11:30:00,41.40564892955648
2024-02-29 11:35:00,50.3228168262676
2024-02-29 11:40:00,43.216667164231325
2024-02-29 11:45:00,41.93590262725923
2024-02-29 11:50:00,43.23268676431855
2024-02-29 11:55:00,44.58415345647014
2024-02-29 12:00:00,43.233011498825576
2024-02-29 12:05:00,39.68220986743595
2024-02-29 12:10:00,42.29740892964246
2024-02-29 12:15:00,47.30433373111316
2024-02-29 12:20:00,44.62273371779858
2024-02-29 12:25:00,49.95893138349564
2024-02-29 12:30:00,37.970649086660856
2024-02-29 12:35:00,47.30248855007578
2024-02-29 12:40:00,37.43503596037734
2024-02-29 12:45:00,42.01199510702958
2024-02-29 12:50:00,43.52763663702012
2024-02-29 12:55:00,38.55462175244983
2024-02-29 13:00:00,40.86766170620229
2024-02-29 13:05:00,44.15764900611254
2024-02-29 13:10:00,37.67472100305755
2024-02-29 13:15:00,47.19333843449577
2024-02-29 13:20:00,34.977418097395784
2024-02-29 13:25:00,48.27457036721872
2024-02-29 13:30:00,44.52110913550355
2024-02-29 13:35:00,40.15690229099407
2024-02-29 13:40:00,38.905131751358255
2024-02-29 13:45:00,38.48769154514109
2024-02-29 13:50:00,39.97262203527712
2024-02-29 13:55:00,40.32182115010988
2024-02-29 14:00:00,47.659587894707535
2024-02-29 14:05:00,50.51329930970754
2024-02-29 14:10:00,43.43620259078524
2024-02-29 14:15:00,39.25616895621159
2024-02-29 14:20:00,40.45577874562444
2024-02-29 14:25:00,41.90631976972407
2024-02-29 14:30:00,38.5181944869821
2024-02-29 14:35:00,37.922917299739694
2024-02-29 14:40:00,51.02719175766131
2024-02-29 14:45:00,43.84913701195423
2024-02-29 14:50:00,39.30615037344782
2024-02-29 14:55:00,45.905097189600056
2024-02-29 15:00:00,44.483745083580445
2024-02-29 15:05:00,44.813081391323614
2024-02-29 15:10:00,45.98495997855085
2024-02-29 15:15:00,55.81518270626796
2024-02-29 15:20:00,48.18560931969433
2024-02-29 15:25:00,39.43030163519788
2024-02-29 15:30:00,54.0373933155102
2024-02-29 15:35:00,47.9716041261584
2024-02-29 15:40:00,41.7994975592942
2024-02-29 15:45:00,47.93039563095419
2024-02-29 15:50:00,51.28114516922744
2024-02-29 15:55:00,50.8133262489397
2024-02-29 16:00:00,66.66368286949964
2024-02-29 16:05:00,56.058951502560646
2024-02-29 16:10:00,59.656903433900254
2024-02-29 16:15:00,56.67174583852668
2024-02-29 16:20:00,53.30125137609147
2024-02-29 16:25:00,63.012132442064186
2024-02-29 16:30:00,61.32310122943045
2024-02-29 16:35:00,60.60473675163578
2024-02-29 16:40:00,61.17718372587495
2024-02-29 16:45:00,56.728131542086686
2024-02-29 16:50:00,55.4472426035676
2024-02-29 16:55:00,59.62061244151781
2024-02-29 17:00:00,69.64484565780329
2024-02-29 17:05:00,71.43230858997103
2024-02-29 17:10:00,68.18173087538656
2024-02-29 17:15:00,65.11669775522923
2024-02-29 17:20:00,66.07913576575658
2024-02-29 17:25:00,65.04637548545833
2024-02-29 17:30:00,60.896226689359125
2024-02-29 17:35:00,65.098589560999
2024-02-29 17:40:00,59.66069277780287
2024-02-29 17:45:00,64.50369114374467
2024-02-29 17:50:00,71.54442049054211
2024-02-29 17:55:00,68.29143693929024
2024-02-29 18:00:00,55.77754284025565
2024-02-29 18:05:00,59.18030329863264
2024-02-29 18:10:00,56.132514330182815
2024-02-29 18:15:00,59.21996450449293
2024-02-29 18:20:00,63.63445084330002
2024-02-29 18:25:00,62.08205133044138
2024-02-29 18:30:00,69.4065959001831
2024-02-29 18:35:00,64.23992918723205
2024-02-29 18:40:00,60.28602110151253
2024-02-29 18:45:00,62.17861947373494
2024-02-29 18:50:00,58.66024688046843
2024-02-29 18:55:00,54.96000258885579
2024-02-29 19:00:00,54.42009234243833
2024-02-29 19:05:00,53.23295193701484
2024-02-29 19:10:00,48.23276917091239
2024-02-29 19:15:00,50.2927289770136
2024-02-29 19:20:00,54.16074277882747
2024-02-29 19:25:00,52.58239173411233
2024-02-29 19:30:00,43.344581024289454
2024-02-29 19:35:00,50.17146611524755
2024-02-29 19:40:00,48.52645992733479
2024-02-29 19:45:00,53.64898882584297
2024-02-29 19:50:00,53.32115698441889
2024-02-29 19:55:00,54.47141734200043
2024-02-29 20:00:00,38.16340325916579
2024-02-29 20:05:00,39.498534477821664
2024-02-29 20:10:00,47.09131035858837
2024-02-29 20:15:00,40.26839735267684
2024-02-29 20:20:00,36.54924869038939
2024-02-29 20:25:00,44.76536656450288
2024-02-29 20:30:00,40.44610685298273
2024-02-29 20:35:00,49.79414369528022
2024-02-29 20:40:00,43.81971883000048
2024-02-29 20:45:00,43.27601776061328
2024-02-29 20:50:00,41.15800504758359
2024-02-29 20:55:00,48.998321949754505
2024-02-29 21:00:00,41.89210881177763
2024-02-29 21:05:00,38.82389289959352
2024-02-29 21:10:00,37.28155614579656
2024-02-29 21:15:00,40.16399875396148
2024-02-29 21:20:00,36.54730362359913
2024-02-29 21:25:00,44.573400738934126
2024-02-29 21:30:00,33.22452275612142
2024-02-29 21:35:00,39.89983485888607
2024-02-29 21:40:00,42.89842515257009
2024-02-29 21:45:00,41.82636865265698
2024-02-29 21:50:00,37.58875908015568
2024-02-29 21:55:00,43.09892579904455
2024-02-29 22:00:00,36.50410379986207
2024-02-29 22:05:00,39.95872272741845
2024-02-29 22:10:00,42.65562764132712
2024-02-29 22:15:00,41.899912471378144
2024-02-29 22:20:00,37.34810530772782
2024-02-29 22:25:00,44.83823941966315
2024-02-29 22:30:00,40.39503963934783
2024-02-29 22:35:00,43.0202429971623
2024-02-29 22:40:00,46.16466538009868
2024-02-29 22:45:00,44.51834354850412
2024-02-29 22:50:00,44.52877897872987
2024-02-29 22:55:00,40.81898107280358
2024-02-29 23:00:00,43.17882572874421
2024-02-29 23:05:00,40.85747154335944
2024-02-29 23:10:00,35.165787373988515
2024-02-29 23:15:00,41.21406041512234
2024-02-29 23:20:00,41.02852918005603
2024-02-29 23:25:00,42.338002691189445
2024-02-29 23:30:00,39.49109734424859
2024-02-29 23:35:00,36.95726301804677
2024-02-29 23:40:00,42.62910957780308
2024-02-29 23:45:00,34.74999609609318
2024-02-29 23:50:00,45.83836178852805
2024-02-29 23:55:00,39.0774130002822
